{
  "totalServePoints": 78,
  "firstServeIn": 47,
  "firstServeInPct": 0.6025641025641025,
  "firstServeWon": 43,
  "firstServeWinPct": 0.9148936170212766,
  "secondServeTotal": 31,
  "secondServeWon": 19,
  "secondServeWinPct": 0.6129032258064516,
  "aces": 8,
  "acePct": 0.10256410256410256,
  "doubleFaults": 0,
  "doubleFaultPct": 0
}