{
  "winning": [
    {
      "sequence": [
        "FOREHAND_RIGHT",
        "FOREHAND_RIGHT"
      ],
      "total": 15,
      "winnerRate": 0.4666666666666667,
      "uplift": 0.014492753623188415,
      "rankScore": 0.03924710436380017
    }
  ],
  "losing": [
    {
      "sequence": [
        "BACKHAND_LEFT",
        "BACKHAND_LEFT"
      ],
      "total": 15,
      "winnerRate": 0.06666666666666667,
      "uplift": -0.3855072463768116,
      "rankScore": -1.043972976077084
    }
  ]
}