{
  "totalServePoints": 1387,
  "firstServeIn": 920,
  "firstServeInPct": 0.6633020908435472,
  "firstServeWon": 595,
  "firstServeWinPct": 0.6467391304347826,
  "secondServeTotal": 467,
  "secondServeWon": 222,
  "secondServeWinPct": 0.4753747323340471,
  "aces": 40,
  "acePct": 0.02883922134102379,
  "doubleFaults": 0,
  "doubleFaultPct": 0
}