{
  "totalServePoints": 764,
  "firstServeIn": 445,
  "firstServeInPct": 0.5824607329842932,
  "firstServeWon": 334,
  "firstServeWinPct": 0.750561797752809,
  "secondServeTotal": 319,
  "secondServeWon": 148,
  "secondServeWinPct": 0.46394984326018807,
  "aces": 106,
  "acePct": 0.1387434554973822,
  "doubleFaults": 0,
  "doubleFaultPct": 0
}