{
  "totalServePoints": 113,
  "firstServeIn": 70,
  "firstServeInPct": 0.6194690265486725,
  "firstServeWon": 48,
  "firstServeWinPct": 0.6857142857142857,
  "secondServeTotal": 43,
  "secondServeWon": 17,
  "secondServeWinPct": 0.3953488372093023,
  "aces": 13,
  "acePct": 0.11504424778761062,
  "doubleFaults": 0,
  "doubleFaultPct": 0
}