{
  "totalServePoints": 12967,
  "firstServeIn": 8738,
  "firstServeInPct": 0.6738644250790468,
  "firstServeWon": 6297,
  "firstServeWinPct": 0.7206454566262303,
  "secondServeTotal": 4229,
  "secondServeWon": 2367,
  "secondServeWinPct": 0.5597067864743438,
  "aces": 655,
  "acePct": 0.050512840286882084,
  "doubleFaults": 0,
  "doubleFaultPct": 0
}