{
  "totalServePoints": 1393,
  "firstServeIn": 876,
  "firstServeInPct": 0.6288585786073223,
  "firstServeWon": 640,
  "firstServeWinPct": 0.730593607305936,
  "secondServeTotal": 517,
  "secondServeWon": 271,
  "secondServeWinPct": 0.5241779497098646,
  "aces": 150,
  "acePct": 0.10768126346015794,
  "doubleFaults": 0,
  "doubleFaultPct": 0
}