{
  "totalServePoints": 236,
  "firstServeIn": 139,
  "firstServeInPct": 0.5889830508474576,
  "firstServeWon": 88,
  "firstServeWinPct": 0.6330935251798561,
  "secondServeTotal": 97,
  "secondServeWon": 41,
  "secondServeWinPct": 0.422680412371134,
  "aces": 12,
  "acePct": 0.05084745762711865,
  "doubleFaults": 0,
  "doubleFaultPct": 0
}