{
  "totalServePoints": 1290,
  "firstServeIn": 770,
  "firstServeInPct": 0.5968992248062015,
  "firstServeWon": 608,
  "firstServeWinPct": 0.7896103896103897,
  "secondServeTotal": 520,
  "secondServeWon": 244,
  "secondServeWinPct": 0.46923076923076923,
  "aces": 226,
  "acePct": 0.17519379844961241,
  "doubleFaults": 0,
  "doubleFaultPct": 0
}