{
  "winning": [],
  "losing": [
    {
      "sequence": [
        "FOREHAND_RIGHT",
        "FOREHAND_RIGHT"
      ],
      "total": 24,
      "winnerRate": 0.20833333333333334,
      "uplift": -0.22535842293906808,
      "rankScore": -0.7162011992226777
    },
    {
      "sequence": [
        "FOREHAND_LEFT",
        "BACKHAND_CENTER"
      ],
      "total": 16,
      "winnerRate": 0.3125,
      "uplift": -0.12119175627240142,
      "rankScore": -0.3360148966692924
    }
  ]
}