{
  "totalServePoints": 137,
  "firstServeIn": 98,
  "firstServeInPct": 0.7153284671532847,
  "firstServeWon": 59,
  "firstServeWinPct": 0.6020408163265306,
  "secondServeTotal": 39,
  "secondServeWon": 17,
  "secondServeWinPct": 0.4358974358974359,
  "aces": 13,
  "acePct": 0.0948905109489051,
  "doubleFaults": 0,
  "doubleFaultPct": 0
}