{
  "winning": [
    {
      "sequence": [
        "FOREHAND_LEFT",
        "BACKHAND_LEFT"
      ],
      "total": 17,
      "winnerRate": 0.5882352941176471,
      "uplift": 0.17742448330683624,
      "rankScore": 0.5026814136672079
    },
    {
      "sequence": [
        "WIDE",
        "BACKHAND_CENTER"
      ],
      "total": 15,
      "winnerRate": 0.5333333333333333,
      "uplift": 0.12252252252252249,
      "rankScore": 0.3317971417566671
    }
  ],
  "losing": []
}