{
  "totalServePoints": 206,
  "firstServeIn": 149,
  "firstServeInPct": 0.7233009708737864,
  "firstServeWon": 103,
  "firstServeWinPct": 0.6912751677852349,
  "secondServeTotal": 57,
  "secondServeWon": 26,
  "secondServeWinPct": 0.45614035087719296,
  "aces": 5,
  "acePct": 0.024271844660194174,
  "doubleFaults": 0,
  "doubleFaultPct": 0
}