{
  "wins": [
    {
      "shotType": "BACKHAND",
      "total": 83,
      "winnerRate": 0.2289156626506024,
      "adjustedEffectiveness": -0.14058580362505743
    },
    {
      "shotType": "BACKHAND_SLICE",
      "total": 26,
      "winnerRate": 0.3076923076923077,
      "adjustedEffectiveness": -0.06180915858335212
    },
    {
      "shotType": "FOREHAND",
      "total": 155,
      "winnerRate": 0.3032258064516129,
      "adjustedEffectiveness": -0.06627565982404693
    },
    {
      "shotType": "SERVE",
      "total": 171,
      "winnerRate": 0.42105263157894735,
      "adjustedEffectiveness": 0.051551165303287516
    }
  ],
  "losses": []
}