{
  "winning": [],
  "losing": [
    {
      "sequence": [
        "FOREHAND_RIGHT",
        "FOREHAND_CENTER"
      ],
      "total": 15,
      "winnerRate": 0.13333333333333333,
      "uplift": -0.2361681329423265,
      "rankScore": -0.6395551599084007
    },
    {
      "sequence": [
        "FOREHAND_RIGHT",
        "FOREHAND_RIGHT"
      ],
      "total": 18,
      "winnerRate": 0.16666666666666666,
      "uplift": -0.20283479960899317,
      "rankScore": -0.5862679763083618
    }
  ]
}