{
  "totalServePoints": 152,
  "firstServeIn": 102,
  "firstServeInPct": 0.6710526315789473,
  "firstServeWon": 75,
  "firstServeWinPct": 0.7352941176470589,
  "secondServeTotal": 50,
  "secondServeWon": 26,
  "secondServeWinPct": 0.52,
  "aces": 8,
  "acePct": 0.05263157894736842,
  "doubleFaults": 0,
  "doubleFaultPct": 0
}