{
  "totalServePoints": 699,
  "firstServeIn": 432,
  "firstServeInPct": 0.6180257510729614,
  "firstServeWon": 308,
  "firstServeWinPct": 0.7129629629629629,
  "secondServeTotal": 267,
  "secondServeWon": 136,
  "secondServeWinPct": 0.5093632958801498,
  "aces": 55,
  "acePct": 0.07868383404864092,
  "doubleFaults": 0,
  "doubleFaultPct": 0
}