{
  "totalServePoints": 166,
  "firstServeIn": 106,
  "firstServeInPct": 0.6385542168674698,
  "firstServeWon": 68,
  "firstServeWinPct": 0.6415094339622641,
  "secondServeTotal": 60,
  "secondServeWon": 27,
  "secondServeWinPct": 0.45,
  "aces": 12,
  "acePct": 0.07228915662650602,
  "doubleFaults": 0,
  "doubleFaultPct": 0
}