{
  "totalServePoints": 1629,
  "firstServeIn": 1009,
  "firstServeInPct": 0.6193984039287906,
  "firstServeWon": 752,
  "firstServeWinPct": 0.7452923686818632,
  "secondServeTotal": 620,
  "secondServeWon": 296,
  "secondServeWinPct": 0.4774193548387097,
  "aces": 161,
  "acePct": 0.09883364027010436,
  "doubleFaults": 0,
  "doubleFaultPct": 0
}