{
  "wins": [],
  "losses": [
    {
      "shotType": "BACKHAND",
      "total": 125,
      "winnerRate": 0.328,
      "adjustedEffectiveness": -0.03221505376344086
    },
    {
      "shotType": "BACKHAND_SLICE",
      "total": 45,
      "winnerRate": 0.4222222222222222,
      "adjustedEffectiveness": 0.06200716845878135
    },
    {
      "shotType": "FOREHAND",
      "total": 186,
      "winnerRate": 0.4731182795698925,
      "adjustedEffectiveness": 0.11290322580645162
    },
    {
      "shotType": "SERVE",
      "total": 185,
      "winnerRate": 0.40540540540540543,
      "adjustedEffectiveness": 0.045190351641964555
    }
  ]
}