{
  "winning": [
    {
      "sequence": [
        "FOREHAND_RIGHT",
        "FOREHAND_RIGHT"
      ],
      "total": 34,
      "winnerRate": 0.6176470588235294,
      "uplift": 0.25743200506008856,
      "rankScore": 0.9077980604166843
    },
    {
      "sequence": [
        "FOREHAND_CENTER",
        "FOREHAND_RIGHT"
      ],
      "total": 18,
      "winnerRate": 0.6111111111111112,
      "uplift": 0.2508960573476703,
      "rankScore": 0.7251828783252027
    },
    {
      "sequence": [
        "BACKHAND_LEFT",
        "BACKHAND_LEFT"
      ],
      "total": 19,
      "winnerRate": 0.47368421052631576,
      "uplift": 0.11346915676287489,
      "rankScore": 0.3341030081057561
    },
    {
      "sequence": [
        "FOREHAND_LEFT",
        "BACKHAND_LEFT"
      ],
      "total": 15,
      "winnerRate": 0.4,
      "uplift": 0.03978494623655915,
      "rankScore": 0.10773963165675463
    }
  ],
  "losing": [
    {
      "sequence": [
        "FOREHAND_RIGHT",
        "FOREHAND_CENTER"
      ],
      "total": 25,
      "winnerRate": 0.36,
      "uplift": -0.00021505376344088667,
      "rankScore": -0.000692231360186795
    }
  ]
}