{
  "totalServePoints": 187,
  "firstServeIn": 112,
  "firstServeInPct": 0.5989304812834224,
  "firstServeWon": 71,
  "firstServeWinPct": 0.6339285714285714,
  "secondServeTotal": 75,
  "secondServeWon": 29,
  "secondServeWinPct": 0.38666666666666666,
  "aces": 13,
  "acePct": 0.06951871657754011,
  "doubleFaults": 0,
  "doubleFaultPct": 0
}