{
  "winning": [],
  "losing": [
    {
      "sequence": [
        "BACKHAND_LEFT",
        "BACKHAND_LEFT"
      ],
      "total": 15,
      "winnerRate": 0.2,
      "uplift": -0.21019417475728153,
      "rankScore": -0.5692163772219693
    },
    {
      "sequence": [
        "FOREHAND_LEFT",
        "BACKHAND_LEFT"
      ],
      "total": 19,
      "winnerRate": 0.3684210526315789,
      "uplift": -0.04177312212570261,
      "rankScore": -0.12299840906839883
    }
  ]
}