{
  "totalServePoints": 1569,
  "firstServeIn": 976,
  "firstServeInPct": 0.6220522625876355,
  "firstServeWon": 665,
  "firstServeWinPct": 0.6813524590163934,
  "secondServeTotal": 593,
  "secondServeWon": 282,
  "secondServeWinPct": 0.47554806070826305,
  "aces": 87,
  "acePct": 0.055449330783938815,
  "doubleFaults": 0,
  "doubleFaultPct": 0
}