{
  "totalServePoints": 1398,
  "firstServeIn": 825,
  "firstServeInPct": 0.5901287553648069,
  "firstServeWon": 640,
  "firstServeWinPct": 0.7757575757575758,
  "secondServeTotal": 573,
  "secondServeWon": 307,
  "secondServeWinPct": 0.5357766143106457,
  "aces": 177,
  "acePct": 0.12660944206008584,
  "doubleFaults": 0,
  "doubleFaultPct": 0
}