{
  "winning": [
    {
      "sequence": [
        "BACKHAND_LEFT",
        "BACKHAND_LEFT",
        "BACKHAND_LEFT",
        "BACKHAND_LEFT"
      ],
      "total": 15,
      "winnerRate": 0.6,
      "uplift": 0.2309523809523809,
      "rankScore": 0.6254306416831293
    },
    {
      "sequence": [
        "BACKHAND_LEFT",
        "BACKHAND_LEFT",
        "BACKHAND_LEFT"
      ],
      "total": 23,
      "winnerRate": 0.5217391304347826,
      "uplift": 0.15269151138716353,
      "rankScore": 0.47876335077593113
    },
    {
      "sequence": [
        "BACKHAND_LEFT",
        "BACKHAND_LEFT"
      ],
      "total": 35,
      "winnerRate": 0.42857142857142855,
      "uplift": 0.05952380952380948,
      "rankScore": 0.21162786080294113
    }
  ],
  "losing": []
}