{
  "totalServePoints": 133,
  "firstServeIn": 71,
  "firstServeInPct": 0.5338345864661654,
  "firstServeWon": 43,
  "firstServeWinPct": 0.6056338028169014,
  "secondServeTotal": 62,
  "secondServeWon": 32,
  "secondServeWinPct": 0.5161290322580645,
  "aces": 6,
  "acePct": 0.045112781954887216,
  "doubleFaults": 0,
  "doubleFaultPct": 0
}