{
  "totalServePoints": 3210,
  "firstServeIn": 2117,
  "firstServeInPct": 0.6595015576323987,
  "firstServeWon": 1510,
  "firstServeWinPct": 0.7132735002361833,
  "secondServeTotal": 1093,
  "secondServeWon": 581,
  "secondServeWinPct": 0.5315645013723697,
  "aces": 240,
  "acePct": 0.07476635514018691,
  "doubleFaults": 0,
  "doubleFaultPct": 0
}