{
  "wins": [],
  "losses": [
    {
      "shotType": "BACKHAND",
      "total": 62,
      "winnerRate": 0.3064516129032258,
      "adjustedEffectiveness": -0.04137447405329592
    },
    {
      "shotType": "BACKHAND_SLICE",
      "total": 16,
      "winnerRate": 0.3125,
      "adjustedEffectiveness": -0.03532608695652173
    },
    {
      "shotType": "FOREHAND",
      "total": 84,
      "winnerRate": 0.2976190476190476,
      "adjustedEffectiveness": -0.05020703933747411
    },
    {
      "shotType": "SERVE",
      "total": 69,
      "winnerRate": 0.34782608695652173,
      "adjustedEffectiveness": 0
    }
  ]
}