{
  "winning": [],
  "losing": [
    {
      "sequence": [
        "FOREHAND_RIGHT",
        "FOREHAND_RIGHT"
      ],
      "total": 17,
      "winnerRate": 0.23529411764705882,
      "uplift": -0.11253196930946291,
      "rankScore": -0.3188270770804949
    }
  ]
}