{
  "wins": [],
  "losses": [
    {
      "shotType": "BACKHAND",
      "total": 84,
      "winnerRate": 0.38095238095238093,
      "adjustedEffectiveness": -0.023157208088714965
    },
    {
      "shotType": "BACKHAND_SLICE",
      "total": 22,
      "winnerRate": 0.18181818181818182,
      "adjustedEffectiveness": -0.22229140722291407
    },
    {
      "shotType": "FOREHAND",
      "total": 114,
      "winnerRate": 0.4824561403508772,
      "adjustedEffectiveness": 0.0783465513097813
    },
    {
      "shotType": "SERVE",
      "total": 146,
      "winnerRate": 0.5342465753424658,
      "adjustedEffectiveness": 0.13013698630136988
    }
  ]
}