{
  "totalServePoints": 153,
  "firstServeIn": 101,
  "firstServeInPct": 0.6601307189542484,
  "firstServeWon": 66,
  "firstServeWinPct": 0.6534653465346535,
  "secondServeTotal": 52,
  "secondServeWon": 28,
  "secondServeWinPct": 0.5384615384615384,
  "aces": 8,
  "acePct": 0.05228758169934641,
  "doubleFaults": 0,
  "doubleFaultPct": 0
}