{
  "totalServePoints": 136,
  "firstServeIn": 84,
  "firstServeInPct": 0.6176470588235294,
  "firstServeWon": 58,
  "firstServeWinPct": 0.6904761904761905,
  "secondServeTotal": 52,
  "secondServeWon": 21,
  "secondServeWinPct": 0.40384615384615385,
  "aces": 5,
  "acePct": 0.03676470588235294,
  "doubleFaults": 0,
  "doubleFaultPct": 0
}