{
  "wins": [
    {
      "shotType": "BACKHAND",
      "total": 46,
      "winnerRate": 0.2608695652173913,
      "adjustedEffectiveness": -0.13349663196570727
    },
    {
      "shotType": "FOREHAND",
      "total": 44,
      "winnerRate": 0.3181818181818182,
      "adjustedEffectiveness": -0.07618437900128039
    },
    {
      "shotType": "SERVE",
      "total": 36,
      "winnerRate": 0.4722222222222222,
      "adjustedEffectiveness": 0.07785602503912364
    }
  ],
  "losses": []
}