{
  "totalServePoints": 201,
  "firstServeIn": 115,
  "firstServeInPct": 0.572139303482587,
  "firstServeWon": 64,
  "firstServeWinPct": 0.5565217391304348,
  "secondServeTotal": 86,
  "secondServeWon": 47,
  "secondServeWinPct": 0.5465116279069767,
  "aces": 9,
  "acePct": 0.04477611940298507,
  "doubleFaults": 0,
  "doubleFaultPct": 0
}