{
  "totalServePoints": 220,
  "firstServeIn": 134,
  "firstServeInPct": 0.6090909090909091,
  "firstServeWon": 89,
  "firstServeWinPct": 0.664179104477612,
  "secondServeTotal": 86,
  "secondServeWon": 49,
  "secondServeWinPct": 0.5697674418604651,
  "aces": 18,
  "acePct": 0.08181818181818182,
  "doubleFaults": 0,
  "doubleFaultPct": 0
}