{
  "wins": [
    {
      "shotType": "BACKHAND",
      "total": 70,
      "winnerRate": 0.45714285714285713,
      "adjustedEffectiveness": 0.03130553656869445
    },
    {
      "shotType": "FOREHAND",
      "total": 73,
      "winnerRate": 0.4520547945205479,
      "adjustedEffectiveness": 0.02621747394638524
    },
    {
      "shotType": "SERVE",
      "total": 105,
      "winnerRate": 0.4666666666666667,
      "adjustedEffectiveness": 0.04082934609250399
    }
  ],
  "losses": []
}