{
  "winning": [
    {
      "sequence": [
        "T",
        "BACKHAND_CENTER"
      ],
      "total": 21,
      "winnerRate": 0.5238095238095238,
      "uplift": 0.09797220323536115,
      "rankScore": 0.2982785710232564
    }
  ],
  "losing": [
    {
      "sequence": [
        "WIDE",
        "BACKHAND_CENTER"
      ],
      "total": 20,
      "winnerRate": 0.35,
      "uplift": -0.0758373205741627,
      "rankScore": -0.22718830878387927
    }
  ]
}