{
  "wins": [
    {
      "shotType": "BACKHAND",
      "total": 44,
      "winnerRate": 0.3181818181818182,
      "adjustedEffectiveness": -0.07631359466221854
    },
    {
      "shotType": "FOREHAND",
      "total": 45,
      "winnerRate": 0.6888888888888889,
      "adjustedEffectiveness": 0.29439347604485216
    },
    {
      "shotType": "SERVE",
      "total": 55,
      "winnerRate": 0.36363636363636365,
      "adjustedEffectiveness": -0.030859049207673073
    }
  ],
  "losses": []
}