{
  "totalServePoints": 119,
  "firstServeIn": 71,
  "firstServeInPct": 0.5966386554621849,
  "firstServeWon": 53,
  "firstServeWinPct": 0.7464788732394366,
  "secondServeTotal": 48,
  "secondServeWon": 27,
  "secondServeWinPct": 0.5625,
  "aces": 12,
  "acePct": 0.10084033613445378,
  "doubleFaults": 0,
  "doubleFaultPct": 0
}