{
  "totalServePoints": 149,
  "firstServeIn": 83,
  "firstServeInPct": 0.5570469798657718,
  "firstServeWon": 59,
  "firstServeWinPct": 0.7108433734939759,
  "secondServeTotal": 66,
  "secondServeWon": 40,
  "secondServeWinPct": 0.6060606060606061,
  "aces": 12,
  "acePct": 0.08053691275167785,
  "doubleFaults": 0,
  "doubleFaultPct": 0
}