{
  "winning": [
    {
      "sequence": [
        "FOREHAND_LEFT",
        "BACKHAND_LEFT"
      ],
      "total": 16,
      "winnerRate": 0.375,
      "uplift": 0.026376146788990806,
      "rankScore": 0.07313020712329693
    }
  ],
  "losing": []
}