{
  "totalServePoints": 46,
  "firstServeIn": 32,
  "firstServeInPct": 0.6956521739130435,
  "firstServeWon": 26,
  "firstServeWinPct": 0.8125,
  "secondServeTotal": 14,
  "secondServeWon": 11,
  "secondServeWinPct": 0.7857142857142857,
  "aces": 4,
  "acePct": 0.08695652173913043,
  "doubleFaults": 0,
  "doubleFaultPct": 0
}