{
  "totalServePoints": 613,
  "firstServeIn": 382,
  "firstServeInPct": 0.6231647634584013,
  "firstServeWon": 257,
  "firstServeWinPct": 0.6727748691099477,
  "secondServeTotal": 231,
  "secondServeWon": 99,
  "secondServeWinPct": 0.42857142857142855,
  "aces": 26,
  "acePct": 0.04241435562805873,
  "doubleFaults": 0,
  "doubleFaultPct": 0
}