{
  "totalServePoints": 649,
  "firstServeIn": 400,
  "firstServeInPct": 0.6163328197226502,
  "firstServeWon": 250,
  "firstServeWinPct": 0.625,
  "secondServeTotal": 249,
  "secondServeWon": 112,
  "secondServeWinPct": 0.4497991967871486,
  "aces": 42,
  "acePct": 0.06471494607087827,
  "doubleFaults": 0,
  "doubleFaultPct": 0
}