{
  "wins": [],
  "losses": [
    {
      "shotType": "BACKHAND",
      "total": 55,
      "winnerRate": 0.34545454545454546,
      "adjustedEffectiveness": -0.10999099909991
    },
    {
      "shotType": "FOREHAND",
      "total": 63,
      "winnerRate": 0.36507936507936506,
      "adjustedEffectiveness": -0.0903661794750904
    },
    {
      "shotType": "SERVE",
      "total": 50,
      "winnerRate": 0.6,
      "adjustedEffectiveness": 0.14455445544554452
    }
  ]
}