{
  "totalServePoints": 45,
  "firstServeIn": 31,
  "firstServeInPct": 0.6888888888888889,
  "firstServeWon": 23,
  "firstServeWinPct": 0.7419354838709677,
  "secondServeTotal": 14,
  "secondServeWon": 13,
  "secondServeWinPct": 0.9285714285714286,
  "aces": 1,
  "acePct": 0.022222222222222223,
  "doubleFaults": 0,
  "doubleFaultPct": 0
}