{
  "wins": [
    {
      "shotType": "BACKHAND",
      "total": 89,
      "winnerRate": 0.21348314606741572,
      "adjustedEffectiveness": -0.16332844813548283
    },
    {
      "shotType": "FOREHAND",
      "total": 120,
      "winnerRate": 0.26666666666666666,
      "adjustedEffectiveness": -0.1101449275362319
    },
    {
      "shotType": "SERVE",
      "total": 69,
      "winnerRate": 0.463768115942029,
      "adjustedEffectiveness": 0.08695652173913043
    }
  ],
  "losses": []
}