{
  "totalServePoints": 929,
  "firstServeIn": 569,
  "firstServeInPct": 0.61248654467169,
  "firstServeWon": 457,
  "firstServeWinPct": 0.8031634446397188,
  "secondServeTotal": 360,
  "secondServeWon": 184,
  "secondServeWinPct": 0.5111111111111111,
  "aces": 115,
  "acePct": 0.12378902045209902,
  "doubleFaults": 0,
  "doubleFaultPct": 0
}