{
  "wins": [
    {
      "shotType": "BACKHAND",
      "total": 66,
      "winnerRate": 0.25757575757575757,
      "adjustedEffectiveness": -0.11417145432015319
    },
    {
      "shotType": "BACKHAND_SLICE",
      "total": 27,
      "winnerRate": 0.25925925925925924,
      "adjustedEffectiveness": -0.11248795263665151
    },
    {
      "shotType": "FOREHAND",
      "total": 90,
      "winnerRate": 0.43333333333333335,
      "adjustedEffectiveness": 0.06158612143742259
    },
    {
      "shotType": "SERVE",
      "total": 135,
      "winnerRate": 0.5259259259259259,
      "adjustedEffectiveness": 0.15417871403001515
    }
  ],
  "losses": []
}