{
  "totalServePoints": 129,
  "firstServeIn": 70,
  "firstServeInPct": 0.5426356589147286,
  "firstServeWon": 53,
  "firstServeWinPct": 0.7571428571428571,
  "secondServeTotal": 59,
  "secondServeWon": 29,
  "secondServeWinPct": 0.4915254237288136,
  "aces": 17,
  "acePct": 0.13178294573643412,
  "doubleFaults": 0,
  "doubleFaultPct": 0
}