{
  "wins": [
    {
      "shotType": "BACKHAND",
      "total": 48,
      "winnerRate": 0.1875,
      "adjustedEffectiveness": -0.17513736263736263
    },
    {
      "shotType": "BACKHAND_SLICE",
      "total": 15,
      "winnerRate": 0.2,
      "adjustedEffectiveness": -0.16263736263736261
    },
    {
      "shotType": "FOREHAND",
      "total": 53,
      "winnerRate": 0.1320754716981132,
      "adjustedEffectiveness": -0.23056189093924942
    },
    {
      "shotType": "SERVE",
      "total": 46,
      "winnerRate": 0.34782608695652173,
      "adjustedEffectiveness": -0.014811275680840896
    }
  ],
  "losses": []
}