{
  "totalServePoints": 49,
  "firstServeIn": 31,
  "firstServeInPct": 0.6326530612244898,
  "firstServeWon": 16,
  "firstServeWinPct": 0.5161290322580645,
  "secondServeTotal": 18,
  "secondServeWon": 2,
  "secondServeWinPct": 0.1111111111111111,
  "aces": 3,
  "acePct": 0.061224489795918366,
  "doubleFaults": 0,
  "doubleFaultPct": 0
}