{
  "totalServePoints": 169,
  "firstServeIn": 111,
  "firstServeInPct": 0.6568047337278107,
  "firstServeWon": 72,
  "firstServeWinPct": 0.6486486486486487,
  "secondServeTotal": 58,
  "secondServeWon": 26,
  "secondServeWinPct": 0.4482758620689655,
  "aces": 4,
  "acePct": 0.023668639053254437,
  "doubleFaults": 0,
  "doubleFaultPct": 0
}