{
  "totalServePoints": 1683,
  "firstServeIn": 1087,
  "firstServeInPct": 0.6458704693998811,
  "firstServeWon": 783,
  "firstServeWinPct": 0.7203311867525299,
  "secondServeTotal": 596,
  "secondServeWon": 258,
  "secondServeWinPct": 0.43288590604026844,
  "aces": 169,
  "acePct": 0.10041592394533572,
  "doubleFaults": 0,
  "doubleFaultPct": 0
}