{
  "totalServePoints": 16369,
  "firstServeIn": 10235,
  "firstServeInPct": 0.6252672735047956,
  "firstServeWon": 7763,
  "firstServeWinPct": 0.7584758182706399,
  "secondServeTotal": 6134,
  "secondServeWon": 3144,
  "secondServeWinPct": 0.5125529833713727,
  "aces": 1806,
  "acePct": 0.11033050277964444,
  "doubleFaults": 0,
  "doubleFaultPct": 0
}