{
  "wins": [
    {
      "shotType": "BACKHAND",
      "total": 19,
      "winnerRate": 0.2631578947368421,
      "adjustedEffectiveness": -0.10132808657156911
    },
    {
      "shotType": "BACKHAND_SLICE",
      "total": 19,
      "winnerRate": 0.3157894736842105,
      "adjustedEffectiveness": -0.04869650762420069
    },
    {
      "shotType": "FOREHAND",
      "total": 52,
      "winnerRate": 0.36538461538461536,
      "adjustedEffectiveness": 0.0008986340762041634
    },
    {
      "shotType": "SERVE",
      "total": 54,
      "winnerRate": 0.4444444444444444,
      "adjustedEffectiveness": 0.07995846313603322
    }
  ],
  "losses": []
}