{
  "totalServePoints": 255,
  "firstServeIn": 157,
  "firstServeInPct": 0.615686274509804,
  "firstServeWon": 110,
  "firstServeWinPct": 0.7006369426751592,
  "secondServeTotal": 98,
  "secondServeWon": 47,
  "secondServeWinPct": 0.47959183673469385,
  "aces": 20,
  "acePct": 0.0784313725490196,
  "doubleFaults": 0,
  "doubleFaultPct": 0
}