{
  "winning": [
    {
      "sequence": [
        "BACKHAND_CENTER",
        "FOREHAND_RIGHT"
      ],
      "total": 16,
      "winnerRate": 0.4375,
      "uplift": 0.019318181818181845,
      "rankScore": 0.05356137304326857
    }
  ],
  "losing": [
    {
      "sequence": [
        "BACKHAND_LEFT",
        "FOREHAND_LEFT"
      ],
      "total": 15,
      "winnerRate": 0.13333333333333333,
      "uplift": -0.2848484848484848,
      "rankScore": -0.771383996677599
    }
  ]
}