{
  "totalServePoints": 58,
  "firstServeIn": 37,
  "firstServeInPct": 0.6379310344827587,
  "firstServeWon": 22,
  "firstServeWinPct": 0.5945945945945946,
  "secondServeTotal": 21,
  "secondServeWon": 6,
  "secondServeWinPct": 0.2857142857142857,
  "aces": 2,
  "acePct": 0.034482758620689655,
  "doubleFaults": 0,
  "doubleFaultPct": 0
}