{
  "totalServePoints": 191,
  "firstServeIn": 111,
  "firstServeInPct": 0.581151832460733,
  "firstServeWon": 76,
  "firstServeWinPct": 0.6846846846846847,
  "secondServeTotal": 80,
  "secondServeWon": 37,
  "secondServeWinPct": 0.4625,
  "aces": 12,
  "acePct": 0.06282722513089005,
  "doubleFaults": 0,
  "doubleFaultPct": 0
}