{
  "wins": [
    {
      "shotType": "BACKHAND",
      "total": 93,
      "winnerRate": 0.26881720430107525,
      "adjustedEffectiveness": -0.08683133126377829
    },
    {
      "shotType": "FOREHAND",
      "total": 134,
      "winnerRate": 0.373134328358209,
      "adjustedEffectiveness": 0.017485792793355437
    },
    {
      "shotType": "SERVE",
      "total": 92,
      "winnerRate": 0.4782608695652174,
      "adjustedEffectiveness": 0.12261233400036387
    }
  ],
  "losses": [
    {
      "shotType": "SERVE",
      "total": 28,
      "winnerRate": 0.4642857142857143,
      "adjustedEffectiveness": 0.10863717872086076
    }
  ]
}