{
  "totalServePoints": 9901,
  "firstServeIn": 6212,
  "firstServeInPct": 0.6274113725886274,
  "firstServeWon": 4763,
  "firstServeWinPct": 0.7667417900837089,
  "secondServeTotal": 3689,
  "secondServeWon": 1894,
  "secondServeWinPct": 0.51341827053402,
  "aces": 1066,
  "acePct": 0.10766589233410767,
  "doubleFaults": 0,
  "doubleFaultPct": 0
}