{
  "totalServePoints": 205,
  "firstServeIn": 119,
  "firstServeInPct": 0.5804878048780487,
  "firstServeWon": 82,
  "firstServeWinPct": 0.6890756302521008,
  "secondServeTotal": 86,
  "secondServeWon": 54,
  "secondServeWinPct": 0.627906976744186,
  "aces": 10,
  "acePct": 0.04878048780487805,
  "doubleFaults": 0,
  "doubleFaultPct": 0
}