{
  "totalServePoints": 523,
  "firstServeIn": 299,
  "firstServeInPct": 0.5717017208413002,
  "firstServeWon": 215,
  "firstServeWinPct": 0.7190635451505016,
  "secondServeTotal": 224,
  "secondServeWon": 110,
  "secondServeWinPct": 0.49107142857142855,
  "aces": 41,
  "acePct": 0.07839388145315487,
  "doubleFaults": 0,
  "doubleFaultPct": 0
}