{
  "wins": [],
  "losses": [
    {
      "shotType": "BACKHAND",
      "total": 39,
      "winnerRate": 0.3333333333333333,
      "adjustedEffectiveness": -0.07092198581560283
    },
    {
      "shotType": "FOREHAND",
      "total": 65,
      "winnerRate": 0.3384615384615385,
      "adjustedEffectiveness": -0.06579378068739766
    },
    {
      "shotType": "SERVE",
      "total": 70,
      "winnerRate": 0.5285714285714286,
      "adjustedEffectiveness": 0.12431610942249244
    }
  ]
}