{
  "totalServePoints": 71,
  "firstServeIn": 42,
  "firstServeInPct": 0.5915492957746479,
  "firstServeWon": 27,
  "firstServeWinPct": 0.6428571428571429,
  "secondServeTotal": 29,
  "secondServeWon": 15,
  "secondServeWinPct": 0.5172413793103449,
  "aces": 6,
  "acePct": 0.08450704225352113,
  "doubleFaults": 0,
  "doubleFaultPct": 0
}