{
  "totalServePoints": 459,
  "firstServeIn": 265,
  "firstServeInPct": 0.5773420479302832,
  "firstServeWon": 173,
  "firstServeWinPct": 0.6528301886792452,
  "secondServeTotal": 194,
  "secondServeWon": 98,
  "secondServeWinPct": 0.5051546391752577,
  "aces": 20,
  "acePct": 0.04357298474945534,
  "doubleFaults": 0,
  "doubleFaultPct": 0
}