{
  "totalServePoints": 175,
  "firstServeIn": 134,
  "firstServeInPct": 0.7657142857142857,
  "firstServeWon": 90,
  "firstServeWinPct": 0.6716417910447762,
  "secondServeTotal": 41,
  "secondServeWon": 24,
  "secondServeWinPct": 0.5853658536585366,
  "aces": 14,
  "acePct": 0.08,
  "doubleFaults": 0,
  "doubleFaultPct": 0
}