{
  "wins": [],
  "losses": [
    {
      "shotType": "BACKHAND_SLICE",
      "total": 17,
      "winnerRate": 0.23529411764705882,
      "adjustedEffectiveness": -0.16153127917833798
    },
    {
      "shotType": "FOREHAND",
      "total": 28,
      "winnerRate": 0.5714285714285714,
      "adjustedEffectiveness": 0.1746031746031746
    },
    {
      "shotType": "SERVE",
      "total": 63,
      "winnerRate": 0.5396825396825397,
      "adjustedEffectiveness": 0.14285714285714285
    }
  ]
}