{
  "winning": [],
  "losing": [
    {
      "sequence": [
        "WIDE",
        "FOREHAND_CENTER_DEEP"
      ],
      "total": 16,
      "winnerRate": 0.3125,
      "uplift": -0.07932058047493401,
      "rankScore": -0.219923346866315
    }
  ]
}