{
  "wins": [],
  "losses": [
    {
      "shotType": "BACKHAND",
      "total": 32,
      "winnerRate": 0.3125,
      "adjustedEffectiveness": -0.15416666666666667
    },
    {
      "shotType": "BACKHAND_SLICE",
      "total": 16,
      "winnerRate": 0.1875,
      "adjustedEffectiveness": -0.2791666666666667
    },
    {
      "shotType": "FOREHAND",
      "total": 66,
      "winnerRate": 0.42424242424242425,
      "adjustedEffectiveness": -0.04242424242424242
    },
    {
      "shotType": "SERVE",
      "total": 60,
      "winnerRate": 0.5,
      "adjustedEffectiveness": 0.033333333333333326
    }
  ]
}