{
  "totalServePoints": 476,
  "firstServeIn": 317,
  "firstServeInPct": 0.6659663865546218,
  "firstServeWon": 221,
  "firstServeWinPct": 0.6971608832807571,
  "secondServeTotal": 159,
  "secondServeWon": 70,
  "secondServeWinPct": 0.44025157232704404,
  "aces": 26,
  "acePct": 0.0546218487394958,
  "doubleFaults": 0,
  "doubleFaultPct": 0
}