{
  "winning": [
    {
      "sequence": [
        "T",
        "FOREHAND_CENTER_BASELINE"
      ],
      "total": 16,
      "winnerRate": 0.5,
      "uplift": 0.09999999999999998,
      "rankScore": 0.27725887222397805
    }
  ],
  "losing": []
}