{
  "totalServePoints": 257,
  "firstServeIn": 165,
  "firstServeInPct": 0.642023346303502,
  "firstServeWon": 106,
  "firstServeWinPct": 0.6424242424242425,
  "secondServeTotal": 92,
  "secondServeWon": 36,
  "secondServeWinPct": 0.391304347826087,
  "aces": 21,
  "acePct": 0.08171206225680934,
  "doubleFaults": 0,
  "doubleFaultPct": 0
}