{
  "wins": [
    {
      "shotType": "BACKHAND",
      "total": 41,
      "winnerRate": 0.1951219512195122,
      "adjustedEffectiveness": -0.1832564271588662
    },
    {
      "shotType": "BACKHAND_SLICE",
      "total": 33,
      "winnerRate": 0.21212121212121213,
      "adjustedEffectiveness": -0.16625716625716627
    },
    {
      "shotType": "FOREHAND",
      "total": 78,
      "winnerRate": 0.3974358974358974,
      "adjustedEffectiveness": 0.019057519057519012
    },
    {
      "shotType": "SERVE",
      "total": 111,
      "winnerRate": 0.5045045045045045,
      "adjustedEffectiveness": 0.12612612612612606
    }
  ],
  "losses": []
}