{
  "totalServePoints": 123,
  "firstServeIn": 82,
  "firstServeInPct": 0.6666666666666666,
  "firstServeWon": 52,
  "firstServeWinPct": 0.6341463414634146,
  "secondServeTotal": 41,
  "secondServeWon": 19,
  "secondServeWinPct": 0.4634146341463415,
  "aces": 6,
  "acePct": 0.04878048780487805,
  "doubleFaults": 0,
  "doubleFaultPct": 0
}