{
  "totalServePoints": 263,
  "firstServeIn": 174,
  "firstServeInPct": 0.6615969581749049,
  "firstServeWon": 116,
  "firstServeWinPct": 0.6666666666666666,
  "secondServeTotal": 89,
  "secondServeWon": 44,
  "secondServeWinPct": 0.4943820224719101,
  "aces": 7,
  "acePct": 0.026615969581749048,
  "doubleFaults": 0,
  "doubleFaultPct": 0
}