{
  "totalServePoints": 328,
  "firstServeIn": 217,
  "firstServeInPct": 0.6615853658536586,
  "firstServeWon": 137,
  "firstServeWinPct": 0.631336405529954,
  "secondServeTotal": 111,
  "secondServeWon": 59,
  "secondServeWinPct": 0.5315315315315315,
  "aces": 22,
  "acePct": 0.06707317073170732,
  "doubleFaults": 0,
  "doubleFaultPct": 0
}