{
  "winning": [
    {
      "sequence": [
        "BACKHAND_LEFT",
        "BACKHAND_LEFT"
      ],
      "total": 16,
      "winnerRate": 0.5,
      "uplift": 0.07803468208092484,
      "rankScore": 0.21635807948113897
    },
    {
      "sequence": [
        "FOREHAND_RIGHT",
        "FOREHAND_RIGHT"
      ],
      "total": 22,
      "winnerRate": 0.45454545454545453,
      "uplift": 0.032580136626379375,
      "rankScore": 0.10070658544835283
    }
  ],
  "losing": [
    {
      "sequence": [
        "FOREHAND_CENTER",
        "BACKHAND_CENTER"
      ],
      "total": 15,
      "winnerRate": 0.2,
      "uplift": -0.22196531791907514,
      "rankScore": -0.6010932238284674
    },
    {
      "sequence": [
        "FOREHAND_RIGHT",
        "FOREHAND_CENTER"
      ],
      "total": 28,
      "winnerRate": 0.39285714285714285,
      "uplift": -0.029108175061932307,
      "rankScore": -0.09699439222434023
    }
  ]
}