{
  "totalServePoints": 539,
  "firstServeIn": 317,
  "firstServeInPct": 0.588126159554731,
  "firstServeWon": 200,
  "firstServeWinPct": 0.6309148264984227,
  "secondServeTotal": 222,
  "secondServeWon": 111,
  "secondServeWinPct": 0.5,
  "aces": 22,
  "acePct": 0.04081632653061224,
  "doubleFaults": 0,
  "doubleFaultPct": 0
}