{
  "totalServePoints": 434,
  "firstServeIn": 259,
  "firstServeInPct": 0.5967741935483871,
  "firstServeWon": 202,
  "firstServeWinPct": 0.7799227799227799,
  "secondServeTotal": 175,
  "secondServeWon": 90,
  "secondServeWinPct": 0.5142857142857142,
  "aces": 29,
  "acePct": 0.06682027649769585,
  "doubleFaults": 0,
  "doubleFaultPct": 0
}