{
  "winning": [],
  "losing": [
    {
      "sequence": [
        "FOREHAND_LEFT",
        "BACKHAND_LEFT"
      ],
      "total": 20,
      "winnerRate": 0.35,
      "uplift": -0.04852398523985241,
      "rankScore": -0.14536486862448333
    }
  ]
}