{
  "winning": [
    {
      "sequence": [
        "FOREHAND_LEFT",
        "BACKHAND_SLICE_LEFT"
      ],
      "total": 16,
      "winnerRate": 0.375,
      "uplift": 0.002659574468085124,
      "rankScore": 0.00737390617616968
    }
  ],
  "losing": [
    {
      "sequence": [
        "FOREHAND_LEFT",
        "BACKHAND_CENTER"
      ],
      "total": 18,
      "winnerRate": 0.2222222222222222,
      "uplift": -0.15011820330969267,
      "rankScore": -0.43389741519245023
    },
    {
      "sequence": [
        "FOREHAND_RIGHT",
        "FOREHAND_LEFT"
      ],
      "total": 17,
      "winnerRate": 0.23529411764705882,
      "uplift": -0.13704630788485606,
      "rankScore": -0.3882814282530108
    },
    {
      "sequence": [
        "FOREHAND_LEFT",
        "BACKHAND_LEFT"
      ],
      "total": 16,
      "winnerRate": 0.25,
      "uplift": -0.12234042553191488,
      "rankScore": -0.33919968410380297
    },
    {
      "sequence": [
        "FOREHAND_RIGHT",
        "FOREHAND_RIGHT"
      ],
      "total": 21,
      "winnerRate": 0.2857142857142857,
      "uplift": -0.08662613981762918,
      "rankScore": -0.26373522636813845
    }
  ]
}