{
  "winning": [
    {
      "sequence": [
        "FOREHAND_LEFT",
        "BACKHAND_SLICE_LEFT"
      ],
      "total": 16,
      "winnerRate": 0.375,
      "uplift": 0.002659574468085124,
      "rankScore": 0.00737390617616968
    }
  ],
  "losing": [
    {
      "sequence": [
        "FOREHAND_LEFT",
        "BACKHAND_CENTER"
      ],
      "total": 17,
      "winnerRate": 0.23529411764705882,
      "uplift": -0.13704630788485606,
      "rankScore": -0.3882814282530108
    },
    {
      "sequence": [
        "FOREHAND_RIGHT",
        "FOREHAND_RIGHT"
      ],
      "total": 16,
      "winnerRate": 0.25,
      "uplift": -0.12234042553191488,
      "rankScore": -0.33919968410380297
    }
  ]
}