{
  "wins": [],
  "losses": [
    {
      "shotType": "BACKHAND",
      "total": 57,
      "winnerRate": 0.22807017543859648,
      "adjustedEffectiveness": -0.20526315789473687
    },
    {
      "shotType": "FOREHAND",
      "total": 70,
      "winnerRate": 0.38571428571428573,
      "adjustedEffectiveness": -0.047619047619047616
    },
    {
      "shotType": "SERVE",
      "total": 90,
      "winnerRate": 0.5333333333333333,
      "adjustedEffectiveness": 0.09999999999999998
    }
  ]
}