{
  "totalServePoints": 92,
  "firstServeIn": 53,
  "firstServeInPct": 0.5760869565217391,
  "firstServeWon": 44,
  "firstServeWinPct": 0.8301886792452831,
  "secondServeTotal": 39,
  "secondServeWon": 14,
  "secondServeWinPct": 0.358974358974359,
  "aces": 16,
  "acePct": 0.17391304347826086,
  "doubleFaults": 0,
  "doubleFaultPct": 0
}