{
  "totalServePoints": 2499,
  "firstServeIn": 1660,
  "firstServeInPct": 0.664265706282513,
  "firstServeWon": 1191,
  "firstServeWinPct": 0.7174698795180723,
  "secondServeTotal": 839,
  "secondServeWon": 414,
  "secondServeWinPct": 0.4934445768772348,
  "aces": 244,
  "acePct": 0.0976390556222489,
  "doubleFaults": 0,
  "doubleFaultPct": 0
}