{
  "totalServePoints": 1194,
  "firstServeIn": 802,
  "firstServeInPct": 0.6716917922948074,
  "firstServeWon": 517,
  "firstServeWinPct": 0.6446384039900249,
  "secondServeTotal": 392,
  "secondServeWon": 185,
  "secondServeWinPct": 0.4719387755102041,
  "aces": 18,
  "acePct": 0.01507537688442211,
  "doubleFaults": 0,
  "doubleFaultPct": 0
}