{
  "wins": [
    {
      "shotType": "BACKHAND",
      "total": 101,
      "winnerRate": 0.40594059405940597,
      "adjustedEffectiveness": 0.026132901751713677
    },
    {
      "shotType": "BACKHAND_SLICE",
      "total": 19,
      "winnerRate": 0.3684210526315789,
      "adjustedEffectiveness": -0.011386639676113364
    },
    {
      "shotType": "FOREHAND",
      "total": 104,
      "winnerRate": 0.4423076923076923,
      "adjustedEffectiveness": 0.0625
    },
    {
      "shotType": "SERVE",
      "total": 104,
      "winnerRate": 0.4807692307692308,
      "adjustedEffectiveness": 0.10096153846153849
    }
  ],
  "losses": []
}