{
  "winning": [
    {
      "sequence": [
        "FOREHAND_RIGHT",
        "FOREHAND_CENTER"
      ],
      "total": 17,
      "winnerRate": 0.47058823529411764,
      "uplift": 0.062027924010070956,
      "rankScore": 0.175738342009438
    }
  ],
  "losing": [
    {
      "sequence": [
        "FOREHAND_LEFT",
        "BACKHAND_CENTER"
      ],
      "total": 19,
      "winnerRate": 0.21052631578947367,
      "uplift": -0.198033995494573,
      "rankScore": -0.583099015534292
    },
    {
      "sequence": [
        "FOREHAND_RIGHT",
        "FOREHAND_RIGHT"
      ],
      "total": 16,
      "winnerRate": 0.3125,
      "uplift": -0.09606031128404668,
      "rankScore": -0.2663357357209906
    },
    {
      "sequence": [
        "BACKHAND_CENTER",
        "FOREHAND_LEFT"
      ],
      "total": 20,
      "winnerRate": 0.35,
      "uplift": -0.05856031128404671,
      "rankScore": -0.17543101446298667
    },
    {
      "sequence": [
        "FOREHAND_LEFT",
        "BACKHAND_LEFT"
      ],
      "total": 20,
      "winnerRate": 0.4,
      "uplift": -0.008560311284046662,
      "rankScore": -0.02564440078528699
    }
  ]
}