{
  "totalServePoints": 1745,
  "firstServeIn": 1045,
  "firstServeInPct": 0.5988538681948424,
  "firstServeWon": 756,
  "firstServeWinPct": 0.723444976076555,
  "secondServeTotal": 700,
  "secondServeWon": 359,
  "secondServeWinPct": 0.5128571428571429,
  "aces": 144,
  "acePct": 0.0825214899713467,
  "doubleFaults": 0,
  "doubleFaultPct": 0
}