{
  "totalServePoints": 189,
  "firstServeIn": 118,
  "firstServeInPct": 0.6243386243386243,
  "firstServeWon": 82,
  "firstServeWinPct": 0.6949152542372882,
  "secondServeTotal": 71,
  "secondServeWon": 36,
  "secondServeWinPct": 0.5070422535211268,
  "aces": 9,
  "acePct": 0.047619047619047616,
  "doubleFaults": 0,
  "doubleFaultPct": 0
}