{
  "totalServePoints": 1163,
  "firstServeIn": 695,
  "firstServeInPct": 0.5975924333619949,
  "firstServeWon": 429,
  "firstServeWinPct": 0.6172661870503597,
  "secondServeTotal": 468,
  "secondServeWon": 228,
  "secondServeWinPct": 0.48717948717948717,
  "aces": 37,
  "acePct": 0.03181427343078246,
  "doubleFaults": 0,
  "doubleFaultPct": 0
}