{
  "totalServePoints": 81,
  "firstServeIn": 52,
  "firstServeInPct": 0.6419753086419753,
  "firstServeWon": 25,
  "firstServeWinPct": 0.4807692307692308,
  "secondServeTotal": 29,
  "secondServeWon": 16,
  "secondServeWinPct": 0.5517241379310345,
  "aces": 2,
  "acePct": 0.024691358024691357,
  "doubleFaults": 0,
  "doubleFaultPct": 0
}