{
  "totalServePoints": 943,
  "firstServeIn": 566,
  "firstServeInPct": 0.6002120890774125,
  "firstServeWon": 393,
  "firstServeWinPct": 0.6943462897526502,
  "secondServeTotal": 377,
  "secondServeWon": 187,
  "secondServeWinPct": 0.4960212201591512,
  "aces": 47,
  "acePct": 0.04984093319194061,
  "doubleFaults": 0,
  "doubleFaultPct": 0
}