{
  "winning": [],
  "losing": [
    {
      "sequence": [
        "WIDE",
        "BACKHAND_LEFT_DEEP"
      ],
      "total": 16,
      "winnerRate": 0.375,
      "uplift": -0.020348837209302306,
      "rankScore": -0.056418956557204795
    }
  ]
}