{
  "wins": [
    {
      "shotType": "BACKHAND",
      "total": 116,
      "winnerRate": 0.29310344827586204,
      "adjustedEffectiveness": -0.10774043358067803
    },
    {
      "shotType": "BACKHAND_SLICE",
      "total": 15,
      "winnerRate": 0,
      "adjustedEffectiveness": -0.4008438818565401
    },
    {
      "shotType": "FOREHAND",
      "total": 120,
      "winnerRate": 0.4166666666666667,
      "adjustedEffectiveness": 0.01582278481012661
    },
    {
      "shotType": "SERVE",
      "total": 119,
      "winnerRate": 0.5294117647058824,
      "adjustedEffectiveness": 0.12856788284934229
    }
  ],
  "losses": []
}