{
  "totalServePoints": 183,
  "firstServeIn": 102,
  "firstServeInPct": 0.5573770491803278,
  "firstServeWon": 81,
  "firstServeWinPct": 0.7941176470588235,
  "secondServeTotal": 81,
  "secondServeWon": 47,
  "secondServeWinPct": 0.5802469135802469,
  "aces": 32,
  "acePct": 0.17486338797814208,
  "doubleFaults": 0,
  "doubleFaultPct": 0
}