{
  "totalServePoints": 450,
  "firstServeIn": 268,
  "firstServeInPct": 0.5955555555555555,
  "firstServeWon": 169,
  "firstServeWinPct": 0.6305970149253731,
  "secondServeTotal": 182,
  "secondServeWon": 82,
  "secondServeWinPct": 0.45054945054945056,
  "aces": 19,
  "acePct": 0.042222222222222223,
  "doubleFaults": 0,
  "doubleFaultPct": 0
}