{
  "wins": [],
  "losses": [
    {
      "shotType": "BACKHAND",
      "total": 51,
      "winnerRate": 0.3333333333333333,
      "adjustedEffectiveness": -0.05245346869712353
    },
    {
      "shotType": "FOREHAND",
      "total": 74,
      "winnerRate": 0.2972972972972973,
      "adjustedEffectiveness": -0.08848950473315953
    },
    {
      "shotType": "SERVE",
      "total": 98,
      "winnerRate": 0.4897959183673469,
      "adjustedEffectiveness": 0.10400911633689008
    }
  ]
}