{
  "winning": [],
  "losing": [
    {
      "sequence": [
        "T",
        "BACKHAND_CENTER"
      ],
      "total": 16,
      "winnerRate": 0.25,
      "uplift": -0.13578680203045684,
      "rankScore": -0.37648095593865044
    }
  ]
}