{
  "totalServePoints": 448,
  "firstServeIn": 272,
  "firstServeInPct": 0.6071428571428571,
  "firstServeWon": 197,
  "firstServeWinPct": 0.7242647058823529,
  "secondServeTotal": 176,
  "secondServeWon": 89,
  "secondServeWinPct": 0.5056818181818182,
  "aces": 54,
  "acePct": 0.12053571428571429,
  "doubleFaults": 0,
  "doubleFaultPct": 0
}