{
  "totalServePoints": 750,
  "firstServeIn": 491,
  "firstServeInPct": 0.6546666666666666,
  "firstServeWon": 351,
  "firstServeWinPct": 0.714867617107943,
  "secondServeTotal": 259,
  "secondServeWon": 125,
  "secondServeWinPct": 0.4826254826254826,
  "aces": 70,
  "acePct": 0.09333333333333334,
  "doubleFaults": 0,
  "doubleFaultPct": 0
}