{
  "totalServePoints": 343,
  "firstServeIn": 205,
  "firstServeInPct": 0.597667638483965,
  "firstServeWon": 150,
  "firstServeWinPct": 0.7317073170731707,
  "secondServeTotal": 138,
  "secondServeWon": 71,
  "secondServeWinPct": 0.5144927536231884,
  "aces": 22,
  "acePct": 0.0641399416909621,
  "doubleFaults": 0,
  "doubleFaultPct": 0
}