{
  "winning": [
    {
      "sequence": [
        "BACKHAND_CENTER",
        "FOREHAND_CENTER"
      ],
      "total": 17,
      "winnerRate": 0.5294117647058824,
      "uplift": 0.08693388859968765,
      "rankScore": 0.24630225323133162
    },
    {
      "sequence": [
        "BACKHAND_LEFT",
        "BACKHAND_LEFT"
      ],
      "total": 18,
      "winnerRate": 0.5,
      "uplift": 0.05752212389380529,
      "rankScore": 0.16626032235685895
    }
  ],
  "losing": []
}