{
  "wins": [],
  "losses": [
    {
      "shotType": "BACKHAND",
      "total": 41,
      "winnerRate": 0.4146341463414634,
      "adjustedEffectiveness": 0.010262561642009838
    },
    {
      "shotType": "BACKHAND_SLICE",
      "total": 25,
      "winnerRate": 0.24,
      "adjustedEffectiveness": -0.16437158469945357
    },
    {
      "shotType": "FOREHAND",
      "total": 93,
      "winnerRate": 0.43010752688172044,
      "adjustedEffectiveness": 0.02573594218226688
    },
    {
      "shotType": "SERVE",
      "total": 91,
      "winnerRate": 0.4945054945054945,
      "adjustedEffectiveness": 0.09013390980604097
    }
  ]
}