{
  "totalServePoints": 98,
  "firstServeIn": 55,
  "firstServeInPct": 0.5612244897959183,
  "firstServeWon": 32,
  "firstServeWinPct": 0.5818181818181818,
  "secondServeTotal": 43,
  "secondServeWon": 17,
  "secondServeWinPct": 0.3953488372093023,
  "aces": 3,
  "acePct": 0.030612244897959183,
  "doubleFaults": 0,
  "doubleFaultPct": 0
}