{
  "winning": [],
  "losing": [
    {
      "sequence": [
        "FOREHAND_RIGHT",
        "FOREHAND_LEFT"
      ],
      "total": 16,
      "winnerRate": 0.1875,
      "uplift": -0.20037878787878788,
      "rankScore": -0.5555679674488047
    },
    {
      "sequence": [
        "FOREHAND_LEFT",
        "BACKHAND_LEFT"
      ],
      "total": 20,
      "winnerRate": 0.25,
      "uplift": -0.13787878787878788,
      "rankScore": -0.41304793468698964
    },
    {
      "sequence": [
        "FOREHAND_RIGHT",
        "FOREHAND_RIGHT"
      ],
      "total": 20,
      "winnerRate": 0.25,
      "uplift": -0.13787878787878788,
      "rankScore": -0.41304793468698964
    }
  ]
}