{
  "totalServePoints": 85,
  "firstServeIn": 45,
  "firstServeInPct": 0.5294117647058824,
  "firstServeWon": 30,
  "firstServeWinPct": 0.6666666666666666,
  "secondServeTotal": 40,
  "secondServeWon": 21,
  "secondServeWinPct": 0.525,
  "aces": 4,
  "acePct": 0.047058823529411764,
  "doubleFaults": 0,
  "doubleFaultPct": 0
}