{
  "totalServePoints": 309,
  "firstServeIn": 188,
  "firstServeInPct": 0.6084142394822006,
  "firstServeWon": 118,
  "firstServeWinPct": 0.6276595744680851,
  "secondServeTotal": 121,
  "secondServeWon": 54,
  "secondServeWinPct": 0.4462809917355372,
  "aces": 6,
  "acePct": 0.019417475728155338,
  "doubleFaults": 0,
  "doubleFaultPct": 0
}