{
  "winning": [
    {
      "sequence": [
        "BACKHAND_LEFT",
        "BACKHAND_LEFT"
      ],
      "total": 16,
      "winnerRate": 0.625,
      "uplift": 0.19642857142857145,
      "rankScore": 0.5446156418685285
    }
  ],
  "losing": []
}