{
  "wins": [
    {
      "shotType": "BACKHAND",
      "total": 155,
      "winnerRate": 0.4129032258064516,
      "adjustedEffectiveness": 0.05224748810153357
    },
    {
      "shotType": "BACKHAND_SLICE",
      "total": 25,
      "winnerRate": 0.4,
      "adjustedEffectiveness": 0.03934426229508198
    },
    {
      "shotType": "FOREHAND",
      "total": 188,
      "winnerRate": 0.35638297872340424,
      "adjustedEffectiveness": -0.004272758981513802
    },
    {
      "shotType": "SERVE",
      "total": 122,
      "winnerRate": 0.38524590163934425,
      "adjustedEffectiveness": 0.0245901639344262
    }
  ],
  "losses": []
}