{
  "totalServePoints": 115,
  "firstServeIn": 67,
  "firstServeInPct": 0.5826086956521739,
  "firstServeWon": 41,
  "firstServeWinPct": 0.6119402985074627,
  "secondServeTotal": 48,
  "secondServeWon": 21,
  "secondServeWinPct": 0.4375,
  "aces": 5,
  "acePct": 0.043478260869565216,
  "doubleFaults": 0,
  "doubleFaultPct": 0
}