{
  "totalServePoints": 2823,
  "firstServeIn": 1605,
  "firstServeInPct": 0.5685441020191286,
  "firstServeWon": 1172,
  "firstServeWinPct": 0.7302180685358255,
  "secondServeTotal": 1218,
  "secondServeWon": 659,
  "secondServeWinPct": 0.5410509031198686,
  "aces": 257,
  "acePct": 0.09103790294013461,
  "doubleFaults": 0,
  "doubleFaultPct": 0
}