{
  "wins": [],
  "losses": [
    {
      "shotType": "BACKHAND",
      "total": 128,
      "winnerRate": 0.40625,
      "adjustedEffectiveness": 0.008760460251046043
    },
    {
      "shotType": "BACKHAND_SLICE",
      "total": 40,
      "winnerRate": 0.1,
      "adjustedEffectiveness": -0.297489539748954
    },
    {
      "shotType": "FOREHAND",
      "total": 151,
      "winnerRate": 0.271523178807947,
      "adjustedEffectiveness": -0.12596636094100694
    },
    {
      "shotType": "SERVE",
      "total": 119,
      "winnerRate": 0.4789915966386555,
      "adjustedEffectiveness": 0.08150205688970152
    }
  ]
}