{
  "totalServePoints": 109,
  "firstServeIn": 56,
  "firstServeInPct": 0.5137614678899083,
  "firstServeWon": 35,
  "firstServeWinPct": 0.625,
  "secondServeTotal": 53,
  "secondServeWon": 25,
  "secondServeWinPct": 0.4716981132075472,
  "aces": 7,
  "acePct": 0.06422018348623854,
  "doubleFaults": 0,
  "doubleFaultPct": 0
}