{
  "wins": [
    {
      "shotType": "BACKHAND",
      "total": 110,
      "winnerRate": 0.3,
      "adjustedEffectiveness": -0.08439306358381504
    },
    {
      "shotType": "BACKHAND_SLICE",
      "total": 19,
      "winnerRate": 0.21052631578947367,
      "adjustedEffectiveness": -0.17386674779434136
    },
    {
      "shotType": "FOREHAND",
      "total": 129,
      "winnerRate": 0.3953488372093023,
      "adjustedEffectiveness": 0.010955773625487275
    },
    {
      "shotType": "SERVE",
      "total": 173,
      "winnerRate": 0.47398843930635837,
      "adjustedEffectiveness": 0.08959537572254334
    }
  ],
  "losses": []
}