{
  "wins": [],
  "losses": [
    {
      "shotType": "BACKHAND",
      "total": 44,
      "winnerRate": 0.36363636363636365,
      "adjustedEffectiveness": -0.044130626654898475
    },
    {
      "shotType": "BACKHAND_SLICE",
      "total": 18,
      "winnerRate": 0.2777777777777778,
      "adjustedEffectiveness": -0.12998921251348433
    },
    {
      "shotType": "FOREHAND",
      "total": 47,
      "winnerRate": 0.48936170212765956,
      "adjustedEffectiveness": 0.08159471183639744
    },
    {
      "shotType": "SERVE",
      "total": 51,
      "winnerRate": 0.43137254901960786,
      "adjustedEffectiveness": 0.023605558728345744
    }
  ]
}