{
  "winning": [
    {
      "sequence": [
        "BACKHAND_LEFT",
        "BACKHAND_LEFT"
      ],
      "total": 20,
      "winnerRate": 0.55,
      "uplift": 0.17464183381088827,
      "rankScore": 0.5231801778599305
    },
    {
      "sequence": [
        "FOREHAND_LEFT",
        "BACKHAND_LEFT"
      ],
      "total": 15,
      "winnerRate": 0.5333333333333333,
      "uplift": 0.15797516714422155,
      "rankScore": 0.42780468315406445
    }
  ],
  "losing": [
    {
      "sequence": [
        "FOREHAND_RIGHT",
        "FOREHAND_RIGHT"
      ],
      "total": 15,
      "winnerRate": 0.3333333333333333,
      "uplift": -0.04202483285577846,
      "rankScore": -0.11380535706637762
    }
  ]
}