{
  "winning": [
    {
      "sequence": [
        "BACKHAND_LEFT",
        "BACKHAND_LEFT"
      ],
      "total": 18,
      "winnerRate": 0.5,
      "uplift": 0.06647398843930635,
      "rankScore": 0.19213453881968723
    },
    {
      "sequence": [
        "T",
        "FOREHAND_CENTER"
      ],
      "total": 16,
      "winnerRate": 0.5,
      "uplift": 0.06647398843930635,
      "rankScore": 0.18430503066911838
    }
  ],
  "losing": []
}