{
  "totalServePoints": 4367,
  "firstServeIn": 2864,
  "firstServeInPct": 0.6558277994046257,
  "firstServeWon": 2234,
  "firstServeWinPct": 0.7800279329608939,
  "secondServeTotal": 1503,
  "secondServeWon": 766,
  "secondServeWinPct": 0.5096473719228211,
  "aces": 589,
  "acePct": 0.13487520036638426,
  "doubleFaults": 0,
  "doubleFaultPct": 0
}