{
  "totalServePoints": 122,
  "firstServeIn": 83,
  "firstServeInPct": 0.680327868852459,
  "firstServeWon": 69,
  "firstServeWinPct": 0.8313253012048193,
  "secondServeTotal": 39,
  "secondServeWon": 23,
  "secondServeWinPct": 0.5897435897435898,
  "aces": 27,
  "acePct": 0.22131147540983606,
  "doubleFaults": 0,
  "doubleFaultPct": 0
}