{
  "totalServePoints": 702,
  "firstServeIn": 475,
  "firstServeInPct": 0.6766381766381766,
  "firstServeWon": 380,
  "firstServeWinPct": 0.8,
  "secondServeTotal": 227,
  "secondServeWon": 118,
  "secondServeWinPct": 0.5198237885462555,
  "aces": 111,
  "acePct": 0.1581196581196581,
  "doubleFaults": 0,
  "doubleFaultPct": 0
}