{
  "totalServePoints": 136,
  "firstServeIn": 95,
  "firstServeInPct": 0.6985294117647058,
  "firstServeWon": 70,
  "firstServeWinPct": 0.7368421052631579,
  "secondServeTotal": 41,
  "secondServeWon": 22,
  "secondServeWinPct": 0.5365853658536586,
  "aces": 21,
  "acePct": 0.15441176470588236,
  "doubleFaults": 0,
  "doubleFaultPct": 0
}