{
  "totalServePoints": 626,
  "firstServeIn": 335,
  "firstServeInPct": 0.5351437699680511,
  "firstServeWon": 234,
  "firstServeWinPct": 0.6985074626865672,
  "secondServeTotal": 291,
  "secondServeWon": 142,
  "secondServeWinPct": 0.4879725085910653,
  "aces": 59,
  "acePct": 0.09424920127795527,
  "doubleFaults": 0,
  "doubleFaultPct": 0
}