{
  "winning": [
    {
      "sequence": [
        "FOREHAND_RIGHT",
        "FOREHAND_RIGHT"
      ],
      "total": 20,
      "winnerRate": 0.6,
      "uplift": 0.2759776536312849,
      "rankScore": 0.8267551637629449
    }
  ],
  "losing": [
    {
      "sequence": [
        "FOREHAND_LEFT",
        "BACKHAND_LEFT"
      ],
      "total": 20,
      "winnerRate": 0.3,
      "uplift": -0.024022346368715086,
      "rankScore": -0.0719645183032523
    }
  ]
}