{
  "winning": [
    {
      "sequence": [
        "FOREHAND_RIGHT",
        "FOREHAND_RIGHT"
      ],
      "total": 19,
      "winnerRate": 0.5263157894736842,
      "uplift": 0.06775225356208198,
      "rankScore": 0.19949237631456246
    }
  ],
  "losing": []
}