{
  "totalServePoints": 99,
  "firstServeIn": 51,
  "firstServeInPct": 0.5151515151515151,
  "firstServeWon": 39,
  "firstServeWinPct": 0.7647058823529411,
  "secondServeTotal": 48,
  "secondServeWon": 21,
  "secondServeWinPct": 0.4375,
  "aces": 6,
  "acePct": 0.06060606060606061,
  "doubleFaults": 0,
  "doubleFaultPct": 0
}