{
  "winning": [],
  "losing": [
    {
      "sequence": [
        "FOREHAND_CENTER",
        "FOREHAND_CENTER"
      ],
      "total": 23,
      "winnerRate": 0.30434782608695654,
      "uplift": -0.14480471628592484,
      "rankScore": -0.45403435035377887
    }
  ]
}