{
  "wins": [],
  "losses": [
    {
      "shotType": "BACKHAND",
      "total": 15,
      "winnerRate": 0.26666666666666666,
      "adjustedEffectiveness": -0.08055555555555555
    },
    {
      "shotType": "FOREHAND",
      "total": 23,
      "winnerRate": 0.13043478260869565,
      "adjustedEffectiveness": -0.21678743961352656
    },
    {
      "shotType": "SERVE",
      "total": 36,
      "winnerRate": 0.4444444444444444,
      "adjustedEffectiveness": 0.09722222222222221
    }
  ]
}