{
  "totalServePoints": 154,
  "firstServeIn": 95,
  "firstServeInPct": 0.6168831168831169,
  "firstServeWon": 62,
  "firstServeWinPct": 0.6526315789473685,
  "secondServeTotal": 59,
  "secondServeWon": 24,
  "secondServeWinPct": 0.4067796610169492,
  "aces": 3,
  "acePct": 0.01948051948051948,
  "doubleFaults": 0,
  "doubleFaultPct": 0
}