{
  "totalServePoints": 136,
  "firstServeIn": 92,
  "firstServeInPct": 0.6764705882352942,
  "firstServeWon": 57,
  "firstServeWinPct": 0.6195652173913043,
  "secondServeTotal": 44,
  "secondServeWon": 20,
  "secondServeWinPct": 0.45454545454545453,
  "aces": 5,
  "acePct": 0.03676470588235294,
  "doubleFaults": 0,
  "doubleFaultPct": 0
}