{
  "totalServePoints": 882,
  "firstServeIn": 576,
  "firstServeInPct": 0.6530612244897959,
  "firstServeWon": 416,
  "firstServeWinPct": 0.7222222222222222,
  "secondServeTotal": 306,
  "secondServeWon": 148,
  "secondServeWinPct": 0.48366013071895425,
  "aces": 85,
  "acePct": 0.0963718820861678,
  "doubleFaults": 0,
  "doubleFaultPct": 0
}