{
  "totalServePoints": 130,
  "firstServeIn": 79,
  "firstServeInPct": 0.6076923076923076,
  "firstServeWon": 55,
  "firstServeWinPct": 0.6962025316455697,
  "secondServeTotal": 51,
  "secondServeWon": 22,
  "secondServeWinPct": 0.43137254901960786,
  "aces": 9,
  "acePct": 0.06923076923076923,
  "doubleFaults": 0,
  "doubleFaultPct": 0
}