{
  "winning": [
    {
      "sequence": [
        "BACKHAND_LEFT",
        "BACKHAND_LEFT"
      ],
      "total": 17,
      "winnerRate": 0.47058823529411764,
      "uplift": 0.07828054298642534,
      "rankScore": 0.22178547896910653
    },
    {
      "sequence": [
        "FOREHAND_RIGHT",
        "FOREHAND_RIGHT"
      ],
      "total": 20,
      "winnerRate": 0.4,
      "uplift": 0.0076923076923077205,
      "rankScore": 0.02304409441195386
    }
  ],
  "losing": [
    {
      "sequence": [
        "FOREHAND_LEFT",
        "BACKHAND_LEFT"
      ],
      "total": 23,
      "winnerRate": 0.30434782608695654,
      "uplift": -0.08795986622073576,
      "rankScore": -0.27579765176901877
    },
    {
      "sequence": [
        "FOREHAND_RIGHT",
        "FOREHAND_LEFT"
      ],
      "total": 15,
      "winnerRate": 0.3333333333333333,
      "uplift": -0.05897435897435899,
      "rankScore": -0.1597055246803868
    }
  ]
}