{
  "totalServePoints": 114,
  "firstServeIn": 71,
  "firstServeInPct": 0.6228070175438597,
  "firstServeWon": 48,
  "firstServeWinPct": 0.676056338028169,
  "secondServeTotal": 43,
  "secondServeWon": 20,
  "secondServeWinPct": 0.46511627906976744,
  "aces": 5,
  "acePct": 0.043859649122807015,
  "doubleFaults": 0,
  "doubleFaultPct": 0
}