{
  "wins": [
    {
      "shotType": "BACKHAND",
      "total": 50,
      "winnerRate": 0.38,
      "adjustedEffectiveness": 0.005850340136054399
    },
    {
      "shotType": "FOREHAND",
      "total": 40,
      "winnerRate": 0.325,
      "adjustedEffectiveness": -0.049149659863945594
    },
    {
      "shotType": "SERVE",
      "total": 74,
      "winnerRate": 0.5135135135135135,
      "adjustedEffectiveness": 0.13936385364956788
    }
  ],
  "losses": []
}