{
  "winning": [
    {
      "sequence": [
        "BACKHAND_LEFT",
        "BACKHAND_LEFT"
      ],
      "total": 15,
      "winnerRate": 0.4666666666666667,
      "uplift": 0.09251700680272107,
      "rankScore": 0.2505406988774833
    }
  ],
  "losing": []
}