{
  "totalServePoints": 85,
  "firstServeIn": 49,
  "firstServeInPct": 0.5764705882352941,
  "firstServeWon": 36,
  "firstServeWinPct": 0.7346938775510204,
  "secondServeTotal": 36,
  "secondServeWon": 20,
  "secondServeWinPct": 0.5555555555555556,
  "aces": 6,
  "acePct": 0.07058823529411765,
  "doubleFaults": 0,
  "doubleFaultPct": 0
}