{
  "totalServePoints": 308,
  "firstServeIn": 222,
  "firstServeInPct": 0.7207792207792207,
  "firstServeWon": 159,
  "firstServeWinPct": 0.7162162162162162,
  "secondServeTotal": 86,
  "secondServeWon": 48,
  "secondServeWinPct": 0.5581395348837209,
  "aces": 20,
  "acePct": 0.06493506493506493,
  "doubleFaults": 0,
  "doubleFaultPct": 0
}