{
  "totalServePoints": 739,
  "firstServeIn": 516,
  "firstServeInPct": 0.6982408660351827,
  "firstServeWon": 303,
  "firstServeWinPct": 0.5872093023255814,
  "secondServeTotal": 223,
  "secondServeWon": 102,
  "secondServeWinPct": 0.45739910313901344,
  "aces": 13,
  "acePct": 0.017591339648173207,
  "doubleFaults": 0,
  "doubleFaultPct": 0
}