{
  "totalServePoints": 95,
  "firstServeIn": 65,
  "firstServeInPct": 0.6842105263157895,
  "firstServeWon": 45,
  "firstServeWinPct": 0.6923076923076923,
  "secondServeTotal": 30,
  "secondServeWon": 17,
  "secondServeWinPct": 0.5666666666666667,
  "aces": 8,
  "acePct": 0.08421052631578947,
  "doubleFaults": 0,
  "doubleFaultPct": 0
}