{
  "wins": [],
  "losses": [
    {
      "shotType": "BACKHAND",
      "total": 54,
      "winnerRate": 0.3333333333333333,
      "adjustedEffectiveness": -0.04337899543378998
    },
    {
      "shotType": "BACKHAND_SLICE",
      "total": 34,
      "winnerRate": 0.29411764705882354,
      "adjustedEffectiveness": -0.08259468170829976
    },
    {
      "shotType": "FOREHAND",
      "total": 65,
      "winnerRate": 0.3230769230769231,
      "adjustedEffectiveness": -0.0536354056902002
    },
    {
      "shotType": "SERVE",
      "total": 73,
      "winnerRate": 0.5068493150684932,
      "adjustedEffectiveness": 0.13013698630136988
    }
  ]
}