{
  "totalServePoints": 329,
  "firstServeIn": 193,
  "firstServeInPct": 0.5866261398176292,
  "firstServeWon": 135,
  "firstServeWinPct": 0.6994818652849741,
  "secondServeTotal": 136,
  "secondServeWon": 64,
  "secondServeWinPct": 0.47058823529411764,
  "aces": 5,
  "acePct": 0.015197568389057751,
  "doubleFaults": 0,
  "doubleFaultPct": 0
}