{
  "totalServePoints": 224,
  "firstServeIn": 145,
  "firstServeInPct": 0.6473214285714286,
  "firstServeWon": 95,
  "firstServeWinPct": 0.6551724137931034,
  "secondServeTotal": 79,
  "secondServeWon": 34,
  "secondServeWinPct": 0.43037974683544306,
  "aces": 13,
  "acePct": 0.05803571428571429,
  "doubleFaults": 0,
  "doubleFaultPct": 0
}