{
  "totalServePoints": 531,
  "firstServeIn": 344,
  "firstServeInPct": 0.647834274952919,
  "firstServeWon": 227,
  "firstServeWinPct": 0.6598837209302325,
  "secondServeTotal": 187,
  "secondServeWon": 94,
  "secondServeWinPct": 0.5026737967914439,
  "aces": 25,
  "acePct": 0.047080979284369114,
  "doubleFaults": 0,
  "doubleFaultPct": 0
}