{
  "totalServePoints": 9811,
  "firstServeIn": 6194,
  "firstServeInPct": 0.6313321781673632,
  "firstServeWon": 4760,
  "firstServeWinPct": 0.7684856312560543,
  "secondServeTotal": 3617,
  "secondServeWon": 1914,
  "secondServeWinPct": 0.5291678186342272,
  "aces": 944,
  "acePct": 0.0962185302211803,
  "doubleFaults": 0,
  "doubleFaultPct": 0
}