{
  "winning": [
    {
      "sequence": [
        "FOREHAND_LEFT",
        "FOREHAND_LEFT"
      ],
      "total": 18,
      "winnerRate": 0.4444444444444444,
      "uplift": 0.06116918312040259,
      "rankScore": 0.17680167934479044
    }
  ],
  "losing": []
}