{
  "winning": [
    {
      "sequence": [
        "FOREHAND_RIGHT",
        "BACKHAND_RIGHT"
      ],
      "total": 15,
      "winnerRate": 0.5333333333333333,
      "uplift": 0.07702265372168282,
      "rankScore": 0.20858121290042905
    }
  ],
  "losing": []
}