{
  "wins": [
    {
      "shotType": "BACKHAND",
      "total": 124,
      "winnerRate": 0.45161290322580644,
      "adjustedEffectiveness": 0.013618180270661306
    },
    {
      "shotType": "BACKHAND_SLICE",
      "total": 17,
      "winnerRate": 0.4117647058823529,
      "adjustedEffectiveness": -0.02623001707279221
    },
    {
      "shotType": "FOREHAND",
      "total": 128,
      "winnerRate": 0.484375,
      "adjustedEffectiveness": 0.04638027704485487
    },
    {
      "shotType": "SERVE",
      "total": 190,
      "winnerRate": 0.5631578947368421,
      "adjustedEffectiveness": 0.12516317178169695
    }
  ],
  "losses": []
}