{
  "totalServePoints": 214,
  "firstServeIn": 130,
  "firstServeInPct": 0.6074766355140186,
  "firstServeWon": 99,
  "firstServeWinPct": 0.7615384615384615,
  "secondServeTotal": 84,
  "secondServeWon": 35,
  "secondServeWinPct": 0.4166666666666667,
  "aces": 24,
  "acePct": 0.11214953271028037,
  "doubleFaults": 0,
  "doubleFaultPct": 0
}