{
  "totalServePoints": 916,
  "firstServeIn": 530,
  "firstServeInPct": 0.5786026200873362,
  "firstServeWon": 425,
  "firstServeWinPct": 0.8018867924528302,
  "secondServeTotal": 386,
  "secondServeWon": 181,
  "secondServeWinPct": 0.4689119170984456,
  "aces": 147,
  "acePct": 0.16048034934497818,
  "doubleFaults": 0,
  "doubleFaultPct": 0
}