{
  "totalServePoints": 79,
  "firstServeIn": 45,
  "firstServeInPct": 0.569620253164557,
  "firstServeWon": 32,
  "firstServeWinPct": 0.7111111111111111,
  "secondServeTotal": 34,
  "secondServeWon": 18,
  "secondServeWinPct": 0.5294117647058824,
  "aces": 5,
  "acePct": 0.06329113924050633,
  "doubleFaults": 0,
  "doubleFaultPct": 0
}