{
  "wins": [
    {
      "shotType": "BACKHAND",
      "total": 45,
      "winnerRate": 0.3111111111111111,
      "adjustedEffectiveness": -0.05146198830409354
    },
    {
      "shotType": "BACKHAND_SLICE",
      "total": 23,
      "winnerRate": 0.21739130434782608,
      "adjustedEffectiveness": -0.14518179506737858
    },
    {
      "shotType": "FOREHAND",
      "total": 101,
      "winnerRate": 0.3465346534653465,
      "adjustedEffectiveness": -0.01603844594985815
    },
    {
      "shotType": "SERVE",
      "total": 86,
      "winnerRate": 0.38372093023255816,
      "adjustedEffectiveness": 0.021147830817353497
    }
  ],
  "losses": []
}