{
  "totalServePoints": 81,
  "firstServeIn": 43,
  "firstServeInPct": 0.5308641975308642,
  "firstServeWon": 31,
  "firstServeWinPct": 0.7209302325581395,
  "secondServeTotal": 38,
  "secondServeWon": 15,
  "secondServeWinPct": 0.39473684210526316,
  "aces": 3,
  "acePct": 0.037037037037037035,
  "doubleFaults": 0,
  "doubleFaultPct": 0
}