{
  "totalServePoints": 153,
  "firstServeIn": 110,
  "firstServeInPct": 0.7189542483660131,
  "firstServeWon": 66,
  "firstServeWinPct": 0.6,
  "secondServeTotal": 43,
  "secondServeWon": 26,
  "secondServeWinPct": 0.6046511627906976,
  "aces": 9,
  "acePct": 0.058823529411764705,
  "doubleFaults": 0,
  "doubleFaultPct": 0
}