{
  "totalServePoints": 940,
  "firstServeIn": 565,
  "firstServeInPct": 0.601063829787234,
  "firstServeWon": 359,
  "firstServeWinPct": 0.6353982300884956,
  "secondServeTotal": 375,
  "secondServeWon": 178,
  "secondServeWinPct": 0.4746666666666667,
  "aces": 36,
  "acePct": 0.03829787234042553,
  "doubleFaults": 0,
  "doubleFaultPct": 0
}