{
  "totalServePoints": 68,
  "firstServeIn": 44,
  "firstServeInPct": 0.6470588235294118,
  "firstServeWon": 34,
  "firstServeWinPct": 0.7727272727272727,
  "secondServeTotal": 24,
  "secondServeWon": 16,
  "secondServeWinPct": 0.6666666666666666,
  "aces": 8,
  "acePct": 0.11764705882352941,
  "doubleFaults": 0,
  "doubleFaultPct": 0
}