{
  "totalServePoints": 492,
  "firstServeIn": 336,
  "firstServeInPct": 0.6829268292682927,
  "firstServeWon": 201,
  "firstServeWinPct": 0.5982142857142857,
  "secondServeTotal": 156,
  "secondServeWon": 93,
  "secondServeWinPct": 0.5961538461538461,
  "aces": 12,
  "acePct": 0.024390243902439025,
  "doubleFaults": 0,
  "doubleFaultPct": 0
}