{
  "totalServePoints": 6776,
  "firstServeIn": 4058,
  "firstServeInPct": 0.5988783943329398,
  "firstServeWon": 3080,
  "firstServeWinPct": 0.7589945786101527,
  "secondServeTotal": 2718,
  "secondServeWon": 1229,
  "secondServeWinPct": 0.45217071376011775,
  "aces": 974,
  "acePct": 0.1437426210153483,
  "doubleFaults": 0,
  "doubleFaultPct": 0
}