{
  "wins": [],
  "losses": [
    {
      "shotType": "BACKHAND",
      "total": 44,
      "winnerRate": 0.5454545454545454,
      "adjustedEffectiveness": 0.06839032527105915
    },
    {
      "shotType": "FOREHAND",
      "total": 48,
      "winnerRate": 0.4166666666666667,
      "adjustedEffectiveness": -0.06039755351681958
    },
    {
      "shotType": "SERVE",
      "total": 54,
      "winnerRate": 0.5185185185185185,
      "adjustedEffectiveness": 0.041454298335032225
    }
  ]
}