{
  "totalServePoints": 143,
  "firstServeIn": 95,
  "firstServeInPct": 0.6643356643356644,
  "firstServeWon": 63,
  "firstServeWinPct": 0.6631578947368421,
  "secondServeTotal": 48,
  "secondServeWon": 22,
  "secondServeWinPct": 0.4583333333333333,
  "aces": 10,
  "acePct": 0.06993006993006994,
  "doubleFaults": 0,
  "doubleFaultPct": 0
}