{
  "wins": [],
  "losses": [
    {
      "shotType": "BACKHAND",
      "total": 26,
      "winnerRate": 0.2692307692307692,
      "adjustedEffectiveness": -0.1578525641025641
    },
    {
      "shotType": "FOREHAND",
      "total": 62,
      "winnerRate": 0.41935483870967744,
      "adjustedEffectiveness": -0.007728494623655879
    },
    {
      "shotType": "SERVE",
      "total": 48,
      "winnerRate": 0.4791666666666667,
      "adjustedEffectiveness": 0.05208333333333337
    }
  ]
}