{
  "wins": [
    {
      "shotType": "BACKHAND",
      "total": 18,
      "winnerRate": 0.5555555555555556,
      "adjustedEffectiveness": 0.14695340501792115
    },
    {
      "shotType": "FOREHAND",
      "total": 24,
      "winnerRate": 0.375,
      "adjustedEffectiveness": -0.033602150537634434
    },
    {
      "shotType": "SERVE",
      "total": 47,
      "winnerRate": 0.48936170212765956,
      "adjustedEffectiveness": 0.08075955159002512
    }
  ],
  "losses": []
}