{
  "wins": [],
  "losses": [
    {
      "shotType": "BACKHAND",
      "total": 38,
      "winnerRate": 0.39473684210526316,
      "adjustedEffectiveness": -0.09097744360902255
    },
    {
      "shotType": "FOREHAND",
      "total": 32,
      "winnerRate": 0.5,
      "adjustedEffectiveness": 0.01428571428571429
    },
    {
      "shotType": "SERVE",
      "total": 52,
      "winnerRate": 0.6923076923076923,
      "adjustedEffectiveness": 0.20659340659340658
    }
  ]
}