{
  "winning": [
    {
      "sequence": [
        "FOREHAND_LEFT",
        "BACKHAND_CENTER"
      ],
      "total": 17,
      "winnerRate": 0.47058823529411764,
      "uplift": 0.07058823529411762,
      "rankScore": 0.199991530168674
    }
  ],
  "losing": [
    {
      "sequence": [
        "FOREHAND_RIGHT",
        "FOREHAND_RIGHT"
      ],
      "total": 19,
      "winnerRate": 0.21052631578947367,
      "uplift": -0.18947368421052635,
      "rankScore": -0.5578937013157467
    }
  ]
}