{
  "totalServePoints": 122,
  "firstServeIn": 74,
  "firstServeInPct": 0.6065573770491803,
  "firstServeWon": 53,
  "firstServeWinPct": 0.7162162162162162,
  "secondServeTotal": 48,
  "secondServeWon": 21,
  "secondServeWinPct": 0.4375,
  "aces": 4,
  "acePct": 0.03278688524590164,
  "doubleFaults": 0,
  "doubleFaultPct": 0
}