{
  "wins": [],
  "losses": [
    {
      "shotType": "BACKHAND",
      "total": 20,
      "winnerRate": 0.35,
      "adjustedEffectiveness": -0.09791666666666671
    },
    {
      "shotType": "BACKHAND_SLICE",
      "total": 17,
      "winnerRate": 0.4117647058823529,
      "adjustedEffectiveness": -0.036151960784313764
    },
    {
      "shotType": "FOREHAND",
      "total": 36,
      "winnerRate": 0.4444444444444444,
      "adjustedEffectiveness": -0.0034722222222222654
    },
    {
      "shotType": "SERVE",
      "total": 48,
      "winnerRate": 0.4791666666666667,
      "adjustedEffectiveness": 0.03125
    }
  ]
}