{
  "wins": [],
  "losses": [
    {
      "shotType": "BACKHAND",
      "total": 57,
      "winnerRate": 0.5263157894736842,
      "adjustedEffectiveness": 0.12333071484681851
    },
    {
      "shotType": "BACKHAND_SLICE",
      "total": 18,
      "winnerRate": 0.5,
      "adjustedEffectiveness": 0.09701492537313433
    },
    {
      "shotType": "FOREHAND",
      "total": 94,
      "winnerRate": 0.5319148936170213,
      "adjustedEffectiveness": 0.1289298189901556
    },
    {
      "shotType": "SERVE",
      "total": 100,
      "winnerRate": 0.43,
      "adjustedEffectiveness": 0.027014925373134324
    }
  ]
}