{
  "totalServePoints": 572,
  "firstServeIn": 389,
  "firstServeInPct": 0.6800699300699301,
  "firstServeWon": 291,
  "firstServeWinPct": 0.7480719794344473,
  "secondServeTotal": 183,
  "secondServeWon": 97,
  "secondServeWinPct": 0.5300546448087432,
  "aces": 76,
  "acePct": 0.13286713286713286,
  "doubleFaults": 0,
  "doubleFaultPct": 0
}