{
  "winning": [
    {
      "sequence": [
        "FOREHAND_RIGHT",
        "FOREHAND_RIGHT"
      ],
      "total": 17,
      "winnerRate": 0.5882352941176471,
      "uplift": 0.1808278867102397,
      "rankScore": 0.5123239816049369
    }
  ],
  "losing": [
    {
      "sequence": [
        "FOREHAND_LEFT",
        "BACKHAND_SLICE_LEFT"
      ],
      "total": 15,
      "winnerRate": 0.4,
      "uplift": -0.007407407407407363,
      "rankScore": -0.020059631119275508
    }
  ]
}