{
  "totalServePoints": 133,
  "firstServeIn": 78,
  "firstServeInPct": 0.5864661654135338,
  "firstServeWon": 55,
  "firstServeWinPct": 0.7051282051282052,
  "secondServeTotal": 55,
  "secondServeWon": 17,
  "secondServeWinPct": 0.3090909090909091,
  "aces": 3,
  "acePct": 0.022556390977443608,
  "doubleFaults": 0,
  "doubleFaultPct": 0
}