{
  "winning": [],
  "losing": [
    {
      "sequence": [
        "BODY",
        "FOREHAND_CENTER_DEEP"
      ],
      "total": 15,
      "winnerRate": 0.2,
      "uplift": -0.097029702970297,
      "rankScore": -0.2627613066416005
    },
    {
      "sequence": [
        "BACKHAND_LEFT_DEEP",
        "BACKHAND_LEFT_DEEP"
      ],
      "total": 16,
      "winnerRate": 0.25,
      "uplift": -0.047029702970297016,
      "rankScore": -0.13039402406573225
    }
  ]
}