{
  "totalServePoints": 84,
  "firstServeIn": 54,
  "firstServeInPct": 0.6428571428571429,
  "firstServeWon": 36,
  "firstServeWinPct": 0.6666666666666666,
  "secondServeTotal": 30,
  "secondServeWon": 13,
  "secondServeWinPct": 0.43333333333333335,
  "aces": 4,
  "acePct": 0.047619047619047616,
  "doubleFaults": 0,
  "doubleFaultPct": 0
}