{
  "wins": [],
  "losses": [
    {
      "shotType": "BACKHAND",
      "total": 68,
      "winnerRate": 0.25,
      "adjustedEffectiveness": -0.12190082644628097
    },
    {
      "shotType": "FOREHAND",
      "total": 74,
      "winnerRate": 0.28378378378378377,
      "adjustedEffectiveness": -0.0881170426624972
    },
    {
      "shotType": "SERVE",
      "total": 60,
      "winnerRate": 0.45,
      "adjustedEffectiveness": 0.07809917355371904
    }
  ]
}