{
  "totalServePoints": 352,
  "firstServeIn": 193,
  "firstServeInPct": 0.5482954545454546,
  "firstServeWon": 117,
  "firstServeWinPct": 0.6062176165803109,
  "secondServeTotal": 159,
  "secondServeWon": 76,
  "secondServeWinPct": 0.4779874213836478,
  "aces": 17,
  "acePct": 0.048295454545454544,
  "doubleFaults": 0,
  "doubleFaultPct": 0
}