{
  "winning": [
    {
      "sequence": [
        "FOREHAND_RIGHT",
        "FOREHAND_LEFT"
      ],
      "total": 15,
      "winnerRate": 0.5333333333333333,
      "uplift": 0.10745098039215684,
      "rankScore": 0.29098264905960997
    },
    {
      "sequence": [
        "FOREHAND_LEFT",
        "BACKHAND_LEFT"
      ],
      "total": 30,
      "winnerRate": 0.4666666666666667,
      "uplift": 0.040784313725490184,
      "rankScore": 0.13871550105602512
    },
    {
      "sequence": [
        "FOREHAND_LEFT",
        "BACKHAND_CENTER"
      ],
      "total": 17,
      "winnerRate": 0.47058823529411764,
      "uplift": 0.04470588235294115,
      "rankScore": 0.1266613024401602
    }
  ],
  "losing": [
    {
      "sequence": [
        "BACKHAND_LEFT",
        "BACKHAND_LEFT"
      ],
      "total": 18,
      "winnerRate": 0.2222222222222222,
      "uplift": -0.20366013071895428,
      "rankScore": -0.5886534900395065
    },
    {
      "sequence": [
        "FOREHAND_RIGHT",
        "FOREHAND_RIGHT"
      ],
      "total": 20,
      "winnerRate": 0.35,
      "uplift": -0.07588235294117651,
      "rankScore": -0.22732321369909708
    }
  ]
}