{
  "totalServePoints": 224,
  "firstServeIn": 152,
  "firstServeInPct": 0.6785714285714286,
  "firstServeWon": 110,
  "firstServeWinPct": 0.7236842105263158,
  "secondServeTotal": 72,
  "secondServeWon": 29,
  "secondServeWinPct": 0.4027777777777778,
  "aces": 26,
  "acePct": 0.11607142857142858,
  "doubleFaults": 0,
  "doubleFaultPct": 0
}