{
  "wins": [
    {
      "shotType": "BACKHAND",
      "total": 52,
      "winnerRate": 0.4230769230769231,
      "adjustedEffectiveness": -0.004700854700854684
    },
    {
      "shotType": "BACKHAND_SLICE",
      "total": 16,
      "winnerRate": 0.4375,
      "adjustedEffectiveness": 0.009722222222222243
    },
    {
      "shotType": "FOREHAND",
      "total": 78,
      "winnerRate": 0.47435897435897434,
      "adjustedEffectiveness": 0.04658119658119658
    },
    {
      "shotType": "SERVE",
      "total": 90,
      "winnerRate": 0.5222222222222223,
      "adjustedEffectiveness": 0.0944444444444445
    }
  ],
  "losses": []
}