{
  "totalServePoints": 97,
  "firstServeIn": 64,
  "firstServeInPct": 0.6597938144329897,
  "firstServeWon": 39,
  "firstServeWinPct": 0.609375,
  "secondServeTotal": 33,
  "secondServeWon": 16,
  "secondServeWinPct": 0.48484848484848486,
  "aces": 7,
  "acePct": 0.07216494845360824,
  "doubleFaults": 0,
  "doubleFaultPct": 0
}