{
  "totalServePoints": 1153,
  "firstServeIn": 673,
  "firstServeInPct": 0.5836947094535994,
  "firstServeWon": 470,
  "firstServeWinPct": 0.6983655274888558,
  "secondServeTotal": 480,
  "secondServeWon": 240,
  "secondServeWinPct": 0.5,
  "aces": 88,
  "acePct": 0.07632263660017347,
  "doubleFaults": 0,
  "doubleFaultPct": 0
}