{
  "wins": [],
  "losses": [
    {
      "shotType": "BACKHAND",
      "total": 89,
      "winnerRate": 0.5393258426966292,
      "adjustedEffectiveness": 0.08715192965315094
    },
    {
      "shotType": "BACKHAND_SLICE",
      "total": 23,
      "winnerRate": 0.30434782608695654,
      "adjustedEffectiveness": -0.14782608695652172
    },
    {
      "shotType": "FOREHAND",
      "total": 136,
      "winnerRate": 0.5294117647058824,
      "adjustedEffectiveness": 0.0772378516624041
    },
    {
      "shotType": "SERVE",
      "total": 115,
      "winnerRate": 0.48695652173913045,
      "adjustedEffectiveness": 0.034782608695652195
    }
  ]
}