{
  "totalServePoints": 107,
  "firstServeIn": 65,
  "firstServeInPct": 0.6074766355140186,
  "firstServeWon": 51,
  "firstServeWinPct": 0.7846153846153846,
  "secondServeTotal": 42,
  "secondServeWon": 26,
  "secondServeWinPct": 0.6190476190476191,
  "aces": 7,
  "acePct": 0.06542056074766354,
  "doubleFaults": 0,
  "doubleFaultPct": 0
}