{
  "totalServePoints": 664,
  "firstServeIn": 434,
  "firstServeInPct": 0.6536144578313253,
  "firstServeWon": 297,
  "firstServeWinPct": 0.684331797235023,
  "secondServeTotal": 230,
  "secondServeWon": 129,
  "secondServeWinPct": 0.5608695652173913,
  "aces": 23,
  "acePct": 0.03463855421686747,
  "doubleFaults": 0,
  "doubleFaultPct": 0
}