{
  "winning": [],
  "losing": [
    {
      "sequence": [
        "FOREHAND_RIGHT",
        "FOREHAND_RIGHT"
      ],
      "total": 15,
      "winnerRate": 0.26666666666666666,
      "uplift": -0.10220941402497596,
      "rankScore": -0.2767882242048752
    },
    {
      "sequence": [
        "FOREHAND_LEFT",
        "BACKHAND_LEFT"
      ],
      "total": 19,
      "winnerRate": 0.3684210526315789,
      "uplift": -0.0004550280600637002,
      "rankScore": -0.0013398023566660471
    }
  ]
}