{
  "totalServePoints": 319,
  "firstServeIn": 192,
  "firstServeInPct": 0.6018808777429467,
  "firstServeWon": 116,
  "firstServeWinPct": 0.6041666666666666,
  "secondServeTotal": 127,
  "secondServeWon": 71,
  "secondServeWinPct": 0.5590551181102362,
  "aces": 14,
  "acePct": 0.0438871473354232,
  "doubleFaults": 0,
  "doubleFaultPct": 0
}