{
  "totalServePoints": 110,
  "firstServeIn": 56,
  "firstServeInPct": 0.509090909090909,
  "firstServeWon": 39,
  "firstServeWinPct": 0.6964285714285714,
  "secondServeTotal": 54,
  "secondServeWon": 25,
  "secondServeWinPct": 0.46296296296296297,
  "aces": 12,
  "acePct": 0.10909090909090909,
  "doubleFaults": 0,
  "doubleFaultPct": 0
}