{
  "totalServePoints": 252,
  "firstServeIn": 161,
  "firstServeInPct": 0.6388888888888888,
  "firstServeWon": 117,
  "firstServeWinPct": 0.7267080745341615,
  "secondServeTotal": 91,
  "secondServeWon": 45,
  "secondServeWinPct": 0.4945054945054945,
  "aces": 29,
  "acePct": 0.11507936507936507,
  "doubleFaults": 0,
  "doubleFaultPct": 0
}