{
  "totalServePoints": 630,
  "firstServeIn": 426,
  "firstServeInPct": 0.6761904761904762,
  "firstServeWon": 272,
  "firstServeWinPct": 0.6384976525821596,
  "secondServeTotal": 204,
  "secondServeWon": 88,
  "secondServeWinPct": 0.43137254901960786,
  "aces": 3,
  "acePct": 0.004761904761904762,
  "doubleFaults": 0,
  "doubleFaultPct": 0
}