{
  "totalServePoints": 681,
  "firstServeIn": 405,
  "firstServeInPct": 0.5947136563876652,
  "firstServeWon": 247,
  "firstServeWinPct": 0.6098765432098765,
  "secondServeTotal": 276,
  "secondServeWon": 128,
  "secondServeWinPct": 0.463768115942029,
  "aces": 17,
  "acePct": 0.024963289280469897,
  "doubleFaults": 0,
  "doubleFaultPct": 0
}