{
  "wins": [
    {
      "shotType": "BACKHAND",
      "total": 53,
      "winnerRate": 0.20754716981132076,
      "adjustedEffectiveness": -0.15006872422841433
    },
    {
      "shotType": "FOREHAND",
      "total": 102,
      "winnerRate": 0.3431372549019608,
      "adjustedEffectiveness": -0.014478639137774307
    },
    {
      "shotType": "SERVE",
      "total": 76,
      "winnerRate": 0.39473684210526316,
      "adjustedEffectiveness": 0.03712094806552807
    }
  ],
  "losses": []
}