{
  "winning": [
    {
      "sequence": [
        "BACKHAND_CENTER",
        "FOREHAND_CENTER"
      ],
      "total": 16,
      "winnerRate": 0.4375,
      "uplift": 0.0798841059602649,
      "rankScore": 0.22148577127163815
    }
  ],
  "losing": [
    {
      "sequence": [
        "BACKHAND_CENTER",
        "FOREHAND_LEFT"
      ],
      "total": 19,
      "winnerRate": 0.21052631578947367,
      "uplift": -0.14708957825026142,
      "rankScore": -0.433096287629222
    },
    {
      "sequence": [
        "FOREHAND_CENTER",
        "FOREHAND_RIGHT"
      ],
      "total": 15,
      "winnerRate": 0.26666666666666666,
      "uplift": -0.09094922737306843,
      "rankScore": -0.24629507347772858
    },
    {
      "sequence": [
        "FOREHAND_CENTER",
        "FOREHAND_LEFT"
      ],
      "total": 16,
      "winnerRate": 0.3125,
      "uplift": -0.045115894039735094,
      "rankScore": -0.1250878190083345
    }
  ]
}