{
  "totalServePoints": 87,
  "firstServeIn": 58,
  "firstServeInPct": 0.6666666666666666,
  "firstServeWon": 43,
  "firstServeWinPct": 0.7413793103448276,
  "secondServeTotal": 29,
  "secondServeWon": 8,
  "secondServeWinPct": 0.27586206896551724,
  "aces": 5,
  "acePct": 0.05747126436781609,
  "doubleFaults": 0,
  "doubleFaultPct": 0
}