{
  "totalServePoints": 2074,
  "firstServeIn": 1201,
  "firstServeInPct": 0.5790742526518804,
  "firstServeWon": 826,
  "firstServeWinPct": 0.6877601998334721,
  "secondServeTotal": 873,
  "secondServeWon": 438,
  "secondServeWinPct": 0.5017182130584192,
  "aces": 84,
  "acePct": 0.040501446480231434,
  "doubleFaults": 0,
  "doubleFaultPct": 0
}