{
  "wins": [],
  "losses": [
    {
      "shotType": "BACKHAND",
      "total": 144,
      "winnerRate": 0.3611111111111111,
      "adjustedEffectiveness": -0.04012345679012347
    },
    {
      "shotType": "FOREHAND",
      "total": 203,
      "winnerRate": 0.3694581280788177,
      "adjustedEffectiveness": -0.031776439822416847
    },
    {
      "shotType": "SERVE",
      "total": 161,
      "winnerRate": 0.45962732919254656,
      "adjustedEffectiveness": 0.05839276129131199
    }
  ]
}