{
  "totalServePoints": 162,
  "firstServeIn": 119,
  "firstServeInPct": 0.7345679012345679,
  "firstServeWon": 77,
  "firstServeWinPct": 0.6470588235294118,
  "secondServeTotal": 43,
  "secondServeWon": 17,
  "secondServeWinPct": 0.3953488372093023,
  "aces": 15,
  "acePct": 0.09259259259259259,
  "doubleFaults": 0,
  "doubleFaultPct": 0
}