{
  "totalServePoints": 1296,
  "firstServeIn": 833,
  "firstServeInPct": 0.6427469135802469,
  "firstServeWon": 547,
  "firstServeWinPct": 0.6566626650660264,
  "secondServeTotal": 463,
  "secondServeWon": 216,
  "secondServeWinPct": 0.46652267818574517,
  "aces": 42,
  "acePct": 0.032407407407407406,
  "doubleFaults": 0,
  "doubleFaultPct": 0
}