{
  "totalServePoints": 152,
  "firstServeIn": 97,
  "firstServeInPct": 0.6381578947368421,
  "firstServeWon": 81,
  "firstServeWinPct": 0.8350515463917526,
  "secondServeTotal": 55,
  "secondServeWon": 23,
  "secondServeWinPct": 0.41818181818181815,
  "aces": 26,
  "acePct": 0.17105263157894737,
  "doubleFaults": 0,
  "doubleFaultPct": 0
}