{
  "winning": [
    {
      "sequence": [
        "WIDE",
        "FOREHAND_CENTER_DEEP"
      ],
      "total": 15,
      "winnerRate": 0.4666666666666667,
      "uplift": 0.05774473358116483,
      "rankScore": 0.15637563738706697
    }
  ],
  "losing": [
    {
      "sequence": [
        "FOREHAND_RIGHT",
        "FOREHAND_RIGHT"
      ],
      "total": 22,
      "winnerRate": 0.22727272727272727,
      "uplift": -0.18164920581277458,
      "rankScore": -0.5614854067861084
    }
  ]
}