{
  "totalServePoints": 293,
  "firstServeIn": 196,
  "firstServeInPct": 0.6689419795221843,
  "firstServeWon": 133,
  "firstServeWinPct": 0.6785714285714286,
  "secondServeTotal": 97,
  "secondServeWon": 47,
  "secondServeWinPct": 0.4845360824742268,
  "aces": 14,
  "acePct": 0.04778156996587031,
  "doubleFaults": 0,
  "doubleFaultPct": 0
}