{
  "totalServePoints": 443,
  "firstServeIn": 242,
  "firstServeInPct": 0.54627539503386,
  "firstServeWon": 181,
  "firstServeWinPct": 0.7479338842975206,
  "secondServeTotal": 201,
  "secondServeWon": 103,
  "secondServeWinPct": 0.5124378109452736,
  "aces": 55,
  "acePct": 0.12415349887133183,
  "doubleFaults": 0,
  "doubleFaultPct": 0
}