{
  "winning": [],
  "losing": [
    {
      "sequence": [
        "FOREHAND_RIGHT",
        "FOREHAND_RIGHT"
      ],
      "total": 22,
      "winnerRate": 0.22727272727272727,
      "uplift": -0.1782828282828283,
      "rankScore": -0.551079790927013
    }
  ]
}