{
  "totalServePoints": 94,
  "firstServeIn": 63,
  "firstServeInPct": 0.6702127659574468,
  "firstServeWon": 47,
  "firstServeWinPct": 0.746031746031746,
  "secondServeTotal": 31,
  "secondServeWon": 11,
  "secondServeWinPct": 0.3548387096774194,
  "aces": 7,
  "acePct": 0.07446808510638298,
  "doubleFaults": 0,
  "doubleFaultPct": 0
}