{
  "wins": [
    {
      "shotType": "BACKHAND",
      "total": 22,
      "winnerRate": 0.2727272727272727,
      "adjustedEffectiveness": -0.09508881922675028
    },
    {
      "shotType": "FOREHAND",
      "total": 28,
      "winnerRate": 0.10714285714285714,
      "adjustedEffectiveness": -0.26067323481116583
    },
    {
      "shotType": "SERVE",
      "total": 44,
      "winnerRate": 0.4090909090909091,
      "adjustedEffectiveness": 0.04127481713688613
    }
  ],
  "losses": []
}