{
  "totalServePoints": 103,
  "firstServeIn": 73,
  "firstServeInPct": 0.7087378640776699,
  "firstServeWon": 58,
  "firstServeWinPct": 0.7945205479452054,
  "secondServeTotal": 30,
  "secondServeWon": 20,
  "secondServeWinPct": 0.6666666666666666,
  "aces": 7,
  "acePct": 0.06796116504854369,
  "doubleFaults": 0,
  "doubleFaultPct": 0
}