{
  "wins": [
    {
      "shotType": "BACKHAND",
      "total": 23,
      "winnerRate": 0.43478260869565216,
      "adjustedEffectiveness": -0.01164596273291929
    },
    {
      "shotType": "BACKHAND_SLICE",
      "total": 19,
      "winnerRate": 0.47368421052631576,
      "adjustedEffectiveness": 0.02725563909774431
    },
    {
      "shotType": "FOREHAND",
      "total": 49,
      "winnerRate": 0.42857142857142855,
      "adjustedEffectiveness": -0.017857142857142905
    },
    {
      "shotType": "SERVE",
      "total": 56,
      "winnerRate": 0.5178571428571429,
      "adjustedEffectiveness": 0.07142857142857145
    }
  ],
  "losses": []
}