{
  "totalServePoints": 508,
  "firstServeIn": 366,
  "firstServeInPct": 0.7204724409448819,
  "firstServeWon": 229,
  "firstServeWinPct": 0.6256830601092896,
  "secondServeTotal": 142,
  "secondServeWon": 67,
  "secondServeWinPct": 0.47183098591549294,
  "aces": 11,
  "acePct": 0.021653543307086614,
  "doubleFaults": 0,
  "doubleFaultPct": 0
}