{
  "totalServePoints": 526,
  "firstServeIn": 303,
  "firstServeInPct": 0.5760456273764258,
  "firstServeWon": 211,
  "firstServeWinPct": 0.6963696369636964,
  "secondServeTotal": 223,
  "secondServeWon": 121,
  "secondServeWinPct": 0.5426008968609866,
  "aces": 25,
  "acePct": 0.04752851711026616,
  "doubleFaults": 0,
  "doubleFaultPct": 0
}