{
  "totalServePoints": 4045,
  "firstServeIn": 2439,
  "firstServeInPct": 0.6029666254635352,
  "firstServeWon": 1596,
  "firstServeWinPct": 0.6543665436654367,
  "secondServeTotal": 1606,
  "secondServeWon": 800,
  "secondServeWinPct": 0.49813200498132004,
  "aces": 161,
  "acePct": 0.03980222496909765,
  "doubleFaults": 0,
  "doubleFaultPct": 0
}