{
  "wins": [],
  "losses": [
    {
      "shotType": "BACKHAND",
      "total": 46,
      "winnerRate": 0.2608695652173913,
      "adjustedEffectiveness": -0.11536805854498494
    },
    {
      "shotType": "FOREHAND",
      "total": 43,
      "winnerRate": 0.27906976744186046,
      "adjustedEffectiveness": -0.09716785632051578
    },
    {
      "shotType": "SERVE",
      "total": 50,
      "winnerRate": 0.4,
      "adjustedEffectiveness": 0.023762376237623783
    }
  ]
}