{
  "totalServePoints": 151,
  "firstServeIn": 96,
  "firstServeInPct": 0.6357615894039735,
  "firstServeWon": 59,
  "firstServeWinPct": 0.6145833333333334,
  "secondServeTotal": 55,
  "secondServeWon": 27,
  "secondServeWinPct": 0.4909090909090909,
  "aces": 10,
  "acePct": 0.06622516556291391,
  "doubleFaults": 0,
  "doubleFaultPct": 0
}