{
  "totalServePoints": 14521,
  "firstServeIn": 10046,
  "firstServeInPct": 0.691825631843537,
  "firstServeWon": 7433,
  "firstServeWinPct": 0.7398964762094365,
  "secondServeTotal": 4475,
  "secondServeWon": 2168,
  "secondServeWinPct": 0.48446927374301674,
  "aces": 1500,
  "acePct": 0.10329867089043454,
  "doubleFaults": 0,
  "doubleFaultPct": 0
}