{
  "totalServePoints": 3201,
  "firstServeIn": 2175,
  "firstServeInPct": 0.6794751640112465,
  "firstServeWon": 1478,
  "firstServeWinPct": 0.6795402298850575,
  "secondServeTotal": 1026,
  "secondServeWon": 516,
  "secondServeWinPct": 0.5029239766081871,
  "aces": 150,
  "acePct": 0.046860356138706656,
  "doubleFaults": 0,
  "doubleFaultPct": 0
}