{
  "totalServePoints": 355,
  "firstServeIn": 227,
  "firstServeInPct": 0.6394366197183099,
  "firstServeWon": 157,
  "firstServeWinPct": 0.6916299559471366,
  "secondServeTotal": 128,
  "secondServeWon": 50,
  "secondServeWinPct": 0.390625,
  "aces": 31,
  "acePct": 0.08732394366197183,
  "doubleFaults": 0,
  "doubleFaultPct": 0
}