{
  "winning": [],
  "losing": [
    {
      "sequence": [
        "FOREHAND_CENTER",
        "FOREHAND_LEFT"
      ],
      "total": 15,
      "winnerRate": 0.3333333333333333,
      "uplift": -0.04834605597964381,
      "rankScore": -0.13092354661817313
    }
  ]
}