{
  "totalServePoints": 191,
  "firstServeIn": 118,
  "firstServeInPct": 0.6178010471204188,
  "firstServeWon": 82,
  "firstServeWinPct": 0.6949152542372882,
  "secondServeTotal": 73,
  "secondServeWon": 29,
  "secondServeWinPct": 0.3972602739726027,
  "aces": 9,
  "acePct": 0.04712041884816754,
  "doubleFaults": 0,
  "doubleFaultPct": 0
}