{
  "winning": [
    {
      "sequence": [
        "FOREHAND_LEFT",
        "BACKHAND_LEFT"
      ],
      "total": 28,
      "winnerRate": 0.6071428571428571,
      "uplift": 0.1793755025462342,
      "rankScore": 0.5977158585995053
    },
    {
      "sequence": [
        "BACKHAND_LEFT",
        "FOREHAND_LEFT"
      ],
      "total": 17,
      "winnerRate": 0.5294117647058824,
      "uplift": 0.10164441010925945,
      "rankScore": 0.28798029907027645
    }
  ],
  "losing": []
}