{
  "wins": [
    {
      "shotType": "BACKHAND",
      "total": 68,
      "winnerRate": 0.3382352941176471,
      "adjustedEffectiveness": -0.05065359477124182
    },
    {
      "shotType": "BACKHAND_SLICE",
      "total": 17,
      "winnerRate": 0.23529411764705882,
      "adjustedEffectiveness": -0.15359477124183007
    },
    {
      "shotType": "FOREHAND",
      "total": 108,
      "winnerRate": 0.2777777777777778,
      "adjustedEffectiveness": -0.1111111111111111
    },
    {
      "shotType": "SERVE",
      "total": 99,
      "winnerRate": 0.48484848484848486,
      "adjustedEffectiveness": 0.09595959595959597
    }
  ],
  "losses": []
}