{
  "totalServePoints": 197,
  "firstServeIn": 129,
  "firstServeInPct": 0.6548223350253807,
  "firstServeWon": 81,
  "firstServeWinPct": 0.627906976744186,
  "secondServeTotal": 68,
  "secondServeWon": 27,
  "secondServeWinPct": 0.39705882352941174,
  "aces": 11,
  "acePct": 0.05583756345177665,
  "doubleFaults": 0,
  "doubleFaultPct": 0
}