{
  "totalServePoints": 1069,
  "firstServeIn": 640,
  "firstServeInPct": 0.598690364826941,
  "firstServeWon": 478,
  "firstServeWinPct": 0.746875,
  "secondServeTotal": 429,
  "secondServeWon": 228,
  "secondServeWinPct": 0.5314685314685315,
  "aces": 98,
  "acePct": 0.09167446211412535,
  "doubleFaults": 0,
  "doubleFaultPct": 0
}