{
  "totalServePoints": 1294,
  "firstServeIn": 707,
  "firstServeInPct": 0.5463678516228748,
  "firstServeWon": 513,
  "firstServeWinPct": 0.7256011315417256,
  "secondServeTotal": 587,
  "secondServeWon": 264,
  "secondServeWinPct": 0.4497444633730835,
  "aces": 104,
  "acePct": 0.080370942812983,
  "doubleFaults": 0,
  "doubleFaultPct": 0
}