{
  "totalServePoints": 156,
  "firstServeIn": 90,
  "firstServeInPct": 0.5769230769230769,
  "firstServeWon": 56,
  "firstServeWinPct": 0.6222222222222222,
  "secondServeTotal": 66,
  "secondServeWon": 31,
  "secondServeWinPct": 0.4696969696969697,
  "aces": 6,
  "acePct": 0.038461538461538464,
  "doubleFaults": 0,
  "doubleFaultPct": 0
}