{
  "totalServePoints": 2039,
  "firstServeIn": 1218,
  "firstServeInPct": 0.5973516429622364,
  "firstServeWon": 933,
  "firstServeWinPct": 0.7660098522167488,
  "secondServeTotal": 821,
  "secondServeWon": 400,
  "secondServeWinPct": 0.48721071863581,
  "aces": 258,
  "acePct": 0.12653261402648358,
  "doubleFaults": 0,
  "doubleFaultPct": 0
}