{
  "totalServePoints": 3351,
  "firstServeIn": 1983,
  "firstServeInPct": 0.5917636526410027,
  "firstServeWon": 1553,
  "firstServeWinPct": 0.7831568330811901,
  "secondServeTotal": 1368,
  "secondServeWon": 678,
  "secondServeWinPct": 0.4956140350877193,
  "aces": 418,
  "acePct": 0.12473888391524918,
  "doubleFaults": 0,
  "doubleFaultPct": 0
}