{
  "totalServePoints": 148,
  "firstServeIn": 80,
  "firstServeInPct": 0.5405405405405406,
  "firstServeWon": 53,
  "firstServeWinPct": 0.6625,
  "secondServeTotal": 68,
  "secondServeWon": 31,
  "secondServeWinPct": 0.45588235294117646,
  "aces": 4,
  "acePct": 0.02702702702702703,
  "doubleFaults": 0,
  "doubleFaultPct": 0
}