{
  "totalServePoints": 265,
  "firstServeIn": 153,
  "firstServeInPct": 0.5773584905660377,
  "firstServeWon": 100,
  "firstServeWinPct": 0.6535947712418301,
  "secondServeTotal": 112,
  "secondServeWon": 51,
  "secondServeWinPct": 0.45535714285714285,
  "aces": 16,
  "acePct": 0.06037735849056604,
  "doubleFaults": 0,
  "doubleFaultPct": 0
}