{
  "totalServePoints": 6511,
  "firstServeIn": 4215,
  "firstServeInPct": 0.6473659960067578,
  "firstServeWon": 3133,
  "firstServeWinPct": 0.7432977461447212,
  "secondServeTotal": 2296,
  "secondServeWon": 1146,
  "secondServeWinPct": 0.4991289198606272,
  "aces": 724,
  "acePct": 0.11119643679926279,
  "doubleFaults": 0,
  "doubleFaultPct": 0
}