{
  "totalServePoints": 201,
  "firstServeIn": 132,
  "firstServeInPct": 0.6567164179104478,
  "firstServeWon": 91,
  "firstServeWinPct": 0.6893939393939394,
  "secondServeTotal": 69,
  "secondServeWon": 32,
  "secondServeWinPct": 0.463768115942029,
  "aces": 21,
  "acePct": 0.1044776119402985,
  "doubleFaults": 0,
  "doubleFaultPct": 0
}