{
  "totalServePoints": 3826,
  "firstServeIn": 2362,
  "firstServeInPct": 0.6173549398849973,
  "firstServeWon": 1672,
  "firstServeWinPct": 0.707874682472481,
  "secondServeTotal": 1464,
  "secondServeWon": 738,
  "secondServeWinPct": 0.5040983606557377,
  "aces": 250,
  "acePct": 0.06534239414532149,
  "doubleFaults": 0,
  "doubleFaultPct": 0
}