{
  "wins": [
    {
      "shotType": "BACKHAND",
      "total": 88,
      "winnerRate": 0.4431818181818182,
      "adjustedEffectiveness": 0.05713530655391119
    },
    {
      "shotType": "BACKHAND_SLICE",
      "total": 28,
      "winnerRate": 0.32142857142857145,
      "adjustedEffectiveness": -0.06461794019933553
    },
    {
      "shotType": "FOREHAND",
      "total": 96,
      "winnerRate": 0.4583333333333333,
      "adjustedEffectiveness": 0.07228682170542633
    },
    {
      "shotType": "SERVE",
      "total": 108,
      "winnerRate": 0.4444444444444444,
      "adjustedEffectiveness": 0.058397932816537435
    }
  ],
  "losses": []
}