{
  "totalServePoints": 101,
  "firstServeIn": 64,
  "firstServeInPct": 0.6336633663366337,
  "firstServeWon": 45,
  "firstServeWinPct": 0.703125,
  "secondServeTotal": 37,
  "secondServeWon": 13,
  "secondServeWinPct": 0.35135135135135137,
  "aces": 7,
  "acePct": 0.06930693069306931,
  "doubleFaults": 0,
  "doubleFaultPct": 0
}