{
  "totalServePoints": 3073,
  "firstServeIn": 1989,
  "firstServeInPct": 0.647250244061178,
  "firstServeWon": 1243,
  "firstServeWinPct": 0.624937154348919,
  "secondServeTotal": 1084,
  "secondServeWon": 555,
  "secondServeWinPct": 0.5119926199261993,
  "aces": 79,
  "acePct": 0.02570777741620566,
  "doubleFaults": 0,
  "doubleFaultPct": 0
}