{
  "totalServePoints": 1030,
  "firstServeIn": 612,
  "firstServeInPct": 0.5941747572815534,
  "firstServeWon": 447,
  "firstServeWinPct": 0.7303921568627451,
  "secondServeTotal": 418,
  "secondServeWon": 198,
  "secondServeWinPct": 0.47368421052631576,
  "aces": 125,
  "acePct": 0.12135922330097088,
  "doubleFaults": 0,
  "doubleFaultPct": 0
}