{
  "totalServePoints": 113,
  "firstServeIn": 62,
  "firstServeInPct": 0.5486725663716814,
  "firstServeWon": 49,
  "firstServeWinPct": 0.7903225806451613,
  "secondServeTotal": 51,
  "secondServeWon": 34,
  "secondServeWinPct": 0.6666666666666666,
  "aces": 16,
  "acePct": 0.1415929203539823,
  "doubleFaults": 0,
  "doubleFaultPct": 0
}