{
  "winning": [
    {
      "sequence": [
        "FOREHAND_RIGHT",
        "FOREHAND_CENTER"
      ],
      "total": 15,
      "winnerRate": 0.5333333333333333,
      "uplift": 0.027083333333333348,
      "rankScore": 0.07334302627985156
    },
    {
      "sequence": [
        "FOREHAND_LEFT",
        "BACKHAND_LEFT"
      ],
      "total": 17,
      "winnerRate": 0.5294117647058824,
      "uplift": 0.02316176470588238,
      "rankScore": 0.06562222083659626
    }
  ],
  "losing": [
    {
      "sequence": [
        "FOREHAND_CENTER",
        "FOREHAND_LEFT"
      ],
      "total": 16,
      "winnerRate": 0.375,
      "uplift": -0.13124999999999998,
      "rankScore": -0.3639022697939712
    }
  ]
}