{
  "totalServePoints": 183,
  "firstServeIn": 119,
  "firstServeInPct": 0.6502732240437158,
  "firstServeWon": 65,
  "firstServeWinPct": 0.5462184873949579,
  "secondServeTotal": 64,
  "secondServeWon": 24,
  "secondServeWinPct": 0.375,
  "aces": 7,
  "acePct": 0.03825136612021858,
  "doubleFaults": 0,
  "doubleFaultPct": 0
}