{
  "winning": [
    {
      "sequence": [
        "FOREHAND_LEFT",
        "BACKHAND_LEFT"
      ],
      "total": 16,
      "winnerRate": 0.4375,
      "uplift": 0.06579403606102635,
      "rankScore": 0.18241980237343913
    }
  ],
  "losing": [
    {
      "sequence": [
        "BACKHAND_LEFT",
        "BACKHAND_LEFT"
      ],
      "total": 20,
      "winnerRate": 0.3,
      "uplift": -0.07170596393897366,
      "rankScore": -0.21481187037828203
    },
    {
      "sequence": [
        "T",
        "FOREHAND_CENTER_DEEP"
      ],
      "total": 15,
      "winnerRate": 0.3333333333333333,
      "uplift": -0.038372630605640334,
      "rankScore": -0.10391501002842513
    }
  ]
}