{
  "totalServePoints": 371,
  "firstServeIn": 213,
  "firstServeInPct": 0.5741239892183289,
  "firstServeWon": 156,
  "firstServeWinPct": 0.7323943661971831,
  "secondServeTotal": 158,
  "secondServeWon": 76,
  "secondServeWinPct": 0.4810126582278481,
  "aces": 28,
  "acePct": 0.07547169811320754,
  "doubleFaults": 0,
  "doubleFaultPct": 0
}