{
  "wins": [
    {
      "shotType": "BACKHAND",
      "total": 43,
      "winnerRate": 0.32558139534883723,
      "adjustedEffectiveness": -0.03980322003577813
    },
    {
      "shotType": "BACKHAND_SLICE",
      "total": 33,
      "winnerRate": 0.2727272727272727,
      "adjustedEffectiveness": -0.09265734265734266
    },
    {
      "shotType": "FOREHAND",
      "total": 87,
      "winnerRate": 0.42528735632183906,
      "adjustedEffectiveness": 0.0599027409372237
    },
    {
      "shotType": "SERVE",
      "total": 104,
      "winnerRate": 0.4519230769230769,
      "adjustedEffectiveness": 0.08653846153846156
    }
  ],
  "losses": []
}