{
  "totalServePoints": 106,
  "firstServeIn": 62,
  "firstServeInPct": 0.5849056603773585,
  "firstServeWon": 37,
  "firstServeWinPct": 0.5967741935483871,
  "secondServeTotal": 44,
  "secondServeWon": 28,
  "secondServeWinPct": 0.6363636363636364,
  "aces": 4,
  "acePct": 0.03773584905660377,
  "doubleFaults": 0,
  "doubleFaultPct": 0
}