{
  "totalServePoints": 881,
  "firstServeIn": 606,
  "firstServeInPct": 0.6878547105561862,
  "firstServeWon": 426,
  "firstServeWinPct": 0.7029702970297029,
  "secondServeTotal": 275,
  "secondServeWon": 157,
  "secondServeWinPct": 0.5709090909090909,
  "aces": 25,
  "acePct": 0.028376844494892167,
  "doubleFaults": 0,
  "doubleFaultPct": 0
}