{
  "totalServePoints": 1051,
  "firstServeIn": 704,
  "firstServeInPct": 0.6698382492863939,
  "firstServeWon": 444,
  "firstServeWinPct": 0.6306818181818182,
  "secondServeTotal": 347,
  "secondServeWon": 184,
  "secondServeWinPct": 0.5302593659942363,
  "aces": 57,
  "acePct": 0.05423406279733587,
  "doubleFaults": 0,
  "doubleFaultPct": 0
}