{
  "totalServePoints": 44,
  "firstServeIn": 35,
  "firstServeInPct": 0.7954545454545454,
  "firstServeWon": 29,
  "firstServeWinPct": 0.8285714285714286,
  "secondServeTotal": 9,
  "secondServeWon": 7,
  "secondServeWinPct": 0.7777777777777778,
  "aces": 1,
  "acePct": 0.022727272727272728,
  "doubleFaults": 0,
  "doubleFaultPct": 0
}