{
  "winning": [
    {
      "sequence": [
        "FOREHAND_LEFT",
        "BACKHAND_LEFT"
      ],
      "total": 15,
      "winnerRate": 0.4666666666666667,
      "uplift": 0.04413145539906105,
      "rankScore": 0.11951019666836049
    }
  ],
  "losing": []
}