{
  "wins": [
    {
      "shotType": "BACKHAND",
      "total": 43,
      "winnerRate": 0.2558139534883721,
      "adjustedEffectiveness": -0.1589587737843552
    },
    {
      "shotType": "BACKHAND_SLICE",
      "total": 40,
      "winnerRate": 0.325,
      "adjustedEffectiveness": -0.08977272727272728
    },
    {
      "shotType": "FOREHAND",
      "total": 60,
      "winnerRate": 0.43333333333333335,
      "adjustedEffectiveness": 0.018560606060606055
    },
    {
      "shotType": "SERVE",
      "total": 88,
      "winnerRate": 0.5340909090909091,
      "adjustedEffectiveness": 0.11931818181818177
    }
  ],
  "losses": []
}