{
  "totalServePoints": 81,
  "firstServeIn": 54,
  "firstServeInPct": 0.6666666666666666,
  "firstServeWon": 37,
  "firstServeWinPct": 0.6851851851851852,
  "secondServeTotal": 27,
  "secondServeWon": 16,
  "secondServeWinPct": 0.5925925925925926,
  "aces": 1,
  "acePct": 0.012345679012345678,
  "doubleFaults": 0,
  "doubleFaultPct": 0
}