{
  "winning": [
    {
      "sequence": [
        "WIDE",
        "FOREHAND_CENTER_BASELINE"
      ],
      "total": 15,
      "winnerRate": 0.6666666666666666,
      "uplift": 0.26838586437440304,
      "rankScore": 0.7268023939920927
    }
  ],
  "losing": []
}