{
  "totalServePoints": 198,
  "firstServeIn": 155,
  "firstServeInPct": 0.7828282828282829,
  "firstServeWon": 86,
  "firstServeWinPct": 0.5548387096774193,
  "secondServeTotal": 43,
  "secondServeWon": 17,
  "secondServeWinPct": 0.3953488372093023,
  "aces": 1,
  "acePct": 0.005050505050505051,
  "doubleFaults": 0,
  "doubleFaultPct": 0
}