{
  "wins": [],
  "losses": [
    {
      "shotType": "BACKHAND",
      "total": 83,
      "winnerRate": 0.3253012048192771,
      "adjustedEffectiveness": -0.10627774254914396
    },
    {
      "shotType": "FOREHAND",
      "total": 100,
      "winnerRate": 0.35,
      "adjustedEffectiveness": -0.08157894736842108
    },
    {
      "shotType": "SERVE",
      "total": 95,
      "winnerRate": 0.47368421052631576,
      "adjustedEffectiveness": 0.0421052631578947
    }
  ]
}