{
  "winning": [],
  "losing": [
    {
      "sequence": [
        "FOREHAND_LEFT",
        "BACKHAND_LEFT"
      ],
      "total": 15,
      "winnerRate": 0.26666666666666666,
      "uplift": -0.1649122807017544,
      "rankScore": -0.4465907349186101
    },
    {
      "sequence": [
        "FOREHAND_RIGHT",
        "BACKHAND_RIGHT"
      ],
      "total": 15,
      "winnerRate": 0.4,
      "uplift": -0.03157894736842104,
      "rankScore": -0.08551737477164871
    }
  ]
}