{
  "totalServePoints": 1142,
  "firstServeIn": 679,
  "firstServeInPct": 0.5945709281961471,
  "firstServeWon": 491,
  "firstServeWinPct": 0.7231222385861561,
  "secondServeTotal": 463,
  "secondServeWon": 220,
  "secondServeWinPct": 0.47516198704103674,
  "aces": 134,
  "acePct": 0.11733800350262696,
  "doubleFaults": 0,
  "doubleFaultPct": 0
}