{
  "totalServePoints": 2145,
  "firstServeIn": 1362,
  "firstServeInPct": 0.634965034965035,
  "firstServeWon": 907,
  "firstServeWinPct": 0.6659324522760646,
  "secondServeTotal": 783,
  "secondServeWon": 397,
  "secondServeWinPct": 0.5070242656449553,
  "aces": 112,
  "acePct": 0.052214452214452214,
  "doubleFaults": 0,
  "doubleFaultPct": 0
}