{
  "totalServePoints": 305,
  "firstServeIn": 182,
  "firstServeInPct": 0.5967213114754099,
  "firstServeWon": 154,
  "firstServeWinPct": 0.8461538461538461,
  "secondServeTotal": 123,
  "secondServeWon": 52,
  "secondServeWinPct": 0.42276422764227645,
  "aces": 41,
  "acePct": 0.13442622950819672,
  "doubleFaults": 0,
  "doubleFaultPct": 0
}