{
  "wins": [],
  "losses": [
    {
      "shotType": "BACKHAND",
      "total": 39,
      "winnerRate": 0.5128205128205128,
      "adjustedEffectiveness": 0.08728859792689575
    },
    {
      "shotType": "FOREHAND",
      "total": 47,
      "winnerRate": 0.425531914893617,
      "adjustedEffectiveness": 0
    },
    {
      "shotType": "SERVE",
      "total": 47,
      "winnerRate": 0.5106382978723404,
      "adjustedEffectiveness": 0.08510638297872336
    }
  ]
}