{
  "totalServePoints": 1385,
  "firstServeIn": 903,
  "firstServeInPct": 0.651985559566787,
  "firstServeWon": 543,
  "firstServeWinPct": 0.6013289036544851,
  "secondServeTotal": 482,
  "secondServeWon": 225,
  "secondServeWinPct": 0.46680497925311204,
  "aces": 18,
  "acePct": 0.012996389891696752,
  "doubleFaults": 0,
  "doubleFaultPct": 0
}