{
  "totalServePoints": 724,
  "firstServeIn": 446,
  "firstServeInPct": 0.6160220994475138,
  "firstServeWon": 340,
  "firstServeWinPct": 0.7623318385650224,
  "secondServeTotal": 278,
  "secondServeWon": 155,
  "secondServeWinPct": 0.5575539568345323,
  "aces": 125,
  "acePct": 0.17265193370165746,
  "doubleFaults": 0,
  "doubleFaultPct": 0
}