{
  "totalServePoints": 58,
  "firstServeIn": 35,
  "firstServeInPct": 0.603448275862069,
  "firstServeWon": 24,
  "firstServeWinPct": 0.6857142857142857,
  "secondServeTotal": 23,
  "secondServeWon": 9,
  "secondServeWinPct": 0.391304347826087,
  "aces": 2,
  "acePct": 0.034482758620689655,
  "doubleFaults": 0,
  "doubleFaultPct": 0
}