{
  "winning": [],
  "losing": [
    {
      "sequence": [
        "FOREHAND_RIGHT",
        "BACKHAND_RIGHT"
      ],
      "total": 21,
      "winnerRate": 0.19047619047619047,
      "uplift": -0.21406067152759023,
      "rankScore": -0.6517125174998919
    },
    {
      "sequence": [
        "BACKHAND_RIGHT",
        "BACKHAND_RIGHT"
      ],
      "total": 15,
      "winnerRate": 0.2,
      "uplift": -0.20453686200378068,
      "rankScore": -0.5538960902821533
    },
    {
      "sequence": [
        "FOREHAND_RIGHT",
        "BACKHAND_CENTER"
      ],
      "total": 19,
      "winnerRate": 0.2631578947368421,
      "uplift": -0.1413789672669386,
      "rankScore": -0.4162817420550703
    },
    {
      "sequence": [
        "FOREHAND_LEFT",
        "FOREHAND_LEFT"
      ],
      "total": 28,
      "winnerRate": 0.32142857142857145,
      "uplift": -0.08310829057520924,
      "rankScore": -0.27693382068766365
    }
  ]
}