{
  "winning": [
    {
      "sequence": [
        "FOREHAND_LEFT",
        "BACKHAND_CENTER"
      ],
      "total": 15,
      "winnerRate": 0.4666666666666667,
      "uplift": 0.11704260651629073,
      "rankScore": 0.31695725411396797
    },
    {
      "sequence": [
        "BACKHAND_CENTER",
        "FOREHAND_LEFT"
      ],
      "total": 15,
      "winnerRate": 0.4,
      "uplift": 0.050375939849624074,
      "rankScore": 0.13642057404048732
    }
  ],
  "losing": []
}