{
  "totalServePoints": 259,
  "firstServeIn": 171,
  "firstServeInPct": 0.6602316602316602,
  "firstServeWon": 129,
  "firstServeWinPct": 0.7543859649122807,
  "secondServeTotal": 88,
  "secondServeWon": 49,
  "secondServeWinPct": 0.5568181818181818,
  "aces": 38,
  "acePct": 0.14671814671814673,
  "doubleFaults": 0,
  "doubleFaultPct": 0
}