{
  "wins": [],
  "losses": [
    {
      "shotType": "BACKHAND",
      "total": 81,
      "winnerRate": 0.38271604938271603,
      "adjustedEffectiveness": 0.035347628330084424
    },
    {
      "shotType": "BACKHAND_SLICE",
      "total": 15,
      "winnerRate": 0.4,
      "adjustedEffectiveness": 0.05263157894736842
    },
    {
      "shotType": "FOREHAND",
      "total": 87,
      "winnerRate": 0.40229885057471265,
      "adjustedEffectiveness": 0.05493042952208105
    },
    {
      "shotType": "SERVE",
      "total": 95,
      "winnerRate": 0.4421052631578947,
      "adjustedEffectiveness": 0.09473684210526312
    }
  ]
}