{
  "totalServePoints": 775,
  "firstServeIn": 441,
  "firstServeInPct": 0.5690322580645162,
  "firstServeWon": 340,
  "firstServeWinPct": 0.7709750566893424,
  "secondServeTotal": 334,
  "secondServeWon": 169,
  "secondServeWinPct": 0.5059880239520959,
  "aces": 102,
  "acePct": 0.13161290322580646,
  "doubleFaults": 0,
  "doubleFaultPct": 0
}