{
  "totalServePoints": 56,
  "firstServeIn": 38,
  "firstServeInPct": 0.6785714285714286,
  "firstServeWon": 29,
  "firstServeWinPct": 0.7631578947368421,
  "secondServeTotal": 18,
  "secondServeWon": 4,
  "secondServeWinPct": 0.2222222222222222,
  "aces": 4,
  "acePct": 0.07142857142857142,
  "doubleFaults": 0,
  "doubleFaultPct": 0
}