{
  "wins": [],
  "losses": [
    {
      "shotType": "BACKHAND",
      "total": 27,
      "winnerRate": 0.4444444444444444,
      "adjustedEffectiveness": 0.0748792270531401
    },
    {
      "shotType": "BACKHAND_SLICE",
      "total": 18,
      "winnerRate": 0.3888888888888889,
      "adjustedEffectiveness": 0.01932367149758457
    },
    {
      "shotType": "FOREHAND",
      "total": 53,
      "winnerRate": 0.18867924528301888,
      "adjustedEffectiveness": -0.18088597210828544
    },
    {
      "shotType": "SERVE",
      "total": 46,
      "winnerRate": 0.43478260869565216,
      "adjustedEffectiveness": 0.06521739130434784
    }
  ]
}