{
  "totalServePoints": 37,
  "firstServeIn": 22,
  "firstServeInPct": 0.5945945945945946,
  "firstServeWon": 19,
  "firstServeWinPct": 0.8636363636363636,
  "secondServeTotal": 15,
  "secondServeWon": 13,
  "secondServeWinPct": 0.8666666666666667,
  "aces": 7,
  "acePct": 0.1891891891891892,
  "doubleFaults": 0,
  "doubleFaultPct": 0
}