{
  "wins": [],
  "losses": [
    {
      "shotType": "BACKHAND",
      "total": 35,
      "winnerRate": 0.42857142857142855,
      "adjustedEffectiveness": -0.023602484472049712
    },
    {
      "shotType": "BACKHAND_SLICE",
      "total": 15,
      "winnerRate": 0.2,
      "adjustedEffectiveness": -0.25217391304347825
    },
    {
      "shotType": "FOREHAND",
      "total": 48,
      "winnerRate": 0.6041666666666666,
      "adjustedEffectiveness": 0.15199275362318837
    },
    {
      "shotType": "SERVE",
      "total": 57,
      "winnerRate": 0.5087719298245614,
      "adjustedEffectiveness": 0.05659801678108317
    }
  ]
}