{
  "winning": [
    {
      "sequence": [
        "FOREHAND_RIGHT",
        "FOREHAND_RIGHT"
      ],
      "total": 18,
      "winnerRate": 0.6111111111111112,
      "uplift": 0.2241611869836453,
      "rankScore": 0.6479091640740097
    },
    {
      "sequence": [
        "FOREHAND_RIGHT",
        "FOREHAND_CENTER"
      ],
      "total": 15,
      "winnerRate": 0.6,
      "uplift": 0.2130500758725341,
      "rankScore": 0.5769503008114572
    }
  ],
  "losing": []
}