{
  "totalServePoints": 337,
  "firstServeIn": 205,
  "firstServeInPct": 0.6083086053412463,
  "firstServeWon": 142,
  "firstServeWinPct": 0.6926829268292682,
  "secondServeTotal": 132,
  "secondServeWon": 71,
  "secondServeWinPct": 0.5378787878787878,
  "aces": 16,
  "acePct": 0.04747774480712166,
  "doubleFaults": 0,
  "doubleFaultPct": 0
}