{
  "wins": [],
  "losses": [
    {
      "shotType": "BACKHAND",
      "total": 73,
      "winnerRate": 0.4520547945205479,
      "adjustedEffectiveness": 0.03017979452054792
    },
    {
      "shotType": "BACKHAND_SLICE",
      "total": 23,
      "winnerRate": 0.08695652173913043,
      "adjustedEffectiveness": -0.33491847826086957
    },
    {
      "shotType": "FOREHAND",
      "total": 119,
      "winnerRate": 0.3445378151260504,
      "adjustedEffectiveness": -0.07733718487394958
    },
    {
      "shotType": "SERVE",
      "total": 96,
      "winnerRate": 0.5104166666666666,
      "adjustedEffectiveness": 0.08854166666666663
    }
  ]
}