{
  "winning": [
    {
      "sequence": [
        "FOREHAND_LEFT",
        "BACKHAND_CENTER"
      ],
      "total": 16,
      "winnerRate": 0.75,
      "uplift": 0.29,
      "rankScore": 0.8040507294495365
    },
    {
      "sequence": [
        "FOREHAND_RIGHT",
        "FOREHAND_CENTER"
      ],
      "total": 15,
      "winnerRate": 0.6666666666666666,
      "uplift": 0.2066666666666666,
      "rankScore": 0.5596637082277899
    },
    {
      "sequence": [
        "FOREHAND_CENTER",
        "FOREHAND_LEFT"
      ],
      "total": 22,
      "winnerRate": 0.6363636363636364,
      "uplift": 0.17636363636363633,
      "rankScore": 0.5451474872286484
    },
    {
      "sequence": [
        "FOREHAND_LEFT",
        "BACKHAND_LEFT"
      ],
      "total": 22,
      "winnerRate": 0.5454545454545454,
      "uplift": 0.0854545454545454,
      "rankScore": 0.2641436278324377
    }
  ],
  "losing": []
}