{
  "wins": [],
  "losses": [
    {
      "shotType": "BACKHAND",
      "total": 95,
      "winnerRate": 0.24210526315789474,
      "adjustedEffectiveness": -0.11262446657183497
    },
    {
      "shotType": "BACKHAND_SLICE",
      "total": 15,
      "winnerRate": 0.3333333333333333,
      "adjustedEffectiveness": -0.0213963963963964
    },
    {
      "shotType": "FOREHAND",
      "total": 129,
      "winnerRate": 0.24806201550387597,
      "adjustedEffectiveness": -0.10666771422585375
    },
    {
      "shotType": "SERVE",
      "total": 148,
      "winnerRate": 0.4391891891891892,
      "adjustedEffectiveness": 0.08445945945945948
    }
  ]
}