{
  "totalServePoints": 142,
  "firstServeIn": 103,
  "firstServeInPct": 0.7253521126760564,
  "firstServeWon": 62,
  "firstServeWinPct": 0.6019417475728155,
  "secondServeTotal": 39,
  "secondServeWon": 16,
  "secondServeWinPct": 0.41025641025641024,
  "aces": 5,
  "acePct": 0.035211267605633804,
  "doubleFaults": 0,
  "doubleFaultPct": 0
}