{
  "wins": [],
  "losses": [
    {
      "shotType": "BACKHAND",
      "total": 27,
      "winnerRate": 0.37037037037037035,
      "adjustedEffectiveness": -0.016726403823178027
    },
    {
      "shotType": "FOREHAND",
      "total": 55,
      "winnerRate": 0.4727272727272727,
      "adjustedEffectiveness": 0.08563049853372434
    },
    {
      "shotType": "SERVE",
      "total": 62,
      "winnerRate": 0.46774193548387094,
      "adjustedEffectiveness": 0.08064516129032256
    }
  ]
}