{
  "wins": [
    {
      "shotType": "FOREHAND",
      "total": 18,
      "winnerRate": 0.2777777777777778,
      "adjustedEffectiveness": -0.08258258258258255
    },
    {
      "shotType": "SERVE",
      "total": 56,
      "winnerRate": 0.5892857142857143,
      "adjustedEffectiveness": 0.22892535392535396
    }
  ],
  "losses": []
}