{
  "totalServePoints": 54,
  "firstServeIn": 31,
  "firstServeInPct": 0.5740740740740741,
  "firstServeWon": 28,
  "firstServeWinPct": 0.9032258064516129,
  "secondServeTotal": 23,
  "secondServeWon": 15,
  "secondServeWinPct": 0.6521739130434783,
  "aces": 4,
  "acePct": 0.07407407407407407,
  "doubleFaults": 0,
  "doubleFaultPct": 0
}