{
  "wins": [
    {
      "shotType": "BACKHAND",
      "total": 46,
      "winnerRate": 0.41304347826086957,
      "adjustedEffectiveness": -0.050114416475972534
    },
    {
      "shotType": "FOREHAND",
      "total": 42,
      "winnerRate": 0.5,
      "adjustedEffectiveness": 0.0368421052631579
    },
    {
      "shotType": "SERVE",
      "total": 48,
      "winnerRate": 0.5833333333333334,
      "adjustedEffectiveness": 0.12017543859649127
    }
  ],
  "losses": []
}