{
  "winning": [
    {
      "sequence": [
        "BACKHAND_LEFT",
        "BACKHAND_LEFT"
      ],
      "total": 15,
      "winnerRate": 0.5333333333333333,
      "uplift": 0.07017543859649122,
      "rankScore": 0.19003861060366387
    },
    {
      "sequence": [
        "FOREHAND_LEFT",
        "BACKHAND_LEFT"
      ],
      "total": 15,
      "winnerRate": 0.4666666666666667,
      "uplift": 0.0035087719298245723,
      "rankScore": 0.009501930530183222
    }
  ],
  "losing": []
}