{
  "wins": [
    {
      "shotType": "BACKHAND",
      "total": 35,
      "winnerRate": 0.2857142857142857,
      "adjustedEffectiveness": -0.13770913770913773
    },
    {
      "shotType": "FOREHAND",
      "total": 56,
      "winnerRate": 0.26785714285714285,
      "adjustedEffectiveness": -0.15556628056628058
    },
    {
      "shotType": "SERVE",
      "total": 56,
      "winnerRate": 0.625,
      "adjustedEffectiveness": 0.20157657657657657
    }
  ],
  "losses": []
}