{
  "totalServePoints": 1202,
  "firstServeIn": 673,
  "firstServeInPct": 0.559900166389351,
  "firstServeWon": 474,
  "firstServeWinPct": 0.7043090638930164,
  "secondServeTotal": 529,
  "secondServeWon": 245,
  "secondServeWinPct": 0.46313799621928164,
  "aces": 71,
  "acePct": 0.05906821963394343,
  "doubleFaults": 0,
  "doubleFaultPct": 0
}