{
  "totalServePoints": 785,
  "firstServeIn": 469,
  "firstServeInPct": 0.597452229299363,
  "firstServeWon": 313,
  "firstServeWinPct": 0.6673773987206824,
  "secondServeTotal": 316,
  "secondServeWon": 142,
  "secondServeWinPct": 0.44936708860759494,
  "aces": 35,
  "acePct": 0.044585987261146494,
  "doubleFaults": 0,
  "doubleFaultPct": 0
}