{
  "totalServePoints": 5287,
  "firstServeIn": 3376,
  "firstServeInPct": 0.6385473803669378,
  "firstServeWon": 2416,
  "firstServeWinPct": 0.7156398104265402,
  "secondServeTotal": 1911,
  "secondServeWon": 1025,
  "secondServeWinPct": 0.5363683935112507,
  "aces": 299,
  "acePct": 0.05655381123510497,
  "doubleFaults": 0,
  "doubleFaultPct": 0
}