{
  "winning": [
    {
      "sequence": [
        "BACKHAND_LEFT",
        "BACKHAND_LEFT"
      ],
      "total": 22,
      "winnerRate": 0.45454545454545453,
      "uplift": 0.06456062905228305,
      "rankScore": 0.19955964521612515
    },
    {
      "sequence": [
        "FOREHAND_LEFT",
        "BACKHAND_CENTER"
      ],
      "total": 25,
      "winnerRate": 0.4,
      "uplift": 0.01001517450682854,
      "rankScore": 0.032237603101866685
    }
  ],
  "losing": [
    {
      "sequence": [
        "FOREHAND_RIGHT",
        "FOREHAND_RIGHT"
      ],
      "total": 15,
      "winnerRate": 0.2,
      "uplift": -0.18998482549317147,
      "rankScore": -0.5144884448831513
    },
    {
      "sequence": [
        "FOREHAND_RIGHT",
        "FOREHAND_CENTER"
      ],
      "total": 18,
      "winnerRate": 0.2222222222222222,
      "uplift": -0.16776260327094927,
      "rankScore": -0.4848962905254905
    }
  ]
}