{
  "totalServePoints": 333,
  "firstServeIn": 206,
  "firstServeInPct": 0.6186186186186187,
  "firstServeWon": 145,
  "firstServeWinPct": 0.7038834951456311,
  "secondServeTotal": 127,
  "secondServeWon": 83,
  "secondServeWinPct": 0.6535433070866141,
  "aces": 20,
  "acePct": 0.06006006006006006,
  "doubleFaults": 0,
  "doubleFaultPct": 0
}