{
  "totalServePoints": 403,
  "firstServeIn": 241,
  "firstServeInPct": 0.598014888337469,
  "firstServeWon": 179,
  "firstServeWinPct": 0.7427385892116183,
  "secondServeTotal": 162,
  "secondServeWon": 82,
  "secondServeWinPct": 0.5061728395061729,
  "aces": 49,
  "acePct": 0.12158808933002481,
  "doubleFaults": 0,
  "doubleFaultPct": 0
}