{
  "totalServePoints": 266,
  "firstServeIn": 160,
  "firstServeInPct": 0.6015037593984962,
  "firstServeWon": 112,
  "firstServeWinPct": 0.7,
  "secondServeTotal": 106,
  "secondServeWon": 50,
  "secondServeWinPct": 0.4716981132075472,
  "aces": 15,
  "acePct": 0.05639097744360902,
  "doubleFaults": 0,
  "doubleFaultPct": 0
}