{
  "wins": [],
  "losses": [
    {
      "shotType": "BACKHAND",
      "total": 98,
      "winnerRate": 0.29591836734693877,
      "adjustedEffectiveness": -0.10833695180199737
    },
    {
      "shotType": "FOREHAND",
      "total": 125,
      "winnerRate": 0.384,
      "adjustedEffectiveness": -0.020255319148936135
    },
    {
      "shotType": "SERVE",
      "total": 94,
      "winnerRate": 0.5531914893617021,
      "adjustedEffectiveness": 0.148936170212766
    }
  ]
}