{
  "totalServePoints": 226,
  "firstServeIn": 157,
  "firstServeInPct": 0.6946902654867256,
  "firstServeWon": 113,
  "firstServeWinPct": 0.7197452229299363,
  "secondServeTotal": 69,
  "secondServeWon": 32,
  "secondServeWinPct": 0.463768115942029,
  "aces": 7,
  "acePct": 0.030973451327433628,
  "doubleFaults": 0,
  "doubleFaultPct": 0
}