{
  "wins": [],
  "losses": [
    {
      "shotType": "BACKHAND",
      "total": 32,
      "winnerRate": 0.5,
      "adjustedEffectiveness": 0.13461538461538464
    },
    {
      "shotType": "BACKHAND_SLICE",
      "total": 22,
      "winnerRate": 0.22727272727272727,
      "adjustedEffectiveness": -0.1381118881118881
    },
    {
      "shotType": "FOREHAND",
      "total": 59,
      "winnerRate": 0.3389830508474576,
      "adjustedEffectiveness": -0.02640156453715775
    },
    {
      "shotType": "SERVE",
      "total": 78,
      "winnerRate": 0.41025641025641024,
      "adjustedEffectiveness": 0.04487179487179488
    }
  ]
}