{
  "totalServePoints": 83,
  "firstServeIn": 51,
  "firstServeInPct": 0.6144578313253012,
  "firstServeWon": 30,
  "firstServeWinPct": 0.5882352941176471,
  "secondServeTotal": 32,
  "secondServeWon": 15,
  "secondServeWinPct": 0.46875,
  "aces": 1,
  "acePct": 0.012048192771084338,
  "doubleFaults": 0,
  "doubleFaultPct": 0
}