{
  "winning": [
    {
      "sequence": [
        "FOREHAND_RIGHT",
        "FOREHAND_CENTER"
      ],
      "total": 16,
      "winnerRate": 0.4375,
      "uplift": 0.03391255605381166,
      "rankScore": 0.09402557045712262
    }
  ],
  "losing": [
    {
      "sequence": [
        "FOREHAND_LEFT",
        "BACKHAND_LEFT"
      ],
      "total": 15,
      "winnerRate": 0.2,
      "uplift": -0.20358744394618833,
      "rankScore": -0.5513250185203602
    },
    {
      "sequence": [
        "FOREHAND_LEFT",
        "BACKHAND_CENTER"
      ],
      "total": 15,
      "winnerRate": 0.2,
      "uplift": -0.20358744394618833,
      "rankScore": -0.5513250185203602
    },
    {
      "sequence": [
        "BACKHAND_LEFT",
        "BACKHAND_LEFT"
      ],
      "total": 24,
      "winnerRate": 0.2916666666666667,
      "uplift": -0.11192077727952165,
      "rankScore": -0.35569025492870315
    }
  ]
}