{
  "totalServePoints": 205,
  "firstServeIn": 104,
  "firstServeInPct": 0.5073170731707317,
  "firstServeWon": 90,
  "firstServeWinPct": 0.8653846153846154,
  "secondServeTotal": 101,
  "secondServeWon": 56,
  "secondServeWinPct": 0.5544554455445545,
  "aces": 33,
  "acePct": 0.16097560975609757,
  "doubleFaults": 0,
  "doubleFaultPct": 0
}