{
  "winning": [
    {
      "sequence": [
        "FOREHAND_LEFT",
        "BACKHAND_LEFT"
      ],
      "total": 19,
      "winnerRate": 0.6842105263157895,
      "uplift": 0.2812254516889238,
      "rankScore": 0.8280511818865559
    },
    {
      "sequence": [
        "FOREHAND_RIGHT",
        "FOREHAND_LEFT"
      ],
      "total": 15,
      "winnerRate": 0.6,
      "uplift": 0.1970149253731343,
      "rankScore": 0.5335263082768533
    },
    {
      "sequence": [
        "FOREHAND_CENTER",
        "FOREHAND_CENTER"
      ],
      "total": 21,
      "winnerRate": 0.5238095238095238,
      "uplift": 0.12082444918265817,
      "rankScore": 0.3678527465621763
    },
    {
      "sequence": [
        "FOREHAND_CENTER",
        "FOREHAND_LEFT"
      ],
      "total": 18,
      "winnerRate": 0.5,
      "uplift": 0.09701492537313433,
      "rankScore": 0.2804092003929115
    }
  ],
  "losing": []
}