{
  "totalServePoints": 363,
  "firstServeIn": 233,
  "firstServeInPct": 0.6418732782369146,
  "firstServeWon": 155,
  "firstServeWinPct": 0.6652360515021459,
  "secondServeTotal": 130,
  "secondServeWon": 59,
  "secondServeWinPct": 0.45384615384615384,
  "aces": 18,
  "acePct": 0.049586776859504134,
  "doubleFaults": 0,
  "doubleFaultPct": 0
}