{
  "totalServePoints": 93,
  "firstServeIn": 64,
  "firstServeInPct": 0.6881720430107527,
  "firstServeWon": 41,
  "firstServeWinPct": 0.640625,
  "secondServeTotal": 29,
  "secondServeWon": 15,
  "secondServeWinPct": 0.5172413793103449,
  "aces": 11,
  "acePct": 0.11827956989247312,
  "doubleFaults": 0,
  "doubleFaultPct": 0
}