{
  "totalServePoints": 132,
  "firstServeIn": 81,
  "firstServeInPct": 0.6136363636363636,
  "firstServeWon": 47,
  "firstServeWinPct": 0.5802469135802469,
  "secondServeTotal": 51,
  "secondServeWon": 18,
  "secondServeWinPct": 0.35294117647058826,
  "aces": 2,
  "acePct": 0.015151515151515152,
  "doubleFaults": 0,
  "doubleFaultPct": 0
}