{
  "totalServePoints": 406,
  "firstServeIn": 272,
  "firstServeInPct": 0.6699507389162561,
  "firstServeWon": 191,
  "firstServeWinPct": 0.7022058823529411,
  "secondServeTotal": 134,
  "secondServeWon": 67,
  "secondServeWinPct": 0.5,
  "aces": 23,
  "acePct": 0.05665024630541872,
  "doubleFaults": 0,
  "doubleFaultPct": 0
}