{
  "totalServePoints": 461,
  "firstServeIn": 259,
  "firstServeInPct": 0.561822125813449,
  "firstServeWon": 182,
  "firstServeWinPct": 0.7027027027027027,
  "secondServeTotal": 202,
  "secondServeWon": 104,
  "secondServeWinPct": 0.5148514851485149,
  "aces": 31,
  "acePct": 0.06724511930585683,
  "doubleFaults": 0,
  "doubleFaultPct": 0
}