{
  "totalServePoints": 149,
  "firstServeIn": 97,
  "firstServeInPct": 0.6510067114093959,
  "firstServeWon": 69,
  "firstServeWinPct": 0.711340206185567,
  "secondServeTotal": 52,
  "secondServeWon": 29,
  "secondServeWinPct": 0.5576923076923077,
  "aces": 10,
  "acePct": 0.06711409395973154,
  "doubleFaults": 0,
  "doubleFaultPct": 0
}