{
  "totalServePoints": 454,
  "firstServeIn": 276,
  "firstServeInPct": 0.6079295154185022,
  "firstServeWon": 198,
  "firstServeWinPct": 0.717391304347826,
  "secondServeTotal": 178,
  "secondServeWon": 107,
  "secondServeWinPct": 0.601123595505618,
  "aces": 25,
  "acePct": 0.05506607929515418,
  "doubleFaults": 0,
  "doubleFaultPct": 0
}