{
  "wins": [
    {
      "shotType": "FOREHAND",
      "total": 22,
      "winnerRate": 0.13636363636363635,
      "adjustedEffectiveness": -0.27947794779477947
    },
    {
      "shotType": "SERVE",
      "total": 51,
      "winnerRate": 0.5686274509803921,
      "adjustedEffectiveness": 0.1527858668219763
    }
  ],
  "losses": []
}