{
  "winning": [
    {
      "sequence": [
        "FOREHAND_RIGHT",
        "FOREHAND_CENTER"
      ],
      "total": 25,
      "winnerRate": 0.48,
      "uplift": 0.09379310344827585,
      "rankScore": 0.3019083532290174
    },
    {
      "sequence": [
        "BACKHAND_LEFT",
        "BACKHAND_LEFT"
      ],
      "total": 19,
      "winnerRate": 0.42105263157894735,
      "uplift": 0.03484573502722321,
      "rankScore": 0.10260114047186139
    }
  ],
  "losing": [
    {
      "sequence": [
        "WIDE",
        "BACKHAND_CENTER_DEEP"
      ],
      "total": 21,
      "winnerRate": 0.14285714285714285,
      "uplift": -0.24334975369458128,
      "rankScore": -0.7408837853376212
    },
    {
      "sequence": [
        "FOREHAND_LEFT",
        "BACKHAND_LEFT"
      ],
      "total": 21,
      "winnerRate": 0.19047619047619047,
      "uplift": -0.19573070607553367,
      "rankScore": -0.5959065263984106
    },
    {
      "sequence": [
        "FOREHAND_RIGHT",
        "FOREHAND_RIGHT"
      ],
      "total": 26,
      "winnerRate": 0.3076923076923077,
      "uplift": -0.07851458885941642,
      "rankScore": -0.2558081101470447
    }
  ]
}