{
  "totalServePoints": 360,
  "firstServeIn": 227,
  "firstServeInPct": 0.6305555555555555,
  "firstServeWon": 159,
  "firstServeWinPct": 0.7004405286343612,
  "secondServeTotal": 133,
  "secondServeWon": 72,
  "secondServeWinPct": 0.5413533834586466,
  "aces": 16,
  "acePct": 0.044444444444444446,
  "doubleFaults": 0,
  "doubleFaultPct": 0
}