{
  "totalServePoints": 293,
  "firstServeIn": 174,
  "firstServeInPct": 0.5938566552901023,
  "firstServeWon": 133,
  "firstServeWinPct": 0.764367816091954,
  "secondServeTotal": 119,
  "secondServeWon": 49,
  "secondServeWinPct": 0.4117647058823529,
  "aces": 31,
  "acePct": 0.10580204778156997,
  "doubleFaults": 0,
  "doubleFaultPct": 0
}