{
  "totalServePoints": 499,
  "firstServeIn": 303,
  "firstServeInPct": 0.6072144288577155,
  "firstServeWon": 208,
  "firstServeWinPct": 0.6864686468646864,
  "secondServeTotal": 196,
  "secondServeWon": 103,
  "secondServeWinPct": 0.5255102040816326,
  "aces": 39,
  "acePct": 0.0781563126252505,
  "doubleFaults": 0,
  "doubleFaultPct": 0
}