{
  "winning": [
    {
      "sequence": [
        "BACKHAND_LEFT",
        "BACKHAND_CENTER"
      ],
      "total": 15,
      "winnerRate": 0.4,
      "uplift": 0.008591885441527447,
      "rankScore": 0.023267257097775555
    }
  ],
  "losing": []
}