{
  "totalServePoints": 5455,
  "firstServeIn": 3626,
  "firstServeInPct": 0.6647112740604949,
  "firstServeWon": 2500,
  "firstServeWinPct": 0.6894649751792609,
  "secondServeTotal": 1829,
  "secondServeWon": 1011,
  "secondServeWinPct": 0.5527610716238381,
  "aces": 182,
  "acePct": 0.033363886342804766,
  "doubleFaults": 0,
  "doubleFaultPct": 0
}