{
  "totalServePoints": 1339,
  "firstServeIn": 840,
  "firstServeInPct": 0.6273338312173263,
  "firstServeWon": 628,
  "firstServeWinPct": 0.7476190476190476,
  "secondServeTotal": 499,
  "secondServeWon": 250,
  "secondServeWinPct": 0.501002004008016,
  "aces": 202,
  "acePct": 0.1508588498879761,
  "doubleFaults": 0,
  "doubleFaultPct": 0
}