{
  "winning": [
    {
      "sequence": [
        "FOREHAND_LEFT",
        "FOREHAND_LEFT"
      ],
      "total": 32,
      "winnerRate": 0.53125,
      "uplift": 0.1629331683168317,
      "rankScore": 0.5646833311925544
    },
    {
      "sequence": [
        "FOREHAND_LEFT",
        "FOREHAND_CENTER"
      ],
      "total": 15,
      "winnerRate": 0.4,
      "uplift": 0.03168316831683171,
      "rankScore": 0.08579961033195128
    }
  ],
  "losing": []
}