{
  "wins": [
    {
      "shotType": "BACKHAND",
      "total": 71,
      "winnerRate": 0.29577464788732394,
      "adjustedEffectiveness": -0.1198880027150857
    },
    {
      "shotType": "FOREHAND",
      "total": 109,
      "winnerRate": 0.5045871559633027,
      "adjustedEffectiveness": 0.08892450536089308
    },
    {
      "shotType": "SERVE",
      "total": 83,
      "winnerRate": 0.4939759036144578,
      "adjustedEffectiveness": 0.07831325301204817
    }
  ],
  "losses": []
}