{
  "totalServePoints": 79,
  "firstServeIn": 58,
  "firstServeInPct": 0.7341772151898734,
  "firstServeWon": 40,
  "firstServeWinPct": 0.6896551724137931,
  "secondServeTotal": 21,
  "secondServeWon": 13,
  "secondServeWinPct": 0.6190476190476191,
  "aces": 4,
  "acePct": 0.05063291139240506,
  "doubleFaults": 0,
  "doubleFaultPct": 0
}