{
  "totalServePoints": 426,
  "firstServeIn": 263,
  "firstServeInPct": 0.6173708920187794,
  "firstServeWon": 186,
  "firstServeWinPct": 0.7072243346007605,
  "secondServeTotal": 163,
  "secondServeWon": 83,
  "secondServeWinPct": 0.50920245398773,
  "aces": 16,
  "acePct": 0.03755868544600939,
  "doubleFaults": 0,
  "doubleFaultPct": 0
}