{
  "wins": [
    {
      "shotType": "BACKHAND",
      "total": 69,
      "winnerRate": 0.2608695652173913,
      "adjustedEffectiveness": -0.15731225296442686
    },
    {
      "shotType": "FOREHAND",
      "total": 86,
      "winnerRate": 0.38372093023255816,
      "adjustedEffectiveness": -0.03446088794926
    },
    {
      "shotType": "SERVE",
      "total": 55,
      "winnerRate": 0.4909090909090909,
      "adjustedEffectiveness": 0.07272727272727275
    }
  ],
  "losses": []
}