{
  "totalServePoints": 659,
  "firstServeIn": 401,
  "firstServeInPct": 0.6084977238239757,
  "firstServeWon": 299,
  "firstServeWinPct": 0.7456359102244389,
  "secondServeTotal": 258,
  "secondServeWon": 107,
  "secondServeWinPct": 0.41472868217054265,
  "aces": 81,
  "acePct": 0.12291350531107739,
  "doubleFaults": 0,
  "doubleFaultPct": 0
}