{
  "totalServePoints": 885,
  "firstServeIn": 589,
  "firstServeInPct": 0.6655367231638418,
  "firstServeWon": 392,
  "firstServeWinPct": 0.66553480475382,
  "secondServeTotal": 296,
  "secondServeWon": 142,
  "secondServeWinPct": 0.4797297297297297,
  "aces": 33,
  "acePct": 0.03728813559322034,
  "doubleFaults": 0,
  "doubleFaultPct": 0
}