{
  "wins": [
    {
      "shotType": "BACKHAND",
      "total": 93,
      "winnerRate": 0.3655913978494624,
      "adjustedEffectiveness": 0.004052936311000843
    },
    {
      "shotType": "BACKHAND_SLICE",
      "total": 51,
      "winnerRate": 0.17647058823529413,
      "adjustedEffectiveness": -0.1850678733031674
    },
    {
      "shotType": "FOREHAND",
      "total": 107,
      "winnerRate": 0.3644859813084112,
      "adjustedEffectiveness": 0.002947519769949669
    },
    {
      "shotType": "SERVE",
      "total": 195,
      "winnerRate": 0.4666666666666667,
      "adjustedEffectiveness": 0.10512820512820514
    }
  ],
  "losses": []
}