{
  "totalServePoints": 215,
  "firstServeIn": 125,
  "firstServeInPct": 0.5813953488372093,
  "firstServeWon": 94,
  "firstServeWinPct": 0.752,
  "secondServeTotal": 90,
  "secondServeWon": 46,
  "secondServeWinPct": 0.5111111111111111,
  "aces": 20,
  "acePct": 0.09302325581395349,
  "doubleFaults": 0,
  "doubleFaultPct": 0
}