{
  "totalServePoints": 358,
  "firstServeIn": 229,
  "firstServeInPct": 0.6396648044692738,
  "firstServeWon": 163,
  "firstServeWinPct": 0.7117903930131004,
  "secondServeTotal": 129,
  "secondServeWon": 63,
  "secondServeWinPct": 0.4883720930232558,
  "aces": 39,
  "acePct": 0.10893854748603352,
  "doubleFaults": 0,
  "doubleFaultPct": 0
}