{
  "totalServePoints": 133,
  "firstServeIn": 71,
  "firstServeInPct": 0.5338345864661654,
  "firstServeWon": 44,
  "firstServeWinPct": 0.6197183098591549,
  "secondServeTotal": 62,
  "secondServeWon": 37,
  "secondServeWinPct": 0.5967741935483871,
  "aces": 10,
  "acePct": 0.07518796992481203,
  "doubleFaults": 0,
  "doubleFaultPct": 0
}