{
  "totalServePoints": 177,
  "firstServeIn": 121,
  "firstServeInPct": 0.6836158192090396,
  "firstServeWon": 70,
  "firstServeWinPct": 0.5785123966942148,
  "secondServeTotal": 56,
  "secondServeWon": 21,
  "secondServeWinPct": 0.375,
  "aces": 7,
  "acePct": 0.03954802259887006,
  "doubleFaults": 0,
  "doubleFaultPct": 0
}