{
  "totalServePoints": 3819,
  "firstServeIn": 2362,
  "firstServeInPct": 0.6184865147944488,
  "firstServeWon": 1619,
  "firstServeWinPct": 0.6854360711261642,
  "secondServeTotal": 1457,
  "secondServeWon": 774,
  "secondServeWinPct": 0.5312285518188058,
  "aces": 172,
  "acePct": 0.04503796805446452,
  "doubleFaults": 0,
  "doubleFaultPct": 0
}