{
  "totalServePoints": 314,
  "firstServeIn": 216,
  "firstServeInPct": 0.6878980891719745,
  "firstServeWon": 143,
  "firstServeWinPct": 0.6620370370370371,
  "secondServeTotal": 98,
  "secondServeWon": 55,
  "secondServeWinPct": 0.5612244897959183,
  "aces": 19,
  "acePct": 0.06050955414012739,
  "doubleFaults": 0,
  "doubleFaultPct": 0
}