{
  "winning": [
    {
      "sequence": [
        "BODY",
        "FOREHAND_CENTER_DEEP"
      ],
      "total": 15,
      "winnerRate": 0.4666666666666667,
      "uplift": 0.07392739273927396,
      "rankScore": 0.2001990907745529
    },
    {
      "sequence": [
        "BACKHAND_LEFT_DEEP",
        "BACKHAND_LEFT_DEEP"
      ],
      "total": 16,
      "winnerRate": 0.4375,
      "uplift": 0.04476072607260728,
      "rankScore": 0.12410308430817509
    }
  ],
  "losing": []
}