{
  "totalServePoints": 1485,
  "firstServeIn": 945,
  "firstServeInPct": 0.6363636363636364,
  "firstServeWon": 678,
  "firstServeWinPct": 0.7174603174603175,
  "secondServeTotal": 540,
  "secondServeWon": 250,
  "secondServeWinPct": 0.46296296296296297,
  "aces": 121,
  "acePct": 0.08148148148148149,
  "doubleFaults": 0,
  "doubleFaultPct": 0
}