{
  "wins": [],
  "losses": [
    {
      "shotType": "BACKHAND",
      "total": 51,
      "winnerRate": 0.1568627450980392,
      "adjustedEffectiveness": -0.15147058823529413
    },
    {
      "shotType": "BACKHAND_SLICE",
      "total": 27,
      "winnerRate": 0.07407407407407407,
      "adjustedEffectiveness": -0.23425925925925928
    },
    {
      "shotType": "FOREHAND",
      "total": 68,
      "winnerRate": 0.19117647058823528,
      "adjustedEffectiveness": -0.11715686274509807
    },
    {
      "shotType": "SERVE",
      "total": 60,
      "winnerRate": 0.35,
      "adjustedEffectiveness": 0.04166666666666663
    }
  ]
}