{
  "totalServePoints": 65,
  "firstServeIn": 34,
  "firstServeInPct": 0.5230769230769231,
  "firstServeWon": 21,
  "firstServeWinPct": 0.6176470588235294,
  "secondServeTotal": 31,
  "secondServeWon": 15,
  "secondServeWinPct": 0.4838709677419355,
  "aces": 3,
  "acePct": 0.046153846153846156,
  "doubleFaults": 0,
  "doubleFaultPct": 0
}