{
  "totalServePoints": 192,
  "firstServeIn": 113,
  "firstServeInPct": 0.5885416666666666,
  "firstServeWon": 65,
  "firstServeWinPct": 0.5752212389380531,
  "secondServeTotal": 79,
  "secondServeWon": 36,
  "secondServeWinPct": 0.45569620253164556,
  "aces": 9,
  "acePct": 0.046875,
  "doubleFaults": 0,
  "doubleFaultPct": 0
}