{
  "totalServePoints": 1377,
  "firstServeIn": 906,
  "firstServeInPct": 0.6579520697167756,
  "firstServeWon": 628,
  "firstServeWinPct": 0.6931567328918322,
  "secondServeTotal": 471,
  "secondServeWon": 247,
  "secondServeWinPct": 0.524416135881104,
  "aces": 72,
  "acePct": 0.05228758169934641,
  "doubleFaults": 0,
  "doubleFaultPct": 0
}