{
  "winning": [
    {
      "sequence": [
        "FOREHAND_RIGHT",
        "FOREHAND_RIGHT"
      ],
      "total": 19,
      "winnerRate": 0.47368421052631576,
      "uplift": 0.06296992481203006,
      "rankScore": 0.1854111011317213
    },
    {
      "sequence": [
        "BACKHAND_CENTER",
        "FOREHAND_RIGHT"
      ],
      "total": 15,
      "winnerRate": 0.4666666666666667,
      "uplift": 0.055952380952380976,
      "rankScore": 0.15152185649024277
    }
  ],
  "losing": []
}