{
  "totalServePoints": 67,
  "firstServeIn": 43,
  "firstServeInPct": 0.6417910447761194,
  "firstServeWon": 28,
  "firstServeWinPct": 0.6511627906976745,
  "secondServeTotal": 24,
  "secondServeWon": 10,
  "secondServeWinPct": 0.4166666666666667,
  "aces": 2,
  "acePct": 0.029850746268656716,
  "doubleFaults": 0,
  "doubleFaultPct": 0
}