{
  "totalServePoints": 432,
  "firstServeIn": 243,
  "firstServeInPct": 0.5625,
  "firstServeWon": 156,
  "firstServeWinPct": 0.6419753086419753,
  "secondServeTotal": 189,
  "secondServeWon": 70,
  "secondServeWinPct": 0.37037037037037035,
  "aces": 39,
  "acePct": 0.09027777777777778,
  "doubleFaults": 0,
  "doubleFaultPct": 0
}