{
  "totalServePoints": 653,
  "firstServeIn": 444,
  "firstServeInPct": 0.6799387442572741,
  "firstServeWon": 314,
  "firstServeWinPct": 0.7072072072072072,
  "secondServeTotal": 209,
  "secondServeWon": 87,
  "secondServeWinPct": 0.41626794258373206,
  "aces": 78,
  "acePct": 0.11944869831546708,
  "doubleFaults": 0,
  "doubleFaultPct": 0
}