{
  "totalServePoints": 3764,
  "firstServeIn": 2314,
  "firstServeInPct": 0.6147715196599363,
  "firstServeWon": 1582,
  "firstServeWinPct": 0.6836646499567848,
  "secondServeTotal": 1450,
  "secondServeWon": 702,
  "secondServeWinPct": 0.48413793103448277,
  "aces": 138,
  "acePct": 0.036663124335812966,
  "doubleFaults": 0,
  "doubleFaultPct": 0
}