{
  "totalServePoints": 53,
  "firstServeIn": 34,
  "firstServeInPct": 0.6415094339622641,
  "firstServeWon": 32,
  "firstServeWinPct": 0.9411764705882353,
  "secondServeTotal": 19,
  "secondServeWon": 9,
  "secondServeWinPct": 0.47368421052631576,
  "aces": 4,
  "acePct": 0.07547169811320754,
  "doubleFaults": 0,
  "doubleFaultPct": 0
}