{
  "totalServePoints": 746,
  "firstServeIn": 464,
  "firstServeInPct": 0.6219839142091153,
  "firstServeWon": 335,
  "firstServeWinPct": 0.7219827586206896,
  "secondServeTotal": 282,
  "secondServeWon": 143,
  "secondServeWinPct": 0.5070921985815603,
  "aces": 85,
  "acePct": 0.11394101876675604,
  "doubleFaults": 0,
  "doubleFaultPct": 0
}