{
  "totalServePoints": 149,
  "firstServeIn": 96,
  "firstServeInPct": 0.6442953020134228,
  "firstServeWon": 63,
  "firstServeWinPct": 0.65625,
  "secondServeTotal": 53,
  "secondServeWon": 25,
  "secondServeWinPct": 0.4716981132075472,
  "aces": 8,
  "acePct": 0.053691275167785234,
  "doubleFaults": 0,
  "doubleFaultPct": 0
}