{
  "totalServePoints": 170,
  "firstServeIn": 94,
  "firstServeInPct": 0.5529411764705883,
  "firstServeWon": 82,
  "firstServeWinPct": 0.8723404255319149,
  "secondServeTotal": 76,
  "secondServeWon": 43,
  "secondServeWinPct": 0.5657894736842105,
  "aces": 26,
  "acePct": 0.15294117647058825,
  "doubleFaults": 0,
  "doubleFaultPct": 0
}