{
  "totalServePoints": 930,
  "firstServeIn": 563,
  "firstServeInPct": 0.6053763440860215,
  "firstServeWon": 384,
  "firstServeWinPct": 0.6820603907637656,
  "secondServeTotal": 367,
  "secondServeWon": 193,
  "secondServeWinPct": 0.5258855585831063,
  "aces": 73,
  "acePct": 0.07849462365591398,
  "doubleFaults": 0,
  "doubleFaultPct": 0
}