{
  "totalServePoints": 165,
  "firstServeIn": 97,
  "firstServeInPct": 0.5878787878787879,
  "firstServeWon": 60,
  "firstServeWinPct": 0.6185567010309279,
  "secondServeTotal": 68,
  "secondServeWon": 31,
  "secondServeWinPct": 0.45588235294117646,
  "aces": 6,
  "acePct": 0.03636363636363636,
  "doubleFaults": 0,
  "doubleFaultPct": 0
}