{
  "wins": [],
  "losses": [
    {
      "shotType": "BACKHAND",
      "total": 99,
      "winnerRate": 0.4444444444444444,
      "adjustedEffectiveness": 0.009661835748792258
    },
    {
      "shotType": "BACKHAND_SLICE",
      "total": 68,
      "winnerRate": 0.3235294117647059,
      "adjustedEffectiveness": -0.11125319693094626
    },
    {
      "shotType": "FOREHAND",
      "total": 154,
      "winnerRate": 0.3181818181818182,
      "adjustedEffectiveness": -0.11660079051383399
    },
    {
      "shotType": "SERVE",
      "total": 241,
      "winnerRate": 0.5103734439834025,
      "adjustedEffectiveness": 0.07559083528775029
    }
  ]
}