{
  "totalServePoints": 253,
  "firstServeIn": 146,
  "firstServeInPct": 0.5770750988142292,
  "firstServeWon": 99,
  "firstServeWinPct": 0.678082191780822,
  "secondServeTotal": 107,
  "secondServeWon": 63,
  "secondServeWinPct": 0.5887850467289719,
  "aces": 25,
  "acePct": 0.09881422924901186,
  "doubleFaults": 0,
  "doubleFaultPct": 0
}