{
  "totalServePoints": 53,
  "firstServeIn": 24,
  "firstServeInPct": 0.4528301886792453,
  "firstServeWon": 16,
  "firstServeWinPct": 0.6666666666666666,
  "secondServeTotal": 29,
  "secondServeWon": 14,
  "secondServeWinPct": 0.4827586206896552,
  "aces": 5,
  "acePct": 0.09433962264150944,
  "doubleFaults": 0,
  "doubleFaultPct": 0
}