{
  "totalServePoints": 241,
  "firstServeIn": 157,
  "firstServeInPct": 0.6514522821576764,
  "firstServeWon": 124,
  "firstServeWinPct": 0.7898089171974523,
  "secondServeTotal": 84,
  "secondServeWon": 40,
  "secondServeWinPct": 0.47619047619047616,
  "aces": 47,
  "acePct": 0.1950207468879668,
  "doubleFaults": 0,
  "doubleFaultPct": 0
}