{
  "totalServePoints": 337,
  "firstServeIn": 215,
  "firstServeInPct": 0.6379821958456974,
  "firstServeWon": 155,
  "firstServeWinPct": 0.7209302325581395,
  "secondServeTotal": 122,
  "secondServeWon": 66,
  "secondServeWinPct": 0.5409836065573771,
  "aces": 29,
  "acePct": 0.08605341246290801,
  "doubleFaults": 0,
  "doubleFaultPct": 0
}