{
  "wins": [],
  "losses": [
    {
      "shotType": "BACKHAND",
      "total": 140,
      "winnerRate": 0.42142857142857143,
      "adjustedEffectiveness": 0.018067226890756294
    },
    {
      "shotType": "BACKHAND_SLICE",
      "total": 23,
      "winnerRate": 0.391304347826087,
      "adjustedEffectiveness": -0.012056996711728163
    },
    {
      "shotType": "FOREHAND",
      "total": 159,
      "winnerRate": 0.3836477987421384,
      "adjustedEffectiveness": -0.019713545795676746
    },
    {
      "shotType": "SERVE",
      "total": 119,
      "winnerRate": 0.4369747899159664,
      "adjustedEffectiveness": 0.03361344537815125
    }
  ]
}