{
  "totalServePoints": 138,
  "firstServeIn": 85,
  "firstServeInPct": 0.6159420289855072,
  "firstServeWon": 55,
  "firstServeWinPct": 0.6470588235294118,
  "secondServeTotal": 53,
  "secondServeWon": 24,
  "secondServeWinPct": 0.4528301886792453,
  "aces": 2,
  "acePct": 0.014492753623188406,
  "doubleFaults": 0,
  "doubleFaultPct": 0
}