{
  "winning": [
    {
      "sequence": [
        "FOREHAND_RIGHT",
        "FOREHAND_RIGHT"
      ],
      "total": 16,
      "winnerRate": 0.6875,
      "uplift": 0.3283450704225352,
      "rankScore": 0.9103658392565478
    }
  ],
  "losing": [
    {
      "sequence": [
        "BACKHAND_LEFT",
        "BACKHAND_LEFT"
      ],
      "total": 15,
      "winnerRate": 0.13333333333333333,
      "uplift": -0.22582159624413148,
      "rankScore": -0.6115362191221423
    }
  ]
}