{
  "totalServePoints": 223,
  "firstServeIn": 138,
  "firstServeInPct": 0.6188340807174888,
  "firstServeWon": 88,
  "firstServeWinPct": 0.6376811594202898,
  "secondServeTotal": 85,
  "secondServeWon": 39,
  "secondServeWinPct": 0.4588235294117647,
  "aces": 13,
  "acePct": 0.05829596412556054,
  "doubleFaults": 0,
  "doubleFaultPct": 0
}