{
  "totalServePoints": 880,
  "firstServeIn": 549,
  "firstServeInPct": 0.6238636363636364,
  "firstServeWon": 433,
  "firstServeWinPct": 0.7887067395264117,
  "secondServeTotal": 331,
  "secondServeWon": 164,
  "secondServeWinPct": 0.4954682779456193,
  "aces": 134,
  "acePct": 0.15227272727272728,
  "doubleFaults": 0,
  "doubleFaultPct": 0
}