{
  "winning": [
    {
      "sequence": [
        "BACKHAND_RIGHT",
        "FOREHAND_RIGHT"
      ],
      "total": 15,
      "winnerRate": 0.3333333333333333,
      "uplift": 0.002103049421661396,
      "rankScore": 0.00569516340925803
    }
  ],
  "losing": [
    {
      "sequence": [
        "FOREHAND_RIGHT",
        "BACKHAND_RIGHT"
      ],
      "total": 21,
      "winnerRate": 0.2857142857142857,
      "uplift": -0.04551599819738622,
      "rankScore": -0.1385744777873212
    }
  ]
}