{
  "wins": [
    {
      "shotType": "BACKHAND",
      "total": 69,
      "winnerRate": 0.2898550724637681,
      "adjustedEffectiveness": -0.039337474120082816
    },
    {
      "shotType": "FOREHAND",
      "total": 94,
      "winnerRate": 0.39361702127659576,
      "adjustedEffectiveness": 0.06442447469274482
    },
    {
      "shotType": "SERVE",
      "total": 81,
      "winnerRate": 0.4444444444444444,
      "adjustedEffectiveness": 0.11525189786059348
    }
  ],
  "losses": []
}