{
  "totalServePoints": 85,
  "firstServeIn": 52,
  "firstServeInPct": 0.611764705882353,
  "firstServeWon": 34,
  "firstServeWinPct": 0.6538461538461539,
  "secondServeTotal": 33,
  "secondServeWon": 17,
  "secondServeWinPct": 0.5151515151515151,
  "aces": 4,
  "acePct": 0.047058823529411764,
  "doubleFaults": 0,
  "doubleFaultPct": 0
}