{
  "winning": [
    {
      "sequence": [
        "FOREHAND_LEFT",
        "BACKHAND_LEFT"
      ],
      "total": 19,
      "winnerRate": 0.42105263157894735,
      "uplift": 0.010385964912280665,
      "rankScore": 0.03058083992397415
    }
  ],
  "losing": [
    {
      "sequence": [
        "BACKHAND_LEFT",
        "BACKHAND_LEFT",
        "BACKHAND_LEFT"
      ],
      "total": 22,
      "winnerRate": 0.18181818181818182,
      "uplift": -0.22884848484848486,
      "rankScore": -0.707380382053394
    },
    {
      "sequence": [
        "BACKHAND_LEFT",
        "BACKHAND_CENTER"
      ],
      "total": 18,
      "winnerRate": 0.16666666666666666,
      "uplift": -0.24400000000000002,
      "rankScore": -0.7052507089266642
    },
    {
      "sequence": [
        "BACKHAND_LEFT",
        "BACKHAND_LEFT"
      ],
      "total": 50,
      "winnerRate": 0.24,
      "uplift": -0.1706666666666667,
      "rankScore": -0.667651926259737
    },
    {
      "sequence": [
        "FOREHAND_RIGHT",
        "FOREHAND_RIGHT"
      ],
      "total": 25,
      "winnerRate": 0.36,
      "uplift": -0.05066666666666669,
      "rankScore": -0.1630897084599889
    }
  ]
}