{
  "totalServePoints": 496,
  "firstServeIn": 317,
  "firstServeInPct": 0.6391129032258065,
  "firstServeWon": 205,
  "firstServeWinPct": 0.6466876971608833,
  "secondServeTotal": 179,
  "secondServeWon": 85,
  "secondServeWinPct": 0.4748603351955307,
  "aces": 32,
  "acePct": 0.06451612903225806,
  "doubleFaults": 0,
  "doubleFaultPct": 0
}