{
  "totalServePoints": 221,
  "firstServeIn": 147,
  "firstServeInPct": 0.665158371040724,
  "firstServeWon": 107,
  "firstServeWinPct": 0.7278911564625851,
  "secondServeTotal": 74,
  "secondServeWon": 40,
  "secondServeWinPct": 0.5405405405405406,
  "aces": 16,
  "acePct": 0.07239819004524888,
  "doubleFaults": 0,
  "doubleFaultPct": 0
}