{
  "totalServePoints": 2408,
  "firstServeIn": 1579,
  "firstServeInPct": 0.6557308970099668,
  "firstServeWon": 1220,
  "firstServeWinPct": 0.772640911969601,
  "secondServeTotal": 829,
  "secondServeWon": 397,
  "secondServeWinPct": 0.47889022919179736,
  "aces": 369,
  "acePct": 0.1532392026578073,
  "doubleFaults": 0,
  "doubleFaultPct": 0
}