{
  "totalServePoints": 113,
  "firstServeIn": 77,
  "firstServeInPct": 0.6814159292035398,
  "firstServeWon": 58,
  "firstServeWinPct": 0.7532467532467533,
  "secondServeTotal": 36,
  "secondServeWon": 23,
  "secondServeWinPct": 0.6388888888888888,
  "aces": 10,
  "acePct": 0.08849557522123894,
  "doubleFaults": 0,
  "doubleFaultPct": 0
}