{
  "totalServePoints": 739,
  "firstServeIn": 467,
  "firstServeInPct": 0.631935047361299,
  "firstServeWon": 329,
  "firstServeWinPct": 0.7044967880085653,
  "secondServeTotal": 272,
  "secondServeWon": 136,
  "secondServeWinPct": 0.5,
  "aces": 51,
  "acePct": 0.06901217861975643,
  "doubleFaults": 0,
  "doubleFaultPct": 0
}