{
  "totalServePoints": 1711,
  "firstServeIn": 1112,
  "firstServeInPct": 0.6499123319696084,
  "firstServeWon": 788,
  "firstServeWinPct": 0.7086330935251799,
  "secondServeTotal": 599,
  "secondServeWon": 301,
  "secondServeWinPct": 0.5025041736227045,
  "aces": 114,
  "acePct": 0.06662770309760374,
  "doubleFaults": 0,
  "doubleFaultPct": 0
}