{
  "totalServePoints": 219,
  "firstServeIn": 125,
  "firstServeInPct": 0.5707762557077626,
  "firstServeWon": 95,
  "firstServeWinPct": 0.76,
  "secondServeTotal": 94,
  "secondServeWon": 58,
  "secondServeWinPct": 0.6170212765957447,
  "aces": 26,
  "acePct": 0.1187214611872146,
  "doubleFaults": 0,
  "doubleFaultPct": 0
}