{
  "totalServePoints": 1367,
  "firstServeIn": 917,
  "firstServeInPct": 0.6708119970738844,
  "firstServeWon": 644,
  "firstServeWinPct": 0.7022900763358778,
  "secondServeTotal": 450,
  "secondServeWon": 208,
  "secondServeWinPct": 0.4622222222222222,
  "aces": 127,
  "acePct": 0.09290416971470374,
  "doubleFaults": 0,
  "doubleFaultPct": 0
}