{
  "wins": [
    {
      "shotType": "BACKHAND",
      "total": 131,
      "winnerRate": 0.2900763358778626,
      "adjustedEffectiveness": -0.06764724135790978
    },
    {
      "shotType": "BACKHAND_SLICE",
      "total": 29,
      "winnerRate": 0.20689655172413793,
      "adjustedEffectiveness": -0.15082702551163443
    },
    {
      "shotType": "FOREHAND",
      "total": 162,
      "winnerRate": 0.35185185185185186,
      "adjustedEffectiveness": -0.005871725383920501
    },
    {
      "shotType": "SERVE",
      "total": 123,
      "winnerRate": 0.4715447154471545,
      "adjustedEffectiveness": 0.11382113821138212
    }
  ],
  "losses": []
}