{
  "totalServePoints": 168,
  "firstServeIn": 125,
  "firstServeInPct": 0.7440476190476191,
  "firstServeWon": 70,
  "firstServeWinPct": 0.56,
  "secondServeTotal": 43,
  "secondServeWon": 18,
  "secondServeWinPct": 0.4186046511627907,
  "aces": 1,
  "acePct": 0.005952380952380952,
  "doubleFaults": 0,
  "doubleFaultPct": 0
}