{
  "wins": [],
  "losses": [
    {
      "shotType": "BACKHAND",
      "total": 26,
      "winnerRate": 0.2692307692307692,
      "adjustedEffectiveness": -0.05009696186166773
    },
    {
      "shotType": "FOREHAND",
      "total": 40,
      "winnerRate": 0.4,
      "adjustedEffectiveness": 0.08067226890756307
    },
    {
      "shotType": "SERVE",
      "total": 59,
      "winnerRate": 0.4067796610169492,
      "adjustedEffectiveness": 0.08745192992451223
    }
  ]
}