{
  "totalServePoints": 69,
  "firstServeIn": 42,
  "firstServeInPct": 0.6086956521739131,
  "firstServeWon": 27,
  "firstServeWinPct": 0.6428571428571429,
  "secondServeTotal": 27,
  "secondServeWon": 12,
  "secondServeWinPct": 0.4444444444444444,
  "aces": 1,
  "acePct": 0.014492753623188406,
  "doubleFaults": 0,
  "doubleFaultPct": 0
}