{
  "totalServePoints": 38,
  "firstServeIn": 22,
  "firstServeInPct": 0.5789473684210527,
  "firstServeWon": 19,
  "firstServeWinPct": 0.8636363636363636,
  "secondServeTotal": 16,
  "secondServeWon": 11,
  "secondServeWinPct": 0.6875,
  "aces": 4,
  "acePct": 0.10526315789473684,
  "doubleFaults": 0,
  "doubleFaultPct": 0
}