{
  "totalServePoints": 487,
  "firstServeIn": 306,
  "firstServeInPct": 0.6283367556468172,
  "firstServeWon": 219,
  "firstServeWinPct": 0.7156862745098039,
  "secondServeTotal": 181,
  "secondServeWon": 81,
  "secondServeWinPct": 0.44751381215469616,
  "aces": 23,
  "acePct": 0.04722792607802875,
  "doubleFaults": 0,
  "doubleFaultPct": 0
}