{
  "wins": [],
  "losses": [
    {
      "shotType": "BACKHAND",
      "total": 34,
      "winnerRate": 0.5,
      "adjustedEffectiveness": 0.03921568627450983
    },
    {
      "shotType": "FOREHAND",
      "total": 56,
      "winnerRate": 0.30357142857142855,
      "adjustedEffectiveness": -0.15721288515406162
    },
    {
      "shotType": "SERVE",
      "total": 51,
      "winnerRate": 0.49019607843137253,
      "adjustedEffectiveness": 0.02941176470588236
    }
  ]
}