{
  "wins": [
    {
      "shotType": "BACKHAND",
      "total": 21,
      "winnerRate": 0.5714285714285714,
      "adjustedEffectiveness": 0.17798594847775173
    },
    {
      "shotType": "FOREHAND",
      "total": 20,
      "winnerRate": 0.45,
      "adjustedEffectiveness": 0.056557377049180346
    },
    {
      "shotType": "SERVE",
      "total": 61,
      "winnerRate": 0.4426229508196721,
      "adjustedEffectiveness": 0.04918032786885246
    }
  ],
  "losses": []
}