{
  "wins": [],
  "losses": [
    {
      "shotType": "BACKHAND",
      "total": 34,
      "winnerRate": 0.47058823529411764,
      "adjustedEffectiveness": -0.04864253393665163
    },
    {
      "shotType": "BACKHAND_SLICE",
      "total": 21,
      "winnerRate": 0.47619047619047616,
      "adjustedEffectiveness": -0.04304029304029311
    },
    {
      "shotType": "FOREHAND",
      "total": 27,
      "winnerRate": 0.5555555555555556,
      "adjustedEffectiveness": 0.03632478632478631
    },
    {
      "shotType": "SERVE",
      "total": 78,
      "winnerRate": 0.6025641025641025,
      "adjustedEffectiveness": 0.08333333333333326
    }
  ]
}