{
  "totalServePoints": 82,
  "firstServeIn": 49,
  "firstServeInPct": 0.5975609756097561,
  "firstServeWon": 32,
  "firstServeWinPct": 0.6530612244897959,
  "secondServeTotal": 33,
  "secondServeWon": 14,
  "secondServeWinPct": 0.42424242424242425,
  "aces": 9,
  "acePct": 0.10975609756097561,
  "doubleFaults": 0,
  "doubleFaultPct": 0
}