{
  "wins": [],
  "losses": [
    {
      "shotType": "BACKHAND",
      "total": 36,
      "winnerRate": 0.3333333333333333,
      "adjustedEffectiveness": -0.05614035087719299
    },
    {
      "shotType": "FOREHAND",
      "total": 60,
      "winnerRate": 0.26666666666666666,
      "adjustedEffectiveness": -0.12280701754385964
    },
    {
      "shotType": "SERVE",
      "total": 47,
      "winnerRate": 0.3829787234042553,
      "adjustedEffectiveness": -0.0064949608062709885
    }
  ]
}