{
  "totalServePoints": 353,
  "firstServeIn": 226,
  "firstServeInPct": 0.6402266288951841,
  "firstServeWon": 175,
  "firstServeWinPct": 0.7743362831858407,
  "secondServeTotal": 127,
  "secondServeWon": 61,
  "secondServeWinPct": 0.48031496062992124,
  "aces": 56,
  "acePct": 0.15864022662889518,
  "doubleFaults": 0,
  "doubleFaultPct": 0
}