{
  "winning": [
    {
      "sequence": [
        "WIDE",
        "BACKHAND_CENTER"
      ],
      "total": 16,
      "winnerRate": 0.375,
      "uplift": 0.04316143497757846,
      "rankScore": 0.11966890785451967
    }
  ],
  "losing": []
}