{
  "wins": [],
  "losses": [
    {
      "shotType": "BACKHAND",
      "total": 71,
      "winnerRate": 0.352112676056338,
      "adjustedEffectiveness": -0.06168042739193785
    },
    {
      "shotType": "FOREHAND",
      "total": 106,
      "winnerRate": 0.3490566037735849,
      "adjustedEffectiveness": -0.06473649967469097
    },
    {
      "shotType": "SERVE",
      "total": 72,
      "winnerRate": 0.4305555555555556,
      "adjustedEffectiveness": 0.016762452107279724
    }
  ]
}