{
  "winning": [],
  "losing": [
    {
      "sequence": [
        "FOREHAND_RIGHT",
        "FOREHAND_RIGHT"
      ],
      "total": 15,
      "winnerRate": 0.26666666666666666,
      "uplift": -0.1471264367816092,
      "rankScore": -0.39842577671388835
    },
    {
      "sequence": [
        "FOREHAND_LEFT",
        "BACKHAND_LEFT"
      ],
      "total": 17,
      "winnerRate": 0.29411764705882354,
      "uplift": -0.11967545638945232,
      "rankScore": -0.33906609999861403
    },
    {
      "sequence": [
        "BACKHAND_LEFT",
        "BACKHAND_LEFT"
      ],
      "total": 15,
      "winnerRate": 0.3333333333333333,
      "uplift": -0.08045977011494254,
      "rankScore": -0.21788909664040773
    }
  ]
}