{
  "wins": [],
  "losses": [
    {
      "shotType": "BACKHAND",
      "total": 35,
      "winnerRate": 0.5142857142857142,
      "adjustedEffectiveness": 0.15428571428571425
    },
    {
      "shotType": "FOREHAND",
      "total": 47,
      "winnerRate": 0.7021276595744681,
      "adjustedEffectiveness": 0.3421276595744681
    },
    {
      "shotType": "SERVE",
      "total": 50,
      "winnerRate": 0.38,
      "adjustedEffectiveness": 0.020000000000000018
    }
  ]
}