{
  "totalServePoints": 1935,
  "firstServeIn": 1186,
  "firstServeInPct": 0.6129198966408269,
  "firstServeWon": 895,
  "firstServeWinPct": 0.7546374367622259,
  "secondServeTotal": 749,
  "secondServeWon": 360,
  "secondServeWinPct": 0.48064085447263016,
  "aces": 219,
  "acePct": 0.11317829457364341,
  "doubleFaults": 0,
  "doubleFaultPct": 0
}