{
  "totalServePoints": 1090,
  "firstServeIn": 671,
  "firstServeInPct": 0.6155963302752293,
  "firstServeWon": 469,
  "firstServeWinPct": 0.698956780923994,
  "secondServeTotal": 419,
  "secondServeWon": 213,
  "secondServeWinPct": 0.5083532219570406,
  "aces": 85,
  "acePct": 0.0779816513761468,
  "doubleFaults": 0,
  "doubleFaultPct": 0
}