{
  "winning": [
    {
      "sequence": [
        "FOREHAND_RIGHT",
        "BACKHAND_RIGHT"
      ],
      "total": 16,
      "winnerRate": 0.5,
      "uplift": 0.07394711067580806,
      "rankScore": 0.20502492510196235
    }
  ],
  "losing": [
    {
      "sequence": [
        "T",
        "BACKHAND_CENTER_DEEP"
      ],
      "total": 15,
      "winnerRate": 0.4,
      "uplift": -0.02605288932419192,
      "rankScore": -0.07055253217367155
    },
    {
      "sequence": [
        "T",
        "FOREHAND_CENTER_DEEP"
      ],
      "total": 17,
      "winnerRate": 0.4117647058823529,
      "uplift": -0.01428818344183902,
      "rankScore": -0.040481471989741384
    }
  ]
}