{
  "totalServePoints": 517,
  "firstServeIn": 322,
  "firstServeInPct": 0.6228239845261122,
  "firstServeWon": 211,
  "firstServeWinPct": 0.65527950310559,
  "secondServeTotal": 195,
  "secondServeWon": 93,
  "secondServeWinPct": 0.47692307692307695,
  "aces": 34,
  "acePct": 0.06576402321083172,
  "doubleFaults": 0,
  "doubleFaultPct": 0
}