{
  "totalServePoints": 149,
  "firstServeIn": 103,
  "firstServeInPct": 0.6912751677852349,
  "firstServeWon": 59,
  "firstServeWinPct": 0.5728155339805825,
  "secondServeTotal": 46,
  "secondServeWon": 16,
  "secondServeWinPct": 0.34782608695652173,
  "aces": 6,
  "acePct": 0.040268456375838924,
  "doubleFaults": 0,
  "doubleFaultPct": 0
}