{
  "totalServePoints": 7424,
  "firstServeIn": 4258,
  "firstServeInPct": 0.5735452586206896,
  "firstServeWon": 3105,
  "firstServeWinPct": 0.7292155941756693,
  "secondServeTotal": 3166,
  "secondServeWon": 1669,
  "secondServeWinPct": 0.5271636133922931,
  "aces": 677,
  "acePct": 0.09119073275862069,
  "doubleFaults": 0,
  "doubleFaultPct": 0
}