{
  "totalServePoints": 3641,
  "firstServeIn": 2364,
  "firstServeInPct": 0.6492721779730843,
  "firstServeWon": 1757,
  "firstServeWinPct": 0.7432318104906938,
  "secondServeTotal": 1277,
  "secondServeWon": 658,
  "secondServeWinPct": 0.5152701644479248,
  "aces": 391,
  "acePct": 0.10738808019774787,
  "doubleFaults": 0,
  "doubleFaultPct": 0
}