{
  "totalServePoints": 274,
  "firstServeIn": 154,
  "firstServeInPct": 0.5620437956204379,
  "firstServeWon": 120,
  "firstServeWinPct": 0.7792207792207793,
  "secondServeTotal": 120,
  "secondServeWon": 61,
  "secondServeWinPct": 0.5083333333333333,
  "aces": 24,
  "acePct": 0.08759124087591241,
  "doubleFaults": 0,
  "doubleFaultPct": 0
}