{
  "wins": [
    {
      "shotType": "BACKHAND",
      "total": 28,
      "winnerRate": 0.5,
      "adjustedEffectiveness": 0.06043956043956045
    },
    {
      "shotType": "FOREHAND",
      "total": 52,
      "winnerRate": 0.34615384615384615,
      "adjustedEffectiveness": -0.09340659340659341
    },
    {
      "shotType": "SERVE",
      "total": 46,
      "winnerRate": 0.5217391304347826,
      "adjustedEffectiveness": 0.08217869087434304
    }
  ],
  "losses": []
}