{
  "totalServePoints": 101,
  "firstServeIn": 69,
  "firstServeInPct": 0.6831683168316832,
  "firstServeWon": 52,
  "firstServeWinPct": 0.7536231884057971,
  "secondServeTotal": 32,
  "secondServeWon": 21,
  "secondServeWinPct": 0.65625,
  "aces": 6,
  "acePct": 0.0594059405940594,
  "doubleFaults": 0,
  "doubleFaultPct": 0
}