{
  "totalServePoints": 1023,
  "firstServeIn": 640,
  "firstServeInPct": 0.6256109481915934,
  "firstServeWon": 451,
  "firstServeWinPct": 0.7046875,
  "secondServeTotal": 383,
  "secondServeWon": 170,
  "secondServeWinPct": 0.44386422976501305,
  "aces": 119,
  "acePct": 0.11632453567937438,
  "doubleFaults": 0,
  "doubleFaultPct": 0
}