{
  "totalServePoints": 66,
  "firstServeIn": 37,
  "firstServeInPct": 0.5606060606060606,
  "firstServeWon": 19,
  "firstServeWinPct": 0.5135135135135135,
  "secondServeTotal": 29,
  "secondServeWon": 16,
  "secondServeWinPct": 0.5517241379310345,
  "aces": 1,
  "acePct": 0.015151515151515152,
  "doubleFaults": 0,
  "doubleFaultPct": 0
}