{
  "totalServePoints": 749,
  "firstServeIn": 484,
  "firstServeInPct": 0.6461949265687583,
  "firstServeWon": 396,
  "firstServeWinPct": 0.8181818181818182,
  "secondServeTotal": 265,
  "secondServeWon": 156,
  "secondServeWinPct": 0.5886792452830188,
  "aces": 111,
  "acePct": 0.14819759679572764,
  "doubleFaults": 0,
  "doubleFaultPct": 0
}