{
  "totalServePoints": 759,
  "firstServeIn": 508,
  "firstServeInPct": 0.6693017127799736,
  "firstServeWon": 358,
  "firstServeWinPct": 0.7047244094488189,
  "secondServeTotal": 251,
  "secondServeWon": 120,
  "secondServeWinPct": 0.47808764940239046,
  "aces": 66,
  "acePct": 0.08695652173913043,
  "doubleFaults": 0,
  "doubleFaultPct": 0
}