{
  "wins": [],
  "losses": [
    {
      "shotType": "BACKHAND",
      "total": 31,
      "winnerRate": 0.45161290322580644,
      "adjustedEffectiveness": 0.02568697729988051
    },
    {
      "shotType": "FOREHAND",
      "total": 46,
      "winnerRate": 0.5217391304347826,
      "adjustedEffectiveness": 0.09581320450885666
    },
    {
      "shotType": "SERVE",
      "total": 54,
      "winnerRate": 0.5370370370370371,
      "adjustedEffectiveness": 0.11111111111111116
    }
  ]
}