{
  "winning": [],
  "losing": [
    {
      "sequence": [
        "BACKHAND_LEFT",
        "BACKHAND_LEFT"
      ],
      "total": 28,
      "winnerRate": 0.32142857142857145,
      "uplift": -0.08978638184245658,
      "rankScore": -0.2991865865277468
    }
  ]
}