{
  "wins": [
    {
      "shotType": "BACKHAND",
      "total": 67,
      "winnerRate": 0.26865671641791045,
      "adjustedEffectiveness": -0.09703907646234844
    },
    {
      "shotType": "BACKHAND_SLICE",
      "total": 40,
      "winnerRate": 0.125,
      "adjustedEffectiveness": -0.24069579288025889
    },
    {
      "shotType": "FOREHAND",
      "total": 147,
      "winnerRate": 0.3197278911564626,
      "adjustedEffectiveness": -0.04596790172379628
    },
    {
      "shotType": "SERVE",
      "total": 155,
      "winnerRate": 0.47096774193548385,
      "adjustedEffectiveness": 0.10527194905522497
    }
  ],
  "losses": []
}