{
  "wins": [
    {
      "shotType": "BACKHAND",
      "total": 145,
      "winnerRate": 0.4068965517241379,
      "adjustedEffectiveness": 0.02483675105968608
    },
    {
      "shotType": "BACKHAND_SLICE",
      "total": 28,
      "winnerRate": 0.2857142857142857,
      "adjustedEffectiveness": -0.09634551495016613
    },
    {
      "shotType": "FOREHAND",
      "total": 173,
      "winnerRate": 0.47398843930635837,
      "adjustedEffectiveness": 0.09192863864190653
    },
    {
      "shotType": "SERVE",
      "total": 151,
      "winnerRate": 0.47019867549668876,
      "adjustedEffectiveness": 0.08813887483223692
    }
  ],
  "losses": []
}