{
  "totalServePoints": 758,
  "firstServeIn": 467,
  "firstServeInPct": 0.6160949868073878,
  "firstServeWon": 334,
  "firstServeWinPct": 0.715203426124197,
  "secondServeTotal": 291,
  "secondServeWon": 145,
  "secondServeWinPct": 0.49828178694158076,
  "aces": 61,
  "acePct": 0.08047493403693931,
  "doubleFaults": 0,
  "doubleFaultPct": 0
}