{
  "totalServePoints": 294,
  "firstServeIn": 157,
  "firstServeInPct": 0.5340136054421769,
  "firstServeWon": 123,
  "firstServeWinPct": 0.7834394904458599,
  "secondServeTotal": 137,
  "secondServeWon": 71,
  "secondServeWinPct": 0.5182481751824818,
  "aces": 20,
  "acePct": 0.06802721088435375,
  "doubleFaults": 0,
  "doubleFaultPct": 0
}