{
  "totalServePoints": 97,
  "firstServeIn": 58,
  "firstServeInPct": 0.5979381443298969,
  "firstServeWon": 39,
  "firstServeWinPct": 0.6724137931034483,
  "secondServeTotal": 39,
  "secondServeWon": 16,
  "secondServeWinPct": 0.41025641025641024,
  "aces": 2,
  "acePct": 0.020618556701030927,
  "doubleFaults": 0,
  "doubleFaultPct": 0
}