{
  "wins": [],
  "losses": [
    {
      "shotType": "BACKHAND",
      "total": 22,
      "winnerRate": 0.09090909090909091,
      "adjustedEffectiveness": -0.3365102639296188
    },
    {
      "shotType": "FOREHAND",
      "total": 37,
      "winnerRate": 0.24324324324324326,
      "adjustedEffectiveness": -0.18417611159546643
    },
    {
      "shotType": "SERVE",
      "total": 62,
      "winnerRate": 0.6129032258064516,
      "adjustedEffectiveness": 0.18548387096774194
    }
  ]
}