{
  "totalServePoints": 2093,
  "firstServeIn": 1329,
  "firstServeInPct": 0.6349737219302437,
  "firstServeWon": 906,
  "firstServeWinPct": 0.6817155756207675,
  "secondServeTotal": 764,
  "secondServeWon": 354,
  "secondServeWinPct": 0.46335078534031415,
  "aces": 88,
  "acePct": 0.042044911610129,
  "doubleFaults": 0,
  "doubleFaultPct": 0
}