{
  "totalServePoints": 1482,
  "firstServeIn": 809,
  "firstServeInPct": 0.5458839406207827,
  "firstServeWon": 580,
  "firstServeWinPct": 0.7169344870210136,
  "secondServeTotal": 673,
  "secondServeWon": 351,
  "secondServeWinPct": 0.5215453194650818,
  "aces": 108,
  "acePct": 0.0728744939271255,
  "doubleFaults": 0,
  "doubleFaultPct": 0
}