{
  "totalServePoints": 939,
  "firstServeIn": 670,
  "firstServeInPct": 0.7135250266240681,
  "firstServeWon": 371,
  "firstServeWinPct": 0.5537313432835821,
  "secondServeTotal": 269,
  "secondServeWon": 109,
  "secondServeWinPct": 0.4052044609665427,
  "aces": 20,
  "acePct": 0.021299254526091587,
  "doubleFaults": 0,
  "doubleFaultPct": 0
}