{
  "wins": [],
  "losses": [
    {
      "shotType": "BACKHAND",
      "total": 51,
      "winnerRate": 0.6274509803921569,
      "adjustedEffectiveness": 0.16193373901284652
    },
    {
      "shotType": "BACKHAND_SLICE",
      "total": 15,
      "winnerRate": 0.3333333333333333,
      "adjustedEffectiveness": -0.13218390804597702
    },
    {
      "shotType": "FOREHAND",
      "total": 80,
      "winnerRate": 0.4375,
      "adjustedEffectiveness": -0.02801724137931033
    },
    {
      "shotType": "SERVE",
      "total": 87,
      "winnerRate": 0.5517241379310345,
      "adjustedEffectiveness": 0.08620689655172414
    }
  ]
}