{
  "winning": [
    {
      "sequence": [
        "FOREHAND_LEFT",
        "BACKHAND_LEFT"
      ],
      "total": 15,
      "winnerRate": 0.6666666666666666,
      "uplift": 0.23954372623574138,
      "rankScore": 0.6486964360054722
    }
  ],
  "losing": [
    {
      "sequence": [
        "T",
        "FOREHAND_CENTER_DEEP"
      ],
      "total": 19,
      "winnerRate": 0.3684210526315789,
      "uplift": -0.05870188779934632,
      "rankScore": -0.1728441265870502
    }
  ]
}