{
  "totalServePoints": 411,
  "firstServeIn": 268,
  "firstServeInPct": 0.6520681265206812,
  "firstServeWon": 188,
  "firstServeWinPct": 0.7014925373134329,
  "secondServeTotal": 143,
  "secondServeWon": 56,
  "secondServeWinPct": 0.3916083916083916,
  "aces": 49,
  "acePct": 0.1192214111922141,
  "doubleFaults": 0,
  "doubleFaultPct": 0
}