{
  "wins": [],
  "losses": [
    {
      "shotType": "BACKHAND",
      "total": 30,
      "winnerRate": 0.2,
      "adjustedEffectiveness": -0.12051282051282053
    },
    {
      "shotType": "FOREHAND",
      "total": 49,
      "winnerRate": 0.22448979591836735,
      "adjustedEffectiveness": -0.0960230245944532
    },
    {
      "shotType": "SERVE",
      "total": 39,
      "winnerRate": 0.28205128205128205,
      "adjustedEffectiveness": -0.03846153846153849
    }
  ]
}