{
  "winning": [
    {
      "sequence": [
        "BACKHAND_LEFT",
        "BACKHAND_LEFT",
        "BACKHAND_LEFT"
      ],
      "total": 22,
      "winnerRate": 0.5454545454545454,
      "uplift": 0.17627891821440206,
      "rankScore": 0.5448856198327953
    },
    {
      "sequence": [
        "BACKHAND_LEFT",
        "BACKHAND_LEFT"
      ],
      "total": 44,
      "winnerRate": 0.45454545454545453,
      "uplift": 0.08536982730531117,
      "rankScore": 0.32305561553815065
    }
  ],
  "losing": []
}