{
  "totalServePoints": 267,
  "firstServeIn": 131,
  "firstServeInPct": 0.49063670411985016,
  "firstServeWon": 104,
  "firstServeWinPct": 0.7938931297709924,
  "secondServeTotal": 136,
  "secondServeWon": 66,
  "secondServeWinPct": 0.4852941176470588,
  "aces": 37,
  "acePct": 0.13857677902621723,
  "doubleFaults": 0,
  "doubleFaultPct": 0
}