{
  "wins": [],
  "losses": [
    {
      "shotType": "BACKHAND",
      "total": 68,
      "winnerRate": 0.29411764705882354,
      "adjustedEffectiveness": -0.06875155125341276
    },
    {
      "shotType": "BACKHAND_SLICE",
      "total": 36,
      "winnerRate": 0.16666666666666666,
      "adjustedEffectiveness": -0.19620253164556964
    },
    {
      "shotType": "FOREHAND",
      "total": 156,
      "winnerRate": 0.3333333333333333,
      "adjustedEffectiveness": -0.02953586497890298
    },
    {
      "shotType": "SERVE",
      "total": 118,
      "winnerRate": 0.3898305084745763,
      "adjustedEffectiveness": 0.02696131016233999
    }
  ]
}