{
  "totalServePoints": 138,
  "firstServeIn": 78,
  "firstServeInPct": 0.5652173913043478,
  "firstServeWon": 54,
  "firstServeWinPct": 0.6923076923076923,
  "secondServeTotal": 60,
  "secondServeWon": 34,
  "secondServeWinPct": 0.5666666666666667,
  "aces": 8,
  "acePct": 0.057971014492753624,
  "doubleFaults": 0,
  "doubleFaultPct": 0
}