{
  "winning": [
    {
      "sequence": [
        "WIDE",
        "FOREHAND_CENTER"
      ],
      "total": 18,
      "winnerRate": 0.4444444444444444,
      "uplift": 0.008838383838383812,
      "rankScore": 0.025546215031910468
    }
  ],
  "losing": []
}