{
  "totalServePoints": 139,
  "firstServeIn": 94,
  "firstServeInPct": 0.6762589928057554,
  "firstServeWon": 79,
  "firstServeWinPct": 0.8404255319148937,
  "secondServeTotal": 45,
  "secondServeWon": 21,
  "secondServeWinPct": 0.4666666666666667,
  "aces": 19,
  "acePct": 0.1366906474820144,
  "doubleFaults": 0,
  "doubleFaultPct": 0
}