{
  "wins": [
    {
      "shotType": "BACKHAND",
      "total": 73,
      "winnerRate": 0.3835616438356164,
      "adjustedEffectiveness": -0.01720171494300954
    },
    {
      "shotType": "BACKHAND_SLICE",
      "total": 18,
      "winnerRate": 0.3888888888888889,
      "adjustedEffectiveness": -0.01187446988973706
    },
    {
      "shotType": "FOREHAND",
      "total": 81,
      "winnerRate": 0.38271604938271603,
      "adjustedEffectiveness": -0.018047309395909927
    },
    {
      "shotType": "SERVE",
      "total": 132,
      "winnerRate": 0.45454545454545453,
      "adjustedEffectiveness": 0.053782095766828575
    }
  ],
  "losses": []
}