{
  "winning": [
    {
      "sequence": [
        "BACKHAND_LEFT",
        "BACKHAND_LEFT"
      ],
      "total": 16,
      "winnerRate": 0.5625,
      "uplift": 0.16173664122137404,
      "rankScore": 0.4484291874233234
    }
  ],
  "losing": []
}