{
  "wins": [
    {
      "shotType": "BACKHAND",
      "total": 63,
      "winnerRate": 0.30158730158730157,
      "adjustedEffectiveness": -0.05975723622782447
    },
    {
      "shotType": "FOREHAND",
      "total": 64,
      "winnerRate": 0.359375,
      "adjustedEffectiveness": -0.0019695378151260434
    },
    {
      "shotType": "SERVE",
      "total": 60,
      "winnerRate": 0.4,
      "adjustedEffectiveness": 0.03865546218487398
    }
  ],
  "losses": []
}