{
  "totalServePoints": 73,
  "firstServeIn": 39,
  "firstServeInPct": 0.5342465753424658,
  "firstServeWon": 26,
  "firstServeWinPct": 0.6666666666666666,
  "secondServeTotal": 34,
  "secondServeWon": 16,
  "secondServeWinPct": 0.47058823529411764,
  "aces": 5,
  "acePct": 0.0684931506849315,
  "doubleFaults": 0,
  "doubleFaultPct": 0
}