{
  "winning": [
    {
      "sequence": [
        "FOREHAND_LEFT",
        "FOREHAND_LEFT"
      ],
      "total": 28,
      "winnerRate": 0.39285714285714285,
      "uplift": 0.024142059058260168,
      "rankScore": 0.08044627807885066
    },
    {
      "sequence": [
        "FOREHAND_LEFT",
        "FOREHAND_CENTER"
      ],
      "total": 18,
      "winnerRate": 0.3888888888888889,
      "uplift": 0.020173805090006214,
      "rankScore": 0.05830979648145585
    }
  ],
  "losing": [
    {
      "sequence": [
        "FOREHAND_RIGHT",
        "BACKHAND_SLICE_CENTER"
      ],
      "total": 15,
      "winnerRate": 0.2,
      "uplift": -0.16871508379888267,
      "rankScore": -0.45688891661054043
    },
    {
      "sequence": [
        "FOREHAND_CENTER",
        "BACKHAND_CENTER"
      ],
      "total": 21,
      "winnerRate": 0.23809523809523808,
      "uplift": -0.1306198457036446,
      "rankScore": -0.3976750510567174
    },
    {
      "sequence": [
        "FOREHAND_RIGHT",
        "BACKHAND_CENTER"
      ],
      "total": 17,
      "winnerRate": 0.35294117647058826,
      "uplift": -0.015773907328294423,
      "rankScore": -0.0446908447304299
    }
  ]
}