{
  "totalServePoints": 267,
  "firstServeIn": 185,
  "firstServeInPct": 0.6928838951310862,
  "firstServeWon": 134,
  "firstServeWinPct": 0.7243243243243244,
  "secondServeTotal": 82,
  "secondServeWon": 46,
  "secondServeWinPct": 0.5609756097560976,
  "aces": 32,
  "acePct": 0.1198501872659176,
  "doubleFaults": 0,
  "doubleFaultPct": 0
}