{
  "wins": [],
  "losses": [
    {
      "shotType": "BACKHAND",
      "total": 36,
      "winnerRate": 0.25,
      "adjustedEffectiveness": -0.1228813559322034
    },
    {
      "shotType": "FOREHAND",
      "total": 71,
      "winnerRate": 0.36619718309859156,
      "adjustedEffectiveness": -0.0066841728336118345
    },
    {
      "shotType": "SERVE",
      "total": 59,
      "winnerRate": 0.5084745762711864,
      "adjustedEffectiveness": 0.13559322033898302
    }
  ]
}