{
  "winning": [
    {
      "sequence": [
        "FOREHAND_CENTER",
        "FOREHAND_CENTER"
      ],
      "total": 18,
      "winnerRate": 0.3888888888888889,
      "uplift": 0.0160075329566855,
      "rankScore": 0.04626772117159585
    }
  ],
  "losing": []
}