{
  "wins": [
    {
      "shotType": "BACKHAND",
      "total": 94,
      "winnerRate": 0.35106382978723405,
      "adjustedEffectiveness": -0.09867161994821566
    },
    {
      "shotType": "BACKHAND_SLICE",
      "total": 15,
      "winnerRate": 0.26666666666666666,
      "adjustedEffectiveness": -0.18306878306878305
    },
    {
      "shotType": "FOREHAND",
      "total": 98,
      "winnerRate": 0.4489795918367347,
      "adjustedEffectiveness": -0.0007558578987150177
    },
    {
      "shotType": "SERVE",
      "total": 95,
      "winnerRate": 0.5263157894736842,
      "adjustedEffectiveness": 0.07658033973823447
    }
  ],
  "losses": []
}