{
  "totalServePoints": 280,
  "firstServeIn": 163,
  "firstServeInPct": 0.5821428571428572,
  "firstServeWon": 110,
  "firstServeWinPct": 0.6748466257668712,
  "secondServeTotal": 117,
  "secondServeWon": 64,
  "secondServeWinPct": 0.5470085470085471,
  "aces": 14,
  "acePct": 0.05,
  "doubleFaults": 0,
  "doubleFaultPct": 0
}