{
  "totalServePoints": 1352,
  "firstServeIn": 887,
  "firstServeInPct": 0.6560650887573964,
  "firstServeWon": 607,
  "firstServeWinPct": 0.6843291995490417,
  "secondServeTotal": 465,
  "secondServeWon": 234,
  "secondServeWinPct": 0.5032258064516129,
  "aces": 52,
  "acePct": 0.038461538461538464,
  "doubleFaults": 0,
  "doubleFaultPct": 0
}