{
  "totalServePoints": 54,
  "firstServeIn": 37,
  "firstServeInPct": 0.6851851851851852,
  "firstServeWon": 28,
  "firstServeWinPct": 0.7567567567567568,
  "secondServeTotal": 17,
  "secondServeWon": 11,
  "secondServeWinPct": 0.6470588235294118,
  "aces": 3,
  "acePct": 0.05555555555555555,
  "doubleFaults": 0,
  "doubleFaultPct": 0
}