{
  "winning": [],
  "losing": [
    {
      "sequence": [
        "BACKHAND_LEFT",
        "BACKHAND_LEFT"
      ],
      "total": 15,
      "winnerRate": 0.2,
      "uplift": -0.16134453781512603,
      "rankScore": -0.4369291080769952
    },
    {
      "sequence": [
        "FOREHAND_LEFT",
        "BACKHAND_LEFT"
      ],
      "total": 18,
      "winnerRate": 0.2777777777777778,
      "uplift": -0.08356676003734825,
      "rankScore": -0.24153900311083723
    }
  ]
}