{
  "totalServePoints": 150,
  "firstServeIn": 98,
  "firstServeInPct": 0.6533333333333333,
  "firstServeWon": 62,
  "firstServeWinPct": 0.6326530612244898,
  "secondServeTotal": 52,
  "secondServeWon": 24,
  "secondServeWinPct": 0.46153846153846156,
  "aces": 10,
  "acePct": 0.06666666666666667,
  "doubleFaults": 0,
  "doubleFaultPct": 0
}