{
  "wins": [
    {
      "shotType": "BACKHAND",
      "total": 19,
      "winnerRate": 0.15789473684210525,
      "adjustedEffectiveness": -0.17543859649122806
    },
    {
      "shotType": "FOREHAND",
      "total": 46,
      "winnerRate": 0.21739130434782608,
      "adjustedEffectiveness": -0.11594202898550723
    },
    {
      "shotType": "FOREHAND_SLICE",
      "total": 19,
      "winnerRate": 0.3157894736842105,
      "adjustedEffectiveness": -0.017543859649122806
    },
    {
      "shotType": "SERVE",
      "total": 48,
      "winnerRate": 0.4375,
      "adjustedEffectiveness": 0.10416666666666669
    }
  ],
  "losses": []
}