{
  "totalServePoints": 45,
  "firstServeIn": 26,
  "firstServeInPct": 0.5777777777777777,
  "firstServeWon": 23,
  "firstServeWinPct": 0.8846153846153846,
  "secondServeTotal": 19,
  "secondServeWon": 9,
  "secondServeWinPct": 0.47368421052631576,
  "aces": 5,
  "acePct": 0.1111111111111111,
  "doubleFaults": 0,
  "doubleFaultPct": 0
}