{
  "wins": [],
  "losses": [
    {
      "shotType": "BACKHAND",
      "total": 133,
      "winnerRate": 0.3157894736842105,
      "adjustedEffectiveness": -0.09418282548476459
    },
    {
      "shotType": "BACKHAND_SLICE",
      "total": 40,
      "winnerRate": 0.125,
      "adjustedEffectiveness": -0.2849722991689751
    },
    {
      "shotType": "FOREHAND",
      "total": 188,
      "winnerRate": 0.34574468085106386,
      "adjustedEffectiveness": -0.06422761831791124
    },
    {
      "shotType": "SERVE",
      "total": 179,
      "winnerRate": 0.5418994413407822,
      "adjustedEffectiveness": 0.13192714217180707
    }
  ]
}