{
  "winning": [
    {
      "sequence": [
        "FOREHAND_LEFT",
        "BACKHAND_LEFT"
      ],
      "total": 19,
      "winnerRate": 0.47368421052631576,
      "uplift": 0.06371191135734067,
      "rankScore": 0.1875958352377509
    }
  ],
  "losing": [
    {
      "sequence": [
        "FOREHAND_RIGHT",
        "FOREHAND_CENTER"
      ],
      "total": 16,
      "winnerRate": 0.1875,
      "uplift": -0.2224722991689751,
      "rankScore": -0.616824187686655
    },
    {
      "sequence": [
        "FOREHAND_LEFT",
        "BACKHAND_CENTER"
      ],
      "total": 18,
      "winnerRate": 0.2777777777777778,
      "uplift": -0.1321945213911973,
      "rankScore": -0.3820913111777171
    },
    {
      "sequence": [
        "FOREHAND_RIGHT",
        "FOREHAND_RIGHT"
      ],
      "total": 19,
      "winnerRate": 0.3157894736842105,
      "uplift": -0.09418282548476459,
      "rankScore": -0.27731558252537125
    }
  ]
}