{
  "totalServePoints": 198,
  "firstServeIn": 130,
  "firstServeInPct": 0.6565656565656566,
  "firstServeWon": 90,
  "firstServeWinPct": 0.6923076923076923,
  "secondServeTotal": 68,
  "secondServeWon": 27,
  "secondServeWinPct": 0.39705882352941174,
  "aces": 26,
  "acePct": 0.13131313131313133,
  "doubleFaults": 0,
  "doubleFaultPct": 0
}