{
  "winning": [],
  "losing": [
    {
      "sequence": [
        "BACKHAND_SLICE_LEFT",
        "BACKHAND_SLICE_LEFT"
      ],
      "total": 37,
      "winnerRate": 0.05405405405405406,
      "uplift": -0.3357371292406095,
      "rankScore": -1.212319213914666
    },
    {
      "sequence": [
        "BACKHAND_SLICE_LEFT",
        "BACKHAND_SLICE_LEFT",
        "BACKHAND_SLICE_LEFT"
      ],
      "total": 21,
      "winnerRate": 0.047619047619047616,
      "uplift": -0.34217213567561594,
      "rankScore": -1.041750744628156
    },
    {
      "sequence": [
        "BACKHAND_SLICE_CENTER",
        "BACKHAND_SLICE_LEFT"
      ],
      "total": 16,
      "winnerRate": 0.125,
      "uplift": -0.26479118329466356,
      "rankScore": -0.7341570485513109
    },
    {
      "sequence": [
        "BACKHAND_SLICE_LEFT",
        "BACKHAND_SLICE_CENTER"
      ],
      "total": 17,
      "winnerRate": 0.17647058823529413,
      "uplift": -0.21332059505936943,
      "rankScore": -0.604382756484218
    }
  ]
}