{
  "totalServePoints": 216,
  "firstServeIn": 144,
  "firstServeInPct": 0.6666666666666666,
  "firstServeWon": 109,
  "firstServeWinPct": 0.7569444444444444,
  "secondServeTotal": 72,
  "secondServeWon": 37,
  "secondServeWinPct": 0.5138888888888888,
  "aces": 22,
  "acePct": 0.10185185185185185,
  "doubleFaults": 0,
  "doubleFaultPct": 0
}