{
  "totalServePoints": 2259,
  "firstServeIn": 1417,
  "firstServeInPct": 0.6272687029659141,
  "firstServeWon": 925,
  "firstServeWinPct": 0.652787579393084,
  "secondServeTotal": 842,
  "secondServeWon": 441,
  "secondServeWinPct": 0.5237529691211401,
  "aces": 56,
  "acePct": 0.02478972996901284,
  "doubleFaults": 0,
  "doubleFaultPct": 0
}