{
  "winning": [
    {
      "sequence": [
        "BACKHAND_LEFT",
        "BACKHAND_LEFT"
      ],
      "total": 22,
      "winnerRate": 0.7727272727272727,
      "uplift": 0.3628912071535022,
      "rankScore": 1.1217121272619224
    },
    {
      "sequence": [
        "FOREHAND_LEFT",
        "BACKHAND_LEFT"
      ],
      "total": 25,
      "winnerRate": 0.48,
      "uplift": 0.07016393442622948,
      "rankScore": 0.22584899230222774
    }
  ],
  "losing": [
    {
      "sequence": [
        "FOREHAND_RIGHT",
        "FOREHAND_RIGHT"
      ],
      "total": 31,
      "winnerRate": 0.1935483870967742,
      "uplift": -0.21628767847699631,
      "rankScore": -0.7427291203778027
    },
    {
      "sequence": [
        "FOREHAND_LEFT",
        "BACKHAND_CENTER"
      ],
      "total": 18,
      "winnerRate": 0.2777777777777778,
      "uplift": -0.1320582877959927,
      "rankScore": -0.38169754544166107
    }
  ]
}