{
  "totalServePoints": 9833,
  "firstServeIn": 5718,
  "firstServeInPct": 0.5815112376690735,
  "firstServeWon": 4005,
  "firstServeWinPct": 0.7004197271773347,
  "secondServeTotal": 4115,
  "secondServeWon": 2140,
  "secondServeWinPct": 0.520048602673147,
  "aces": 425,
  "acePct": 0.043221804128953524,
  "doubleFaults": 0,
  "doubleFaultPct": 0
}