{
  "totalServePoints": 4793,
  "firstServeIn": 2714,
  "firstServeInPct": 0.566242436887127,
  "firstServeWon": 2025,
  "firstServeWinPct": 0.7461311717022845,
  "secondServeTotal": 2079,
  "secondServeWon": 990,
  "secondServeWinPct": 0.47619047619047616,
  "aces": 566,
  "acePct": 0.11808887961610683,
  "doubleFaults": 0,
  "doubleFaultPct": 0
}