{
  "totalServePoints": 555,
  "firstServeIn": 341,
  "firstServeInPct": 0.6144144144144145,
  "firstServeWon": 257,
  "firstServeWinPct": 0.7536656891495601,
  "secondServeTotal": 214,
  "secondServeWon": 116,
  "secondServeWinPct": 0.5420560747663551,
  "aces": 47,
  "acePct": 0.08468468468468468,
  "doubleFaults": 0,
  "doubleFaultPct": 0
}