{
  "totalServePoints": 313,
  "firstServeIn": 187,
  "firstServeInPct": 0.597444089456869,
  "firstServeWon": 142,
  "firstServeWinPct": 0.7593582887700535,
  "secondServeTotal": 126,
  "secondServeWon": 59,
  "secondServeWinPct": 0.46825396825396826,
  "aces": 18,
  "acePct": 0.05750798722044728,
  "doubleFaults": 0,
  "doubleFaultPct": 0
}