{
  "totalServePoints": 697,
  "firstServeIn": 439,
  "firstServeInPct": 0.629842180774749,
  "firstServeWon": 337,
  "firstServeWinPct": 0.7676537585421412,
  "secondServeTotal": 258,
  "secondServeWon": 138,
  "secondServeWinPct": 0.5348837209302325,
  "aces": 66,
  "acePct": 0.09469153515064563,
  "doubleFaults": 0,
  "doubleFaultPct": 0
}