{
  "wins": [],
  "losses": [
    {
      "shotType": "BACKHAND",
      "total": 50,
      "winnerRate": 0.26,
      "adjustedEffectiveness": -0.0986206896551724
    },
    {
      "shotType": "FOREHAND",
      "total": 49,
      "winnerRate": 0.20408163265306123,
      "adjustedEffectiveness": -0.15453905700211118
    },
    {
      "shotType": "SERVE",
      "total": 72,
      "winnerRate": 0.4444444444444444,
      "adjustedEffectiveness": 0.08582375478927201
    }
  ]
}