{
  "totalServePoints": 65,
  "firstServeIn": 38,
  "firstServeInPct": 0.5846153846153846,
  "firstServeWon": 20,
  "firstServeWinPct": 0.5263157894736842,
  "secondServeTotal": 27,
  "secondServeWon": 10,
  "secondServeWinPct": 0.37037037037037035,
  "aces": 3,
  "acePct": 0.046153846153846156,
  "doubleFaults": 0,
  "doubleFaultPct": 0
}