{
  "totalServePoints": 310,
  "firstServeIn": 190,
  "firstServeInPct": 0.6129032258064516,
  "firstServeWon": 113,
  "firstServeWinPct": 0.5947368421052631,
  "secondServeTotal": 120,
  "secondServeWon": 63,
  "secondServeWinPct": 0.525,
  "aces": 12,
  "acePct": 0.03870967741935484,
  "doubleFaults": 0,
  "doubleFaultPct": 0
}