{
  "totalServePoints": 174,
  "firstServeIn": 101,
  "firstServeInPct": 0.5804597701149425,
  "firstServeWon": 62,
  "firstServeWinPct": 0.6138613861386139,
  "secondServeTotal": 73,
  "secondServeWon": 30,
  "secondServeWinPct": 0.410958904109589,
  "aces": 7,
  "acePct": 0.040229885057471264,
  "doubleFaults": 0,
  "doubleFaultPct": 0
}