{
  "totalServePoints": 1968,
  "firstServeIn": 1276,
  "firstServeInPct": 0.6483739837398373,
  "firstServeWon": 923,
  "firstServeWinPct": 0.7233542319749217,
  "secondServeTotal": 692,
  "secondServeWon": 351,
  "secondServeWinPct": 0.5072254335260116,
  "aces": 175,
  "acePct": 0.08892276422764228,
  "doubleFaults": 0,
  "doubleFaultPct": 0
}