{
  "totalServePoints": 1394,
  "firstServeIn": 874,
  "firstServeInPct": 0.6269727403156384,
  "firstServeWon": 576,
  "firstServeWinPct": 0.6590389016018307,
  "secondServeTotal": 520,
  "secondServeWon": 241,
  "secondServeWinPct": 0.4634615384615385,
  "aces": 91,
  "acePct": 0.06527977044476327,
  "doubleFaults": 0,
  "doubleFaultPct": 0
}