{
  "totalServePoints": 190,
  "firstServeIn": 130,
  "firstServeInPct": 0.6842105263157895,
  "firstServeWon": 84,
  "firstServeWinPct": 0.6461538461538462,
  "secondServeTotal": 60,
  "secondServeWon": 32,
  "secondServeWinPct": 0.5333333333333333,
  "aces": 14,
  "acePct": 0.07368421052631578,
  "doubleFaults": 0,
  "doubleFaultPct": 0
}