{
  "totalServePoints": 137,
  "firstServeIn": 81,
  "firstServeInPct": 0.5912408759124088,
  "firstServeWon": 59,
  "firstServeWinPct": 0.7283950617283951,
  "secondServeTotal": 56,
  "secondServeWon": 33,
  "secondServeWinPct": 0.5892857142857143,
  "aces": 11,
  "acePct": 0.08029197080291971,
  "doubleFaults": 0,
  "doubleFaultPct": 0
}