{
  "wins": [
    {
      "shotType": "BACKHAND",
      "total": 23,
      "winnerRate": 0.391304347826087,
      "adjustedEffectiveness": -0.01980676328502412
    },
    {
      "shotType": "SERVE",
      "total": 76,
      "winnerRate": 0.5263157894736842,
      "adjustedEffectiveness": 0.11520467836257309
    }
  ],
  "losses": [
    {
      "shotType": "BACKHAND",
      "total": 23,
      "winnerRate": 0.2608695652173913,
      "adjustedEffectiveness": -0.1502415458937198
    },
    {
      "shotType": "FOREHAND",
      "total": 37,
      "winnerRate": 0.43243243243243246,
      "adjustedEffectiveness": 0.021321321321321363
    },
    {
      "shotType": "SERVE",
      "total": 59,
      "winnerRate": 0.5254237288135594,
      "adjustedEffectiveness": 0.11431261770244827
    }
  ]
}