{
  "totalServePoints": 152,
  "firstServeIn": 84,
  "firstServeInPct": 0.5526315789473685,
  "firstServeWon": 51,
  "firstServeWinPct": 0.6071428571428571,
  "secondServeTotal": 68,
  "secondServeWon": 32,
  "secondServeWinPct": 0.47058823529411764,
  "aces": 7,
  "acePct": 0.046052631578947366,
  "doubleFaults": 0,
  "doubleFaultPct": 0
}