{
  "totalServePoints": 510,
  "firstServeIn": 318,
  "firstServeInPct": 0.6235294117647059,
  "firstServeWon": 216,
  "firstServeWinPct": 0.6792452830188679,
  "secondServeTotal": 192,
  "secondServeWon": 78,
  "secondServeWinPct": 0.40625,
  "aces": 15,
  "acePct": 0.029411764705882353,
  "doubleFaults": 0,
  "doubleFaultPct": 0
}