{
  "totalServePoints": 2129,
  "firstServeIn": 1358,
  "firstServeInPct": 0.6378581493658995,
  "firstServeWon": 958,
  "firstServeWinPct": 0.7054491899852725,
  "secondServeTotal": 771,
  "secondServeWon": 386,
  "secondServeWinPct": 0.5006485084306096,
  "aces": 159,
  "acePct": 0.07468294974166276,
  "doubleFaults": 0,
  "doubleFaultPct": 0
}