{
  "winning": [
    {
      "sequence": [
        "FOREHAND_LEFT",
        "BACKHAND_LEFT"
      ],
      "total": 17,
      "winnerRate": 0.6470588235294118,
      "uplift": 0.21917420814479643,
      "rankScore": 0.6209672911887919
    },
    {
      "sequence": [
        "BACKHAND_LEFT",
        "BACKHAND_LEFT"
      ],
      "total": 22,
      "winnerRate": 0.5454545454545454,
      "uplift": 0.11756993006993005,
      "rankScore": 0.36341364508452223
    }
  ],
  "losing": []
}