{
  "totalServePoints": 219,
  "firstServeIn": 134,
  "firstServeInPct": 0.6118721461187214,
  "firstServeWon": 87,
  "firstServeWinPct": 0.6492537313432836,
  "secondServeTotal": 85,
  "secondServeWon": 37,
  "secondServeWinPct": 0.43529411764705883,
  "aces": 17,
  "acePct": 0.0776255707762557,
  "doubleFaults": 0,
  "doubleFaultPct": 0
}