{
  "totalServePoints": 90,
  "firstServeIn": 57,
  "firstServeInPct": 0.6333333333333333,
  "firstServeWon": 38,
  "firstServeWinPct": 0.6666666666666666,
  "secondServeTotal": 33,
  "secondServeWon": 18,
  "secondServeWinPct": 0.5454545454545454,
  "aces": 1,
  "acePct": 0.011111111111111112,
  "doubleFaults": 0,
  "doubleFaultPct": 0
}