{
  "totalServePoints": 147,
  "firstServeIn": 86,
  "firstServeInPct": 0.5850340136054422,
  "firstServeWon": 56,
  "firstServeWinPct": 0.6511627906976745,
  "secondServeTotal": 61,
  "secondServeWon": 34,
  "secondServeWinPct": 0.5573770491803278,
  "aces": 4,
  "acePct": 0.027210884353741496,
  "doubleFaults": 0,
  "doubleFaultPct": 0
}