{
  "winning": [
    {
      "sequence": [
        "BACKHAND_LEFT",
        "BACKHAND_LEFT"
      ],
      "total": 28,
      "winnerRate": 0.6071428571428571,
      "uplift": 0.20527369826435243,
      "rankScore": 0.6840139431768191
    }
  ],
  "losing": []
}