{
  "totalServePoints": 253,
  "firstServeIn": 143,
  "firstServeInPct": 0.5652173913043478,
  "firstServeWon": 99,
  "firstServeWinPct": 0.6923076923076923,
  "secondServeTotal": 110,
  "secondServeWon": 72,
  "secondServeWinPct": 0.6545454545454545,
  "aces": 18,
  "acePct": 0.07114624505928854,
  "doubleFaults": 0,
  "doubleFaultPct": 0
}