{
  "totalServePoints": 219,
  "firstServeIn": 111,
  "firstServeInPct": 0.5068493150684932,
  "firstServeWon": 87,
  "firstServeWinPct": 0.7837837837837838,
  "secondServeTotal": 108,
  "secondServeWon": 58,
  "secondServeWinPct": 0.5370370370370371,
  "aces": 30,
  "acePct": 0.136986301369863,
  "doubleFaults": 0,
  "doubleFaultPct": 0
}