{
  "totalServePoints": 955,
  "firstServeIn": 633,
  "firstServeInPct": 0.6628272251308901,
  "firstServeWon": 452,
  "firstServeWinPct": 0.7140600315955766,
  "secondServeTotal": 322,
  "secondServeWon": 158,
  "secondServeWinPct": 0.4906832298136646,
  "aces": 67,
  "acePct": 0.07015706806282722,
  "doubleFaults": 0,
  "doubleFaultPct": 0
}