{
  "wins": [],
  "losses": [
    {
      "shotType": "BACKHAND",
      "total": 30,
      "winnerRate": 0.3333333333333333,
      "adjustedEffectiveness": -0.09019607843137256
    },
    {
      "shotType": "FOREHAND",
      "total": 19,
      "winnerRate": 0.47368421052631576,
      "adjustedEffectiveness": 0.05015479876160989
    },
    {
      "shotType": "SERVE",
      "total": 42,
      "winnerRate": 0.5952380952380952,
      "adjustedEffectiveness": 0.17170868347338936
    }
  ]
}