{
  "totalServePoints": 47,
  "firstServeIn": 24,
  "firstServeInPct": 0.5106382978723404,
  "firstServeWon": 14,
  "firstServeWinPct": 0.5833333333333334,
  "secondServeTotal": 23,
  "secondServeWon": 8,
  "secondServeWinPct": 0.34782608695652173,
  "aces": 1,
  "acePct": 0.02127659574468085,
  "doubleFaults": 0,
  "doubleFaultPct": 0
}