{
  "wins": [],
  "losses": [
    {
      "shotType": "BACKHAND",
      "total": 54,
      "winnerRate": 0.3888888888888889,
      "adjustedEffectiveness": -0.04728132387706857
    },
    {
      "shotType": "BACKHAND_SLICE",
      "total": 15,
      "winnerRate": 0.06666666666666667,
      "adjustedEffectiveness": -0.3695035460992908
    },
    {
      "shotType": "FOREHAND",
      "total": 108,
      "winnerRate": 0.35185185185185186,
      "adjustedEffectiveness": -0.0843183609141056
    },
    {
      "shotType": "SERVE",
      "total": 94,
      "winnerRate": 0.46808510638297873,
      "adjustedEffectiveness": 0.03191489361702127
    }
  ]
}