{
  "totalServePoints": 719,
  "firstServeIn": 450,
  "firstServeInPct": 0.6258692628650904,
  "firstServeWon": 318,
  "firstServeWinPct": 0.7066666666666667,
  "secondServeTotal": 269,
  "secondServeWon": 137,
  "secondServeWinPct": 0.5092936802973977,
  "aces": 83,
  "acePct": 0.11543810848400557,
  "doubleFaults": 0,
  "doubleFaultPct": 0
}