{
  "winning": [
    {
      "sequence": [
        "FOREHAND_RIGHT",
        "FOREHAND_LEFT"
      ],
      "total": 17,
      "winnerRate": 0.47058823529411764,
      "uplift": 0.10064603876232575,
      "rankScore": 0.2851517000478205
    },
    {
      "sequence": [
        "FOREHAND_RIGHT",
        "FOREHAND_RIGHT"
      ],
      "total": 30,
      "winnerRate": 0.43333333333333335,
      "uplift": 0.06339113680154146,
      "rankScore": 0.2156057685099903
    },
    {
      "sequence": [
        "T",
        "FOREHAND_CENTER"
      ],
      "total": 15,
      "winnerRate": 0.4,
      "uplift": 0.030057803468208133,
      "rankScore": 0.08139804072677174
    },
    {
      "sequence": [
        "FOREHAND_LEFT",
        "BACKHAND_LEFT"
      ],
      "total": 18,
      "winnerRate": 0.3888888888888889,
      "uplift": 0.018946692357097006,
      "rankScore": 0.054762984494500296
    }
  ],
  "losing": [
    {
      "sequence": [
        "BACKHAND_LEFT",
        "BACKHAND_LEFT"
      ],
      "total": 17,
      "winnerRate": 0.29411764705882354,
      "uplift": -0.07582454947296835,
      "rankScore": -0.21482712537386467
    }
  ]
}