{
  "totalServePoints": 151,
  "firstServeIn": 105,
  "firstServeInPct": 0.695364238410596,
  "firstServeWon": 80,
  "firstServeWinPct": 0.7619047619047619,
  "secondServeTotal": 46,
  "secondServeWon": 21,
  "secondServeWinPct": 0.45652173913043476,
  "aces": 8,
  "acePct": 0.052980132450331126,
  "doubleFaults": 0,
  "doubleFaultPct": 0
}