{
  "winning": [
    {
      "sequence": [
        "BACKHAND_LEFT",
        "BACKHAND_LEFT",
        "BACKHAND_LEFT"
      ],
      "total": 22,
      "winnerRate": 0.5454545454545454,
      "uplift": 0.1685548494059132,
      "rankScore": 0.5210101952330954
    },
    {
      "sequence": [
        "BACKHAND_LEFT",
        "BACKHAND_LEFT"
      ],
      "total": 44,
      "winnerRate": 0.45454545454545453,
      "uplift": 0.07764575849682231,
      "rankScore": 0.29382627442139575
    }
  ],
  "losing": []
}