{
  "totalServePoints": 149,
  "firstServeIn": 69,
  "firstServeInPct": 0.46308724832214765,
  "firstServeWon": 51,
  "firstServeWinPct": 0.7391304347826086,
  "secondServeTotal": 80,
  "secondServeWon": 33,
  "secondServeWinPct": 0.4125,
  "aces": 11,
  "acePct": 0.0738255033557047,
  "doubleFaults": 0,
  "doubleFaultPct": 0
}