{
  "totalServePoints": 1356,
  "firstServeIn": 834,
  "firstServeInPct": 0.6150442477876106,
  "firstServeWon": 586,
  "firstServeWinPct": 0.7026378896882494,
  "secondServeTotal": 522,
  "secondServeWon": 258,
  "secondServeWinPct": 0.4942528735632184,
  "aces": 71,
  "acePct": 0.05235988200589971,
  "doubleFaults": 0,
  "doubleFaultPct": 0
}