{
  "totalServePoints": 211,
  "firstServeIn": 131,
  "firstServeInPct": 0.6208530805687204,
  "firstServeWon": 88,
  "firstServeWinPct": 0.6717557251908397,
  "secondServeTotal": 80,
  "secondServeWon": 33,
  "secondServeWinPct": 0.4125,
  "aces": 13,
  "acePct": 0.061611374407582936,
  "doubleFaults": 0,
  "doubleFaultPct": 0
}