{
  "wins": [],
  "losses": [
    {
      "shotType": "BACKHAND",
      "total": 29,
      "winnerRate": 0.5172413793103449,
      "adjustedEffectiveness": 0.04608753315649872
    },
    {
      "shotType": "FOREHAND",
      "total": 25,
      "winnerRate": 0.48,
      "adjustedEffectiveness": 0.008846153846153837
    },
    {
      "shotType": "SERVE",
      "total": 52,
      "winnerRate": 0.5769230769230769,
      "adjustedEffectiveness": 0.10576923076923073
    }
  ]
}