{
  "totalServePoints": 309,
  "firstServeIn": 205,
  "firstServeInPct": 0.6634304207119741,
  "firstServeWon": 112,
  "firstServeWinPct": 0.5463414634146342,
  "secondServeTotal": 104,
  "secondServeWon": 30,
  "secondServeWinPct": 0.28846153846153844,
  "aces": 4,
  "acePct": 0.012944983818770227,
  "doubleFaults": 0,
  "doubleFaultPct": 0
}