{
  "wins": [],
  "losses": [
    {
      "shotType": "BACKHAND",
      "total": 68,
      "winnerRate": 0.36764705882352944,
      "adjustedEffectiveness": 0.004010695187165791
    },
    {
      "shotType": "BACKHAND_SLICE",
      "total": 15,
      "winnerRate": 0.2,
      "adjustedEffectiveness": -0.16363636363636364
    },
    {
      "shotType": "FOREHAND",
      "total": 65,
      "winnerRate": 0.3076923076923077,
      "adjustedEffectiveness": -0.05594405594405594
    },
    {
      "shotType": "SERVE",
      "total": 55,
      "winnerRate": 0.4,
      "adjustedEffectiveness": 0.036363636363636376
    }
  ]
}