{
  "totalServePoints": 537,
  "firstServeIn": 319,
  "firstServeInPct": 0.5940409683426443,
  "firstServeWon": 242,
  "firstServeWinPct": 0.7586206896551724,
  "secondServeTotal": 218,
  "secondServeWon": 106,
  "secondServeWinPct": 0.48623853211009177,
  "aces": 70,
  "acePct": 0.1303538175046555,
  "doubleFaults": 0,
  "doubleFaultPct": 0
}