{
  "totalServePoints": 898,
  "firstServeIn": 553,
  "firstServeInPct": 0.6158129175946548,
  "firstServeWon": 394,
  "firstServeWinPct": 0.7124773960216998,
  "secondServeTotal": 345,
  "secondServeWon": 175,
  "secondServeWinPct": 0.5072463768115942,
  "aces": 56,
  "acePct": 0.062360801781737196,
  "doubleFaults": 0,
  "doubleFaultPct": 0
}