{
  "totalServePoints": 1002,
  "firstServeIn": 555,
  "firstServeInPct": 0.5538922155688623,
  "firstServeWon": 406,
  "firstServeWinPct": 0.7315315315315315,
  "secondServeTotal": 447,
  "secondServeWon": 215,
  "secondServeWinPct": 0.4809843400447427,
  "aces": 81,
  "acePct": 0.08083832335329341,
  "doubleFaults": 0,
  "doubleFaultPct": 0
}