{
  "totalServePoints": 51,
  "firstServeIn": 28,
  "firstServeInPct": 0.5490196078431373,
  "firstServeWon": 13,
  "firstServeWinPct": 0.4642857142857143,
  "secondServeTotal": 23,
  "secondServeWon": 5,
  "secondServeWinPct": 0.21739130434782608,
  "aces": 2,
  "acePct": 0.0392156862745098,
  "doubleFaults": 0,
  "doubleFaultPct": 0
}