{
  "wins": [],
  "losses": [
    {
      "shotType": "BACKHAND",
      "total": 41,
      "winnerRate": 0.5365853658536586,
      "adjustedEffectiveness": 0.16260162601626021
    },
    {
      "shotType": "FOREHAND",
      "total": 59,
      "winnerRate": 0.423728813559322,
      "adjustedEffectiveness": 0.04974507372192366
    },
    {
      "shotType": "SERVE",
      "total": 61,
      "winnerRate": 0.45901639344262296,
      "adjustedEffectiveness": 0.0850326536052246
    }
  ]
}