{
  "totalServePoints": 1277,
  "firstServeIn": 774,
  "firstServeInPct": 0.60610806577917,
  "firstServeWon": 577,
  "firstServeWinPct": 0.7454780361757106,
  "secondServeTotal": 503,
  "secondServeWon": 265,
  "secondServeWinPct": 0.5268389662027833,
  "aces": 91,
  "acePct": 0.07126076742364917,
  "doubleFaults": 0,
  "doubleFaultPct": 0
}