{
  "totalServePoints": 312,
  "firstServeIn": 222,
  "firstServeInPct": 0.7115384615384616,
  "firstServeWon": 176,
  "firstServeWinPct": 0.7927927927927928,
  "secondServeTotal": 90,
  "secondServeWon": 53,
  "secondServeWinPct": 0.5888888888888889,
  "aces": 10,
  "acePct": 0.03205128205128205,
  "doubleFaults": 0,
  "doubleFaultPct": 0
}