{
  "winning": [],
  "losing": [
    {
      "sequence": [
        "FOREHAND_RIGHT",
        "FOREHAND_RIGHT"
      ],
      "total": 17,
      "winnerRate": 0.29411764705882354,
      "uplift": -0.0813336164790826,
      "rankScore": -0.2304354875288874
    },
    {
      "sequence": [
        "T",
        "BACKHAND_SLICE_CENTER"
      ],
      "total": 20,
      "winnerRate": 0.3,
      "uplift": -0.07545126353790615,
      "rankScore": -0.22603178526093293
    },
    {
      "sequence": [
        "BACKHAND_SLICE_CENTER",
        "FOREHAND_LEFT"
      ],
      "total": 18,
      "winnerRate": 0.3333333333333333,
      "uplift": -0.04211793020457283,
      "rankScore": -0.12173647596433913
    },
    {
      "sequence": [
        "WIDE",
        "BACKHAND_SLICE_CENTER"
      ],
      "total": 15,
      "winnerRate": 0.3333333333333333,
      "uplift": -0.04211793020457283,
      "rankScore": -0.1140574693605023
    }
  ]
}