{
  "totalServePoints": 714,
  "firstServeIn": 457,
  "firstServeInPct": 0.6400560224089635,
  "firstServeWon": 297,
  "firstServeWinPct": 0.649890590809628,
  "secondServeTotal": 257,
  "secondServeWon": 108,
  "secondServeWinPct": 0.42023346303501946,
  "aces": 34,
  "acePct": 0.047619047619047616,
  "doubleFaults": 0,
  "doubleFaultPct": 0
}