{
  "totalServePoints": 223,
  "firstServeIn": 129,
  "firstServeInPct": 0.57847533632287,
  "firstServeWon": 82,
  "firstServeWinPct": 0.6356589147286822,
  "secondServeTotal": 94,
  "secondServeWon": 37,
  "secondServeWinPct": 0.39361702127659576,
  "aces": 17,
  "acePct": 0.07623318385650224,
  "doubleFaults": 0,
  "doubleFaultPct": 0
}