{
  "wins": [],
  "losses": [
    {
      "shotType": "BACKHAND",
      "total": 75,
      "winnerRate": 0.38666666666666666,
      "adjustedEffectiveness": -0.0352986512524085
    },
    {
      "shotType": "BACKHAND_SLICE",
      "total": 16,
      "winnerRate": 0.3125,
      "adjustedEffectiveness": -0.10946531791907516
    },
    {
      "shotType": "FOREHAND",
      "total": 106,
      "winnerRate": 0.41509433962264153,
      "adjustedEffectiveness": -0.0068709782964336275
    },
    {
      "shotType": "SERVE",
      "total": 86,
      "winnerRate": 0.46511627906976744,
      "adjustedEffectiveness": 0.04315096115069228
    }
  ]
}