{
  "wins": [
    {
      "shotType": "BACKHAND",
      "total": 40,
      "winnerRate": 0.525,
      "adjustedEffectiveness": 0.07640186915887853
    },
    {
      "shotType": "FOREHAND",
      "total": 30,
      "winnerRate": 0.4666666666666667,
      "adjustedEffectiveness": 0.018068535825545184
    },
    {
      "shotType": "SERVE",
      "total": 54,
      "winnerRate": 0.5185185185185185,
      "adjustedEffectiveness": 0.069920387677397
    }
  ],
  "losses": []
}