{
  "totalServePoints": 49,
  "firstServeIn": 30,
  "firstServeInPct": 0.6122448979591837,
  "firstServeWon": 23,
  "firstServeWinPct": 0.7666666666666667,
  "secondServeTotal": 19,
  "secondServeWon": 14,
  "secondServeWinPct": 0.7368421052631579,
  "aces": 11,
  "acePct": 0.22448979591836735,
  "doubleFaults": 0,
  "doubleFaultPct": 0
}