{
  "totalServePoints": 49,
  "firstServeIn": 30,
  "firstServeInPct": 0.6122448979591837,
  "firstServeWon": 19,
  "firstServeWinPct": 0.6333333333333333,
  "secondServeTotal": 19,
  "secondServeWon": 7,
  "secondServeWinPct": 0.3684210526315789,
  "aces": 2,
  "acePct": 0.04081632653061224,
  "doubleFaults": 0,
  "doubleFaultPct": 0
}