{
  "totalServePoints": 61,
  "firstServeIn": 29,
  "firstServeInPct": 0.47540983606557374,
  "firstServeWon": 24,
  "firstServeWinPct": 0.8275862068965517,
  "secondServeTotal": 32,
  "secondServeWon": 11,
  "secondServeWinPct": 0.34375,
  "aces": 12,
  "acePct": 0.19672131147540983,
  "doubleFaults": 0,
  "doubleFaultPct": 0
}