{
  "totalServePoints": 714,
  "firstServeIn": 365,
  "firstServeInPct": 0.511204481792717,
  "firstServeWon": 236,
  "firstServeWinPct": 0.6465753424657534,
  "secondServeTotal": 349,
  "secondServeWon": 162,
  "secondServeWinPct": 0.46418338108882523,
  "aces": 53,
  "acePct": 0.0742296918767507,
  "doubleFaults": 0,
  "doubleFaultPct": 0
}