{
  "totalServePoints": 77,
  "firstServeIn": 53,
  "firstServeInPct": 0.6883116883116883,
  "firstServeWon": 31,
  "firstServeWinPct": 0.5849056603773585,
  "secondServeTotal": 24,
  "secondServeWon": 10,
  "secondServeWinPct": 0.4166666666666667,
  "aces": 2,
  "acePct": 0.025974025974025976,
  "doubleFaults": 0,
  "doubleFaultPct": 0
}