{
  "totalServePoints": 769,
  "firstServeIn": 460,
  "firstServeInPct": 0.5981794538361509,
  "firstServeWon": 316,
  "firstServeWinPct": 0.6869565217391305,
  "secondServeTotal": 309,
  "secondServeWon": 142,
  "secondServeWinPct": 0.459546925566343,
  "aces": 68,
  "acePct": 0.08842652795838751,
  "doubleFaults": 0,
  "doubleFaultPct": 0
}