{
  "wins": [],
  "losses": [
    {
      "shotType": "BACKHAND",
      "total": 126,
      "winnerRate": 0.2857142857142857,
      "adjustedEffectiveness": -0.08236389018147977
    },
    {
      "shotType": "BACKHAND_SLICE",
      "total": 19,
      "winnerRate": 0.2631578947368421,
      "adjustedEffectiveness": -0.10492028115892338
    },
    {
      "shotType": "FOREHAND",
      "total": 145,
      "winnerRate": 0.4,
      "adjustedEffectiveness": 0.03192182410423455
    },
    {
      "shotType": "SERVE",
      "total": 153,
      "winnerRate": 0.45098039215686275,
      "adjustedEffectiveness": 0.08290221626109728
    }
  ]
}