{
  "totalServePoints": 158,
  "firstServeIn": 102,
  "firstServeInPct": 0.6455696202531646,
  "firstServeWon": 70,
  "firstServeWinPct": 0.6862745098039216,
  "secondServeTotal": 56,
  "secondServeWon": 27,
  "secondServeWinPct": 0.48214285714285715,
  "aces": 9,
  "acePct": 0.056962025316455694,
  "doubleFaults": 0,
  "doubleFaultPct": 0
}