{
  "totalServePoints": 316,
  "firstServeIn": 206,
  "firstServeInPct": 0.6518987341772152,
  "firstServeWon": 136,
  "firstServeWinPct": 0.6601941747572816,
  "secondServeTotal": 110,
  "secondServeWon": 57,
  "secondServeWinPct": 0.5181818181818182,
  "aces": 10,
  "acePct": 0.03164556962025317,
  "doubleFaults": 0,
  "doubleFaultPct": 0
}