{
  "totalServePoints": 1384,
  "firstServeIn": 840,
  "firstServeInPct": 0.6069364161849711,
  "firstServeWon": 578,
  "firstServeWinPct": 0.6880952380952381,
  "secondServeTotal": 544,
  "secondServeWon": 280,
  "secondServeWinPct": 0.5147058823529411,
  "aces": 77,
  "acePct": 0.05563583815028902,
  "doubleFaults": 0,
  "doubleFaultPct": 0
}