{
  "totalServePoints": 152,
  "firstServeIn": 81,
  "firstServeInPct": 0.5328947368421053,
  "firstServeWon": 60,
  "firstServeWinPct": 0.7407407407407407,
  "secondServeTotal": 71,
  "secondServeWon": 37,
  "secondServeWinPct": 0.5211267605633803,
  "aces": 7,
  "acePct": 0.046052631578947366,
  "doubleFaults": 0,
  "doubleFaultPct": 0
}