{
  "wins": [],
  "losses": [
    {
      "shotType": "BACKHAND",
      "total": 48,
      "winnerRate": 0.25,
      "adjustedEffectiveness": -0.18243243243243246
    },
    {
      "shotType": "FOREHAND",
      "total": 69,
      "winnerRate": 0.34782608695652173,
      "adjustedEffectiveness": -0.08460634547591073
    },
    {
      "shotType": "FOREHAND_SLICE",
      "total": 15,
      "winnerRate": 0.3333333333333333,
      "adjustedEffectiveness": -0.09909909909909914
    },
    {
      "shotType": "SERVE",
      "total": 74,
      "winnerRate": 0.5405405405405406,
      "adjustedEffectiveness": 0.10810810810810811
    }
  ]
}