{
  "winning": [
    {
      "sequence": [
        "BACKHAND_SLICE_RIGHT",
        "FOREHAND_RIGHT"
      ],
      "total": 17,
      "winnerRate": 0.5882352941176471,
      "uplift": 0.20144284128745837,
      "rankScore": 0.5707305460002255
    },
    {
      "sequence": [
        "FOREHAND_RIGHT",
        "BACKHAND_SLICE_RIGHT"
      ],
      "total": 18,
      "winnerRate": 0.5,
      "uplift": 0.1132075471698113,
      "rankScore": 0.32721189712032045
    },
    {
      "sequence": [
        "T",
        "BACKHAND_SLICE_CENTER_DEEP"
      ],
      "total": 18,
      "winnerRate": 0.5,
      "uplift": 0.1132075471698113,
      "rankScore": 0.32721189712032045
    },
    {
      "sequence": [
        "FOREHAND_RIGHT",
        "BACKHAND_SLICE_LEFT"
      ],
      "total": 15,
      "winnerRate": 0.4666666666666667,
      "uplift": 0.07987421383647797,
      "rankScore": 0.2163033808427551
    }
  ],
  "losing": []
}