{
  "wins": [
    {
      "shotType": "BACKHAND",
      "total": 30,
      "winnerRate": 0.2,
      "adjustedEffectiveness": -0.15714285714285714
    },
    {
      "shotType": "FOREHAND",
      "total": 49,
      "winnerRate": 0.30612244897959184,
      "adjustedEffectiveness": -0.05102040816326531
    },
    {
      "shotType": "SERVE",
      "total": 49,
      "winnerRate": 0.42857142857142855,
      "adjustedEffectiveness": 0.0714285714285714
    }
  ],
  "losses": []
}