{
  "winning": [
    {
      "sequence": [
        "BACKHAND_LEFT_DEEP",
        "BACKHAND_LEFT_DEEP"
      ],
      "total": 22,
      "winnerRate": 0.45454545454545453,
      "uplift": 0.09182505152278453,
      "rankScore": 0.28383513253874165
    },
    {
      "sequence": [
        "WIDE",
        "FOREHAND_CENTER_BASELINE"
      ],
      "total": 17,
      "winnerRate": 0.4117647058823529,
      "uplift": 0.04904430285968292,
      "rankScore": 0.13895297331198808
    },
    {
      "sequence": [
        "BACKHAND_LEFT_BASELINE",
        "BACKHAND_LEFT_DEEP"
      ],
      "total": 23,
      "winnerRate": 0.391304347826087,
      "uplift": 0.028583944803416972,
      "rankScore": 0.08962479359955199
    }
  ],
  "losing": [
    {
      "sequence": [
        "FOREHAND_RIGHT_DEEP",
        "FOREHAND_RIGHT_BASELINE"
      ],
      "total": 15,
      "winnerRate": 0.26666666666666666,
      "uplift": -0.09605373635600334,
      "rankScore": -0.2601183400554935
    },
    {
      "sequence": [
        "BACKHAND_LEFT_DEEP",
        "BACKHAND_LEFT_BASELINE"
      ],
      "total": 17,
      "winnerRate": 0.35294117647058826,
      "uplift": -0.009779226552081743,
      "rankScore": -0.027706635161906856
    }
  ]
}