{
  "totalServePoints": 1237,
  "firstServeIn": 898,
  "firstServeInPct": 0.7259498787388844,
  "firstServeWon": 725,
  "firstServeWinPct": 0.8073496659242761,
  "secondServeTotal": 339,
  "secondServeWon": 192,
  "secondServeWinPct": 0.5663716814159292,
  "aces": 256,
  "acePct": 0.20695230396119643,
  "doubleFaults": 0,
  "doubleFaultPct": 0
}