{
  "winning": [
    {
      "sequence": [
        "BACKHAND_LEFT",
        "BACKHAND_LEFT"
      ],
      "total": 17,
      "winnerRate": 0.4117647058823529,
      "uplift": 0.025239883187317458,
      "rankScore": 0.07150997384872797
    }
  ],
  "losing": []
}