{
  "wins": [],
  "losses": [
    {
      "shotType": "BACKHAND",
      "total": 18,
      "winnerRate": 0.05555555555555555,
      "adjustedEffectiveness": -0.2907647907647908
    },
    {
      "shotType": "BACKHAND_SLICE",
      "total": 26,
      "winnerRate": 0.19230769230769232,
      "adjustedEffectiveness": -0.154012654012654
    },
    {
      "shotType": "FOREHAND",
      "total": 48,
      "winnerRate": 0.3541666666666667,
      "adjustedEffectiveness": 0.007846320346320379
    },
    {
      "shotType": "SERVE",
      "total": 115,
      "winnerRate": 0.4782608695652174,
      "adjustedEffectiveness": 0.1319405232448711
    }
  ]
}