{
  "totalServePoints": 231,
  "firstServeIn": 151,
  "firstServeInPct": 0.6536796536796536,
  "firstServeWon": 93,
  "firstServeWinPct": 0.6158940397350994,
  "secondServeTotal": 80,
  "secondServeWon": 48,
  "secondServeWinPct": 0.6,
  "aces": 6,
  "acePct": 0.025974025974025976,
  "doubleFaults": 0,
  "doubleFaultPct": 0
}