{
  "winning": [
    {
      "sequence": [
        "FOREHAND_LEFT",
        "BACKHAND_LEFT"
      ],
      "total": 15,
      "winnerRate": 0.6,
      "uplift": 0.21428571428571425,
      "rankScore": 0.5802964716647592
    },
    {
      "sequence": [
        "FOREHAND_CENTER",
        "FOREHAND_CENTER"
      ],
      "total": 16,
      "winnerRate": 0.5625,
      "uplift": 0.17678571428571427,
      "rankScore": 0.49015407768167557
    }
  ],
  "losing": [
    {
      "sequence": [
        "BACKHAND_CENTER",
        "FOREHAND_LEFT"
      ],
      "total": 17,
      "winnerRate": 0.29411764705882354,
      "uplift": -0.09159663865546219,
      "rankScore": -0.2595128189093509
    },
    {
      "sequence": [
        "FOREHAND_LEFT",
        "BACKHAND_CENTER"
      ],
      "total": 16,
      "winnerRate": 0.3125,
      "uplift": -0.07321428571428573,
      "rankScore": -0.20299310287826974
    }
  ]
}