{
  "wins": [],
  "losses": [
    {
      "shotType": "BACKHAND",
      "total": 65,
      "winnerRate": 0.36923076923076925,
      "adjustedEffectiveness": -0.023113728376886244
    },
    {
      "shotType": "BACKHAND_SLICE",
      "total": 42,
      "winnerRate": 0.23809523809523808,
      "adjustedEffectiveness": -0.1542492595124174
    },
    {
      "shotType": "FOREHAND",
      "total": 82,
      "winnerRate": 0.5121951219512195,
      "adjustedEffectiveness": 0.11985062434356403
    },
    {
      "shotType": "SERVE",
      "total": 104,
      "winnerRate": 0.5384615384615384,
      "adjustedEffectiveness": 0.14611704085388294
    }
  ]
}