{
  "totalServePoints": 103,
  "firstServeIn": 67,
  "firstServeInPct": 0.6504854368932039,
  "firstServeWon": 50,
  "firstServeWinPct": 0.746268656716418,
  "secondServeTotal": 36,
  "secondServeWon": 19,
  "secondServeWinPct": 0.5277777777777778,
  "aces": 11,
  "acePct": 0.10679611650485436,
  "doubleFaults": 0,
  "doubleFaultPct": 0
}