{
  "totalServePoints": 1349,
  "firstServeIn": 857,
  "firstServeInPct": 0.6352853965900667,
  "firstServeWon": 552,
  "firstServeWinPct": 0.6441073512252042,
  "secondServeTotal": 492,
  "secondServeWon": 234,
  "secondServeWinPct": 0.47560975609756095,
  "aces": 56,
  "acePct": 0.04151223128243143,
  "doubleFaults": 0,
  "doubleFaultPct": 0
}