{
  "wins": [],
  "losses": [
    {
      "shotType": "BACKHAND",
      "total": 63,
      "winnerRate": 0.4126984126984127,
      "adjustedEffectiveness": -0.010882373327788186
    },
    {
      "shotType": "BACKHAND_SLICE",
      "total": 24,
      "winnerRate": 0.3333333333333333,
      "adjustedEffectiveness": -0.09024745269286755
    },
    {
      "shotType": "FOREHAND",
      "total": 114,
      "winnerRate": 0.5614035087719298,
      "adjustedEffectiveness": 0.13782272274572893
    },
    {
      "shotType": "SERVE",
      "total": 114,
      "winnerRate": 0.5614035087719298,
      "adjustedEffectiveness": 0.13782272274572893
    }
  ]
}