{
  "winning": [
    {
      "sequence": [
        "FOREHAND_LEFT",
        "FOREHAND_CENTER"
      ],
      "total": 15,
      "winnerRate": 0.8666666666666667,
      "uplift": 0.44308588064046583,
      "rankScore": 1.1998988081739634
    },
    {
      "sequence": [
        "FOREHAND_CENTER",
        "FOREHAND_CENTER"
      ],
      "total": 24,
      "winnerRate": 0.625,
      "uplift": 0.20141921397379914,
      "rankScore": 0.6401211044751048
    }
  ],
  "losing": []
}