{
  "totalServePoints": 147,
  "firstServeIn": 81,
  "firstServeInPct": 0.5510204081632653,
  "firstServeWon": 62,
  "firstServeWinPct": 0.7654320987654321,
  "secondServeTotal": 66,
  "secondServeWon": 44,
  "secondServeWinPct": 0.6666666666666666,
  "aces": 14,
  "acePct": 0.09523809523809523,
  "doubleFaults": 0,
  "doubleFaultPct": 0
}