{
  "totalServePoints": 9047,
  "firstServeIn": 6272,
  "firstServeInPct": 0.6932684867912015,
  "firstServeWon": 4397,
  "firstServeWinPct": 0.7010522959183674,
  "secondServeTotal": 2775,
  "secondServeWon": 1563,
  "secondServeWinPct": 0.5632432432432433,
  "aces": 263,
  "acePct": 0.02907041008068973,
  "doubleFaults": 0,
  "doubleFaultPct": 0
}