{
  "winning": [
    {
      "sequence": [
        "BACKHAND_LEFT",
        "BACKHAND_LEFT"
      ],
      "total": 17,
      "winnerRate": 0.7058823529411765,
      "uplift": 0.30401319406267185,
      "rankScore": 0.861334238187514
    }
  ],
  "losing": []
}