{
  "totalServePoints": 387,
  "firstServeIn": 261,
  "firstServeInPct": 0.6744186046511628,
  "firstServeWon": 194,
  "firstServeWinPct": 0.7432950191570882,
  "secondServeTotal": 126,
  "secondServeWon": 69,
  "secondServeWinPct": 0.5476190476190477,
  "aces": 35,
  "acePct": 0.09043927648578812,
  "doubleFaults": 0,
  "doubleFaultPct": 0
}