{
  "winning": [],
  "losing": [
    {
      "sequence": [
        "BACKHAND_LEFT",
        "BACKHAND_LEFT"
      ],
      "total": 22,
      "winnerRate": 0.18181818181818182,
      "uplift": -0.18484848484848482,
      "rankScore": -0.571374514105628
    },
    {
      "sequence": [
        "BACKHAND_CENTER",
        "FOREHAND_LEFT"
      ],
      "total": 17,
      "winnerRate": 0.23529411764705882,
      "uplift": -0.13137254901960782,
      "rankScore": -0.37220645892503224
    },
    {
      "sequence": [
        "FOREHAND_LEFT",
        "BACKHAND_LEFT"
      ],
      "total": 22,
      "winnerRate": 0.3181818181818182,
      "uplift": -0.048484848484848464,
      "rankScore": -0.14986872501131224
    },
    {
      "sequence": [
        "FOREHAND_LEFT",
        "BACKHAND_CENTER"
      ],
      "total": 15,
      "winnerRate": 0.3333333333333333,
      "uplift": -0.033333333333333326,
      "rankScore": -0.09026834003674032
    }
  ]
}