{
  "totalServePoints": 348,
  "firstServeIn": 199,
  "firstServeInPct": 0.5718390804597702,
  "firstServeWon": 134,
  "firstServeWinPct": 0.6733668341708543,
  "secondServeTotal": 149,
  "secondServeWon": 65,
  "secondServeWinPct": 0.436241610738255,
  "aces": 23,
  "acePct": 0.06609195402298851,
  "doubleFaults": 0,
  "doubleFaultPct": 0
}