{
  "totalServePoints": 773,
  "firstServeIn": 474,
  "firstServeInPct": 0.6131953428201811,
  "firstServeWon": 298,
  "firstServeWinPct": 0.6286919831223629,
  "secondServeTotal": 299,
  "secondServeWon": 138,
  "secondServeWinPct": 0.46153846153846156,
  "aces": 45,
  "acePct": 0.05821474773609314,
  "doubleFaults": 0,
  "doubleFaultPct": 0
}