{
  "wins": [
    {
      "shotType": "BACKHAND",
      "total": 63,
      "winnerRate": 0.36507936507936506,
      "adjustedEffectiveness": -0.03382773874577155
    },
    {
      "shotType": "BACKHAND_SLICE",
      "total": 35,
      "winnerRate": 0.5428571428571428,
      "adjustedEffectiveness": 0.1439500390320062
    },
    {
      "shotType": "FOREHAND",
      "total": 114,
      "winnerRate": 0.41228070175438597,
      "adjustedEffectiveness": 0.013373597929249359
    },
    {
      "shotType": "SERVE",
      "total": 92,
      "winnerRate": 0.43478260869565216,
      "adjustedEffectiveness": 0.03587550487051555
    }
  ],
  "losses": []
}