{
  "totalServePoints": 2875,
  "firstServeIn": 1823,
  "firstServeInPct": 0.6340869565217391,
  "firstServeWon": 1372,
  "firstServeWinPct": 0.7526055951727921,
  "secondServeTotal": 1052,
  "secondServeWon": 590,
  "secondServeWinPct": 0.5608365019011406,
  "aces": 284,
  "acePct": 0.09878260869565217,
  "doubleFaults": 0,
  "doubleFaultPct": 0
}