{
  "totalServePoints": 225,
  "firstServeIn": 150,
  "firstServeInPct": 0.6666666666666666,
  "firstServeWon": 105,
  "firstServeWinPct": 0.7,
  "secondServeTotal": 75,
  "secondServeWon": 41,
  "secondServeWinPct": 0.5466666666666666,
  "aces": 17,
  "acePct": 0.07555555555555556,
  "doubleFaults": 0,
  "doubleFaultPct": 0
}