{
  "totalServePoints": 597,
  "firstServeIn": 342,
  "firstServeInPct": 0.5728643216080402,
  "firstServeWon": 253,
  "firstServeWinPct": 0.7397660818713451,
  "secondServeTotal": 255,
  "secondServeWon": 130,
  "secondServeWinPct": 0.5098039215686274,
  "aces": 51,
  "acePct": 0.08542713567839195,
  "doubleFaults": 0,
  "doubleFaultPct": 0
}