{
  "totalServePoints": 226,
  "firstServeIn": 151,
  "firstServeInPct": 0.668141592920354,
  "firstServeWon": 102,
  "firstServeWinPct": 0.6754966887417219,
  "secondServeTotal": 75,
  "secondServeWon": 37,
  "secondServeWinPct": 0.49333333333333335,
  "aces": 21,
  "acePct": 0.09292035398230089,
  "doubleFaults": 0,
  "doubleFaultPct": 0
}