{
  "totalServePoints": 38648,
  "firstServeIn": 25303,
  "firstServeInPct": 0.6547039950320844,
  "firstServeWon": 18727,
  "firstServeWinPct": 0.740109868395052,
  "secondServeTotal": 13345,
  "secondServeWon": 7399,
  "secondServeWinPct": 0.5544398651180217,
  "aces": 2852,
  "acePct": 0.07379424549782654,
  "doubleFaults": 0,
  "doubleFaultPct": 0
}