{
  "wins": [],
  "losses": [
    {
      "shotType": "BACKHAND",
      "total": 17,
      "winnerRate": 0.47058823529411764,
      "adjustedEffectiveness": 0.023921568627450984
    },
    {
      "shotType": "BACKHAND_SLICE",
      "total": 30,
      "winnerRate": 0.3333333333333333,
      "adjustedEffectiveness": -0.11333333333333334
    },
    {
      "shotType": "FOREHAND",
      "total": 73,
      "winnerRate": 0.3150684931506849,
      "adjustedEffectiveness": -0.13159817351598174
    },
    {
      "shotType": "SERVE",
      "total": 75,
      "winnerRate": 0.56,
      "adjustedEffectiveness": 0.1133333333333334
    }
  ]
}