{
  "totalServePoints": 118,
  "firstServeIn": 74,
  "firstServeInPct": 0.6271186440677966,
  "firstServeWon": 43,
  "firstServeWinPct": 0.581081081081081,
  "secondServeTotal": 44,
  "secondServeWon": 18,
  "secondServeWinPct": 0.4090909090909091,
  "aces": 2,
  "acePct": 0.01694915254237288,
  "doubleFaults": 0,
  "doubleFaultPct": 0
}