{
  "totalServePoints": 215,
  "firstServeIn": 141,
  "firstServeInPct": 0.6558139534883721,
  "firstServeWon": 102,
  "firstServeWinPct": 0.723404255319149,
  "secondServeTotal": 74,
  "secondServeWon": 42,
  "secondServeWinPct": 0.5675675675675675,
  "aces": 16,
  "acePct": 0.07441860465116279,
  "doubleFaults": 0,
  "doubleFaultPct": 0
}