{
  "winning": [
    {
      "sequence": [
        "BACKHAND_LEFT",
        "BACKHAND_LEFT",
        "BACKHAND_LEFT"
      ],
      "total": 21,
      "winnerRate": 0.42857142857142855,
      "uplift": 0.0801295022258195,
      "rankScore": 0.24395606745011642
    },
    {
      "sequence": [
        "BACKHAND_LEFT",
        "BACKHAND_LEFT"
      ],
      "total": 45,
      "winnerRate": 0.4,
      "uplift": 0.05155807365439097,
      "rankScore": 0.19626418502498544
    },
    {
      "sequence": [
        "BACKHAND_LEFT",
        "BACKHAND_CENTER"
      ],
      "total": 18,
      "winnerRate": 0.3888888888888889,
      "uplift": 0.04044696254327984,
      "rankScore": 0.11690675822778007
    }
  ],
  "losing": [
    {
      "sequence": [
        "BACKHAND_CENTER",
        "FOREHAND_LEFT"
      ],
      "total": 15,
      "winnerRate": 0.13333333333333333,
      "uplift": -0.21510859301227572,
      "rankScore": -0.5825248685657067
    },
    {
      "sequence": [
        "FOREHAND_LEFT",
        "BACKHAND_LEFT"
      ],
      "total": 22,
      "winnerRate": 0.3181818181818182,
      "uplift": -0.030260108163790878,
      "rankScore": -0.09353527897749216
    }
  ]
}