{
  "totalServePoints": 177,
  "firstServeIn": 107,
  "firstServeInPct": 0.6045197740112994,
  "firstServeWon": 75,
  "firstServeWinPct": 0.7009345794392523,
  "secondServeTotal": 70,
  "secondServeWon": 36,
  "secondServeWinPct": 0.5142857142857142,
  "aces": 7,
  "acePct": 0.03954802259887006,
  "doubleFaults": 0,
  "doubleFaultPct": 0
}