{
  "totalServePoints": 279,
  "firstServeIn": 148,
  "firstServeInPct": 0.5304659498207885,
  "firstServeWon": 96,
  "firstServeWinPct": 0.6486486486486487,
  "secondServeTotal": 131,
  "secondServeWon": 56,
  "secondServeWinPct": 0.42748091603053434,
  "aces": 9,
  "acePct": 0.03225806451612903,
  "doubleFaults": 0,
  "doubleFaultPct": 0
}