{
  "totalServePoints": 84,
  "firstServeIn": 57,
  "firstServeInPct": 0.6785714285714286,
  "firstServeWon": 43,
  "firstServeWinPct": 0.7543859649122807,
  "secondServeTotal": 27,
  "secondServeWon": 19,
  "secondServeWinPct": 0.7037037037037037,
  "aces": 2,
  "acePct": 0.023809523809523808,
  "doubleFaults": 0,
  "doubleFaultPct": 0
}