{
  "winning": [],
  "losing": [
    {
      "sequence": [
        "WIDE",
        "BACKHAND_SLICE_LEFT_SHALLOW"
      ],
      "total": 17,
      "winnerRate": 0.29411764705882354,
      "uplift": -0.07297096053611318,
      "rankScore": -0.20674229911951542
    }
  ]
}