{
  "totalServePoints": 345,
  "firstServeIn": 220,
  "firstServeInPct": 0.6376811594202898,
  "firstServeWon": 173,
  "firstServeWinPct": 0.7863636363636364,
  "secondServeTotal": 125,
  "secondServeWon": 74,
  "secondServeWinPct": 0.592,
  "aces": 57,
  "acePct": 0.16521739130434782,
  "doubleFaults": 0,
  "doubleFaultPct": 0
}