{
  "wins": [],
  "losses": [
    {
      "shotType": "BACKHAND",
      "total": 98,
      "winnerRate": 0.3877551020408163,
      "adjustedEffectiveness": -0.013460703430308307
    },
    {
      "shotType": "BACKHAND_SLICE",
      "total": 35,
      "winnerRate": 0.3142857142857143,
      "adjustedEffectiveness": -0.08693009118541034
    },
    {
      "shotType": "FOREHAND",
      "total": 191,
      "winnerRate": 0.39267015706806285,
      "adjustedEffectiveness": -0.008545648403061767
    },
    {
      "shotType": "SERVE",
      "total": 164,
      "winnerRate": 0.4634146341463415,
      "adjustedEffectiveness": 0.062198828675216866
    }
  ]
}