{
  "totalServePoints": 161,
  "firstServeIn": 97,
  "firstServeInPct": 0.6024844720496895,
  "firstServeWon": 62,
  "firstServeWinPct": 0.6391752577319587,
  "secondServeTotal": 64,
  "secondServeWon": 31,
  "secondServeWinPct": 0.484375,
  "aces": 7,
  "acePct": 0.043478260869565216,
  "doubleFaults": 0,
  "doubleFaultPct": 0
}