{
  "totalServePoints": 1127,
  "firstServeIn": 689,
  "firstServeInPct": 0.611357586512866,
  "firstServeWon": 470,
  "firstServeWinPct": 0.6821480406386067,
  "secondServeTotal": 438,
  "secondServeWon": 199,
  "secondServeWinPct": 0.454337899543379,
  "aces": 75,
  "acePct": 0.06654835847382432,
  "doubleFaults": 0,
  "doubleFaultPct": 0
}