{
  "totalServePoints": 9882,
  "firstServeIn": 6076,
  "firstServeInPct": 0.6148552924509209,
  "firstServeWon": 4743,
  "firstServeWinPct": 0.7806122448979592,
  "secondServeTotal": 3806,
  "secondServeWon": 2035,
  "secondServeWinPct": 0.5346820809248555,
  "aces": 1239,
  "acePct": 0.12537947783849424,
  "doubleFaults": 0,
  "doubleFaultPct": 0
}