{
  "winning": [
    {
      "sequence": [
        "FOREHAND_LEFT",
        "BACKHAND_SLICE_LEFT"
      ],
      "total": 15,
      "winnerRate": 0.6666666666666666,
      "uplift": 0.2746844840386043,
      "rankScore": 0.7438593722403992
    }
  ],
  "losing": []
}