{
  "wins": [
    {
      "shotType": "BACKHAND",
      "total": 71,
      "winnerRate": 0.39436619718309857,
      "adjustedEffectiveness": 0.010437625754527113
    },
    {
      "shotType": "FOREHAND",
      "total": 84,
      "winnerRate": 0.39285714285714285,
      "adjustedEffectiveness": 0.008928571428571397
    },
    {
      "shotType": "SERVE",
      "total": 56,
      "winnerRate": 0.42857142857142855,
      "adjustedEffectiveness": 0.044642857142857095
    }
  ],
  "losses": []
}