{
  "winning": [],
  "losing": [
    {
      "sequence": [
        "FOREHAND_LEFT",
        "BACKHAND_LEFT"
      ],
      "total": 17,
      "winnerRate": 0.17647058823529413,
      "uplift": -0.2321315623023403,
      "rankScore": -0.6576782398916075
    },
    {
      "sequence": [
        "FOREHAND_RIGHT",
        "FOREHAND_RIGHT"
      ],
      "total": 29,
      "winnerRate": 0.2413793103448276,
      "uplift": -0.16722284019280684,
      "rankScore": -0.563088772459733
    },
    {
      "sequence": [
        "BACKHAND_LEFT",
        "BACKHAND_LEFT"
      ],
      "total": 27,
      "winnerRate": 0.25925925925925924,
      "uplift": -0.1493428912783752,
      "rankScore": -0.49220980675094533
    }
  ]
}