{
  "winning": [],
  "losing": [
    {
      "sequence": [
        "BACKHAND_LEFT",
        "BACKHAND_LEFT"
      ],
      "total": 15,
      "winnerRate": 0.13333333333333333,
      "uplift": -0.2752688172043011,
      "rankScore": -0.745441775787275
    },
    {
      "sequence": [
        "FOREHAND_RIGHT",
        "FOREHAND_RIGHT"
      ],
      "total": 24,
      "winnerRate": 0.20833333333333334,
      "uplift": -0.2002688172043011,
      "rankScore": -0.6364650816153816
    }
  ]
}