{
  "totalServePoints": 4623,
  "firstServeIn": 2802,
  "firstServeInPct": 0.6060999351070734,
  "firstServeWon": 2012,
  "firstServeWinPct": 0.7180585296216988,
  "secondServeTotal": 1821,
  "secondServeWon": 980,
  "secondServeWinPct": 0.5381658429434377,
  "aces": 207,
  "acePct": 0.04477611940298507,
  "doubleFaults": 0,
  "doubleFaultPct": 0
}