{
  "winning": [
    {
      "sequence": [
        "FOREHAND_RIGHT",
        "FOREHAND_LEFT"
      ],
      "total": 15,
      "winnerRate": 0.5333333333333333,
      "uplift": 0.07708333333333334,
      "rankScore": 0.20874553633496204
    }
  ],
  "losing": []
}