{
  "totalServePoints": 87,
  "firstServeIn": 61,
  "firstServeInPct": 0.7011494252873564,
  "firstServeWon": 34,
  "firstServeWinPct": 0.5573770491803278,
  "secondServeTotal": 26,
  "secondServeWon": 12,
  "secondServeWinPct": 0.46153846153846156,
  "aces": 3,
  "acePct": 0.034482758620689655,
  "doubleFaults": 0,
  "doubleFaultPct": 0
}