{
  "totalServePoints": 1202,
  "firstServeIn": 742,
  "firstServeInPct": 0.6173044925124792,
  "firstServeWon": 569,
  "firstServeWinPct": 0.7668463611859838,
  "secondServeTotal": 460,
  "secondServeWon": 233,
  "secondServeWinPct": 0.5065217391304347,
  "aces": 189,
  "acePct": 0.1572379367720466,
  "doubleFaults": 0,
  "doubleFaultPct": 0
}