{
  "totalServePoints": 567,
  "firstServeIn": 368,
  "firstServeInPct": 0.6490299823633157,
  "firstServeWon": 262,
  "firstServeWinPct": 0.7119565217391305,
  "secondServeTotal": 199,
  "secondServeWon": 81,
  "secondServeWinPct": 0.40703517587939697,
  "aces": 33,
  "acePct": 0.0582010582010582,
  "doubleFaults": 0,
  "doubleFaultPct": 0
}