{
  "totalServePoints": 448,
  "firstServeIn": 284,
  "firstServeInPct": 0.6339285714285714,
  "firstServeWon": 200,
  "firstServeWinPct": 0.704225352112676,
  "secondServeTotal": 164,
  "secondServeWon": 81,
  "secondServeWinPct": 0.49390243902439024,
  "aces": 17,
  "acePct": 0.03794642857142857,
  "doubleFaults": 0,
  "doubleFaultPct": 0
}