{
  "wins": [
    {
      "shotType": "BACKHAND",
      "total": 25,
      "winnerRate": 0.44,
      "adjustedEffectiveness": 0.03999999999999998
    },
    {
      "shotType": "FOREHAND",
      "total": 40,
      "winnerRate": 0.45,
      "adjustedEffectiveness": 0.04999999999999999
    },
    {
      "shotType": "SERVE",
      "total": 53,
      "winnerRate": 0.49056603773584906,
      "adjustedEffectiveness": 0.09056603773584904
    }
  ],
  "losses": []
}