{
  "wins": [],
  "losses": [
    {
      "shotType": "BACKHAND",
      "total": 73,
      "winnerRate": 0.3287671232876712,
      "adjustedEffectiveness": -0.047379665703154494
    },
    {
      "shotType": "FOREHAND",
      "total": 90,
      "winnerRate": 0.2777777777777778,
      "adjustedEffectiveness": -0.09836901121304792
    },
    {
      "shotType": "SERVE",
      "total": 54,
      "winnerRate": 0.42592592592592593,
      "adjustedEffectiveness": 0.04977913693510022
    }
  ]
}