{
  "winning": [
    {
      "sequence": [
        "BACKHAND_LEFT",
        "BACKHAND_LEFT"
      ],
      "total": 26,
      "winnerRate": 0.46153846153846156,
      "uplift": 0.08539167254763586,
      "rankScore": 0.2782143127033164
    },
    {
      "sequence": [
        "BACKHAND_LEFT",
        "BACKHAND_CENTER"
      ],
      "total": 15,
      "winnerRate": 0.4666666666666667,
      "uplift": 0.09051987767584097,
      "rankScore": 0.24513237294380857
    }
  ],
  "losing": [
    {
      "sequence": [
        "FOREHAND_RIGHT",
        "FOREHAND_RIGHT",
        "FOREHAND_RIGHT"
      ],
      "total": 18,
      "winnerRate": 0.05555555555555555,
      "uplift": -0.3205912334352702,
      "rankScore": -0.9266278469504016
    },
    {
      "sequence": [
        "FOREHAND_RIGHT",
        "FOREHAND_RIGHT"
      ],
      "total": 39,
      "winnerRate": 0.1794871794871795,
      "uplift": -0.19665960950364622,
      "rankScore": -0.7204746027203915
    },
    {
      "sequence": [
        "FOREHAND_RIGHT",
        "FOREHAND_CENTER"
      ],
      "total": 18,
      "winnerRate": 0.16666666666666666,
      "uplift": -0.20948012232415905,
      "rankScore": -0.6054754294063832
    }
  ]
}