{
  "totalServePoints": 686,
  "firstServeIn": 407,
  "firstServeInPct": 0.5932944606413995,
  "firstServeWon": 275,
  "firstServeWinPct": 0.6756756756756757,
  "secondServeTotal": 279,
  "secondServeWon": 134,
  "secondServeWinPct": 0.48028673835125446,
  "aces": 30,
  "acePct": 0.043731778425655975,
  "doubleFaults": 0,
  "doubleFaultPct": 0
}