{
  "totalServePoints": 68,
  "firstServeIn": 39,
  "firstServeInPct": 0.5735294117647058,
  "firstServeWon": 29,
  "firstServeWinPct": 0.7435897435897436,
  "secondServeTotal": 29,
  "secondServeWon": 16,
  "secondServeWinPct": 0.5517241379310345,
  "aces": 7,
  "acePct": 0.10294117647058823,
  "doubleFaults": 0,
  "doubleFaultPct": 0
}