{
  "totalServePoints": 5566,
  "firstServeIn": 3380,
  "firstServeInPct": 0.6072583542939274,
  "firstServeWon": 2574,
  "firstServeWinPct": 0.7615384615384615,
  "secondServeTotal": 2186,
  "secondServeWon": 1099,
  "secondServeWinPct": 0.5027447392497713,
  "aces": 588,
  "acePct": 0.10564139417894358,
  "doubleFaults": 0,
  "doubleFaultPct": 0
}