{
  "winning": [],
  "losing": [
    {
      "sequence": [
        "FOREHAND_CENTER",
        "FOREHAND_CENTER"
      ],
      "total": 16,
      "winnerRate": 0.25,
      "uplift": -0.08582089552238809,
      "rankScore": -0.23794604705789174
    },
    {
      "sequence": [
        "FOREHAND_LEFT",
        "FOREHAND_LEFT"
      ],
      "total": 16,
      "winnerRate": 0.3125,
      "uplift": -0.023320895522388085,
      "rankScore": -0.06465925191790542
    }
  ]
}