{
  "totalServePoints": 62,
  "firstServeIn": 38,
  "firstServeInPct": 0.6129032258064516,
  "firstServeWon": 24,
  "firstServeWinPct": 0.631578947368421,
  "secondServeTotal": 24,
  "secondServeWon": 8,
  "secondServeWinPct": 0.3333333333333333,
  "aces": 1,
  "acePct": 0.016129032258064516,
  "doubleFaults": 0,
  "doubleFaultPct": 0
}