{
  "totalServePoints": 291,
  "firstServeIn": 170,
  "firstServeInPct": 0.584192439862543,
  "firstServeWon": 136,
  "firstServeWinPct": 0.8,
  "secondServeTotal": 121,
  "secondServeWon": 54,
  "secondServeWinPct": 0.4462809917355372,
  "aces": 27,
  "acePct": 0.09278350515463918,
  "doubleFaults": 0,
  "doubleFaultPct": 0
}