{
  "wins": [],
  "losses": [
    {
      "shotType": "BACKHAND",
      "total": 41,
      "winnerRate": 0.3902439024390244,
      "adjustedEffectiveness": 0.007890961262553842
    },
    {
      "shotType": "FOREHAND",
      "total": 51,
      "winnerRate": 0.43137254901960786,
      "adjustedEffectiveness": 0.0490196078431373
    },
    {
      "shotType": "SERVE",
      "total": 51,
      "winnerRate": 0.43137254901960786,
      "adjustedEffectiveness": 0.0490196078431373
    }
  ]
}