{
  "totalServePoints": 470,
  "firstServeIn": 307,
  "firstServeInPct": 0.6531914893617021,
  "firstServeWon": 203,
  "firstServeWinPct": 0.6612377850162866,
  "secondServeTotal": 163,
  "secondServeWon": 78,
  "secondServeWinPct": 0.4785276073619632,
  "aces": 29,
  "acePct": 0.06170212765957447,
  "doubleFaults": 0,
  "doubleFaultPct": 0
}