{
  "totalServePoints": 8828,
  "firstServeIn": 6110,
  "firstServeInPct": 0.6921159945627549,
  "firstServeWon": 4569,
  "firstServeWinPct": 0.7477905073649754,
  "secondServeTotal": 2718,
  "secondServeWon": 1337,
  "secondServeWinPct": 0.4919058130978661,
  "aces": 993,
  "acePct": 0.11248300860897145,
  "doubleFaults": 0,
  "doubleFaultPct": 0
}