{
  "totalServePoints": 166,
  "firstServeIn": 107,
  "firstServeInPct": 0.6445783132530121,
  "firstServeWon": 77,
  "firstServeWinPct": 0.719626168224299,
  "secondServeTotal": 59,
  "secondServeWon": 25,
  "secondServeWinPct": 0.423728813559322,
  "aces": 17,
  "acePct": 0.10240963855421686,
  "doubleFaults": 0,
  "doubleFaultPct": 0
}