{
  "totalServePoints": 174,
  "firstServeIn": 116,
  "firstServeInPct": 0.6666666666666666,
  "firstServeWon": 85,
  "firstServeWinPct": 0.7327586206896551,
  "secondServeTotal": 58,
  "secondServeWon": 28,
  "secondServeWinPct": 0.4827586206896552,
  "aces": 15,
  "acePct": 0.08620689655172414,
  "doubleFaults": 0,
  "doubleFaultPct": 0
}