{
  "totalServePoints": 3348,
  "firstServeIn": 2126,
  "firstServeInPct": 0.6350059737156512,
  "firstServeWon": 1588,
  "firstServeWinPct": 0.7469426152398871,
  "secondServeTotal": 1222,
  "secondServeWon": 661,
  "secondServeWinPct": 0.5409165302782324,
  "aces": 319,
  "acePct": 0.09528076463560335,
  "doubleFaults": 0,
  "doubleFaultPct": 0
}