{
  "totalServePoints": 2529,
  "firstServeIn": 1536,
  "firstServeInPct": 0.6073546856465006,
  "firstServeWon": 1078,
  "firstServeWinPct": 0.7018229166666666,
  "secondServeTotal": 993,
  "secondServeWon": 490,
  "secondServeWinPct": 0.49345417925478346,
  "aces": 136,
  "acePct": 0.053776196124950576,
  "doubleFaults": 0,
  "doubleFaultPct": 0
}