{
  "totalServePoints": 3642,
  "firstServeIn": 2407,
  "firstServeInPct": 0.6609006040637012,
  "firstServeWon": 1690,
  "firstServeWinPct": 0.7021188201080183,
  "secondServeTotal": 1235,
  "secondServeWon": 635,
  "secondServeWinPct": 0.5141700404858299,
  "aces": 235,
  "acePct": 0.06452498627127952,
  "doubleFaults": 0,
  "doubleFaultPct": 0
}