{
  "totalServePoints": 9519,
  "firstServeIn": 6100,
  "firstServeInPct": 0.6408236159260426,
  "firstServeWon": 4505,
  "firstServeWinPct": 0.7385245901639345,
  "secondServeTotal": 3419,
  "secondServeWon": 1723,
  "secondServeWinPct": 0.5039485229599298,
  "aces": 944,
  "acePct": 0.09917008089084987,
  "doubleFaults": 0,
  "doubleFaultPct": 0
}