{
  "wins": [
    {
      "shotType": "BACKHAND",
      "total": 25,
      "winnerRate": 0.44,
      "adjustedEffectiveness": 0.05904761904761907
    },
    {
      "shotType": "FOREHAND",
      "total": 55,
      "winnerRate": 0.4909090909090909,
      "adjustedEffectiveness": 0.10995670995670997
    },
    {
      "shotType": "SERVE",
      "total": 53,
      "winnerRate": 0.4528301886792453,
      "adjustedEffectiveness": 0.07187780772686436
    }
  ],
  "losses": []
}