{
  "totalServePoints": 83,
  "firstServeIn": 56,
  "firstServeInPct": 0.6746987951807228,
  "firstServeWon": 45,
  "firstServeWinPct": 0.8035714285714286,
  "secondServeTotal": 27,
  "secondServeWon": 9,
  "secondServeWinPct": 0.3333333333333333,
  "aces": 17,
  "acePct": 0.20481927710843373,
  "doubleFaults": 0,
  "doubleFaultPct": 0
}