{
  "totalServePoints": 379,
  "firstServeIn": 234,
  "firstServeInPct": 0.6174142480211082,
  "firstServeWon": 140,
  "firstServeWinPct": 0.5982905982905983,
  "secondServeTotal": 145,
  "secondServeWon": 74,
  "secondServeWinPct": 0.5103448275862069,
  "aces": 18,
  "acePct": 0.047493403693931395,
  "doubleFaults": 0,
  "doubleFaultPct": 0
}