{
  "totalServePoints": 206,
  "firstServeIn": 119,
  "firstServeInPct": 0.5776699029126213,
  "firstServeWon": 78,
  "firstServeWinPct": 0.6554621848739496,
  "secondServeTotal": 87,
  "secondServeWon": 34,
  "secondServeWinPct": 0.39080459770114945,
  "aces": 3,
  "acePct": 0.014563106796116505,
  "doubleFaults": 0,
  "doubleFaultPct": 0
}