{
  "totalServePoints": 1977,
  "firstServeIn": 1219,
  "firstServeInPct": 0.616590794132524,
  "firstServeWon": 774,
  "firstServeWinPct": 0.6349466776045939,
  "secondServeTotal": 758,
  "secondServeWon": 370,
  "secondServeWinPct": 0.48812664907651715,
  "aces": 41,
  "acePct": 0.020738492665655032,
  "doubleFaults": 0,
  "doubleFaultPct": 0
}