{
  "totalServePoints": 440,
  "firstServeIn": 265,
  "firstServeInPct": 0.6022727272727273,
  "firstServeWon": 183,
  "firstServeWinPct": 0.690566037735849,
  "secondServeTotal": 175,
  "secondServeWon": 89,
  "secondServeWinPct": 0.5085714285714286,
  "aces": 28,
  "acePct": 0.06363636363636363,
  "doubleFaults": 0,
  "doubleFaultPct": 0
}