{
  "totalServePoints": 2337,
  "firstServeIn": 1365,
  "firstServeInPct": 0.5840821566110398,
  "firstServeWon": 1010,
  "firstServeWinPct": 0.73992673992674,
  "secondServeTotal": 972,
  "secondServeWon": 484,
  "secondServeWinPct": 0.49794238683127573,
  "aces": 216,
  "acePct": 0.09242618741976893,
  "doubleFaults": 0,
  "doubleFaultPct": 0
}