{
  "totalServePoints": 2047,
  "firstServeIn": 1319,
  "firstServeInPct": 0.6443575964826576,
  "firstServeWon": 838,
  "firstServeWinPct": 0.6353297952994693,
  "secondServeTotal": 728,
  "secondServeWon": 364,
  "secondServeWinPct": 0.5,
  "aces": 56,
  "acePct": 0.027357107962872496,
  "doubleFaults": 0,
  "doubleFaultPct": 0
}