{
  "totalServePoints": 139,
  "firstServeIn": 82,
  "firstServeInPct": 0.5899280575539568,
  "firstServeWon": 51,
  "firstServeWinPct": 0.6219512195121951,
  "secondServeTotal": 57,
  "secondServeWon": 26,
  "secondServeWinPct": 0.45614035087719296,
  "aces": 9,
  "acePct": 0.06474820143884892,
  "doubleFaults": 0,
  "doubleFaultPct": 0
}