{
  "wins": [],
  "losses": [
    {
      "shotType": "BACKHAND",
      "total": 84,
      "winnerRate": 0.4166666666666667,
      "adjustedEffectiveness": -0.02999999999999997
    },
    {
      "shotType": "FOREHAND",
      "total": 110,
      "winnerRate": 0.35454545454545455,
      "adjustedEffectiveness": -0.0921212121212121
    },
    {
      "shotType": "SERVE",
      "total": 75,
      "winnerRate": 0.48,
      "adjustedEffectiveness": 0.033333333333333326
    }
  ]
}