{
  "totalServePoints": 1220,
  "firstServeIn": 836,
  "firstServeInPct": 0.6852459016393443,
  "firstServeWon": 639,
  "firstServeWinPct": 0.7643540669856459,
  "secondServeTotal": 384,
  "secondServeWon": 209,
  "secondServeWinPct": 0.5442708333333334,
  "aces": 233,
  "acePct": 0.19098360655737706,
  "doubleFaults": 0,
  "doubleFaultPct": 0
}