{
  "totalServePoints": 47,
  "firstServeIn": 29,
  "firstServeInPct": 0.6170212765957447,
  "firstServeWon": 22,
  "firstServeWinPct": 0.7586206896551724,
  "secondServeTotal": 18,
  "secondServeWon": 12,
  "secondServeWinPct": 0.6666666666666666,
  "aces": 3,
  "acePct": 0.06382978723404255,
  "doubleFaults": 0,
  "doubleFaultPct": 0
}