{
  "totalServePoints": 55,
  "firstServeIn": 48,
  "firstServeInPct": 0.8727272727272727,
  "firstServeWon": 37,
  "firstServeWinPct": 0.7708333333333334,
  "secondServeTotal": 7,
  "secondServeWon": 5,
  "secondServeWinPct": 0.7142857142857143,
  "aces": 4,
  "acePct": 0.07272727272727272,
  "doubleFaults": 0,
  "doubleFaultPct": 0
}