{
  "totalServePoints": 857,
  "firstServeIn": 513,
  "firstServeInPct": 0.5985997666277713,
  "firstServeWon": 324,
  "firstServeWinPct": 0.631578947368421,
  "secondServeTotal": 344,
  "secondServeWon": 166,
  "secondServeWinPct": 0.48255813953488375,
  "aces": 38,
  "acePct": 0.044340723453908985,
  "doubleFaults": 0,
  "doubleFaultPct": 0
}