{
  "totalServePoints": 1068,
  "firstServeIn": 643,
  "firstServeInPct": 0.6020599250936329,
  "firstServeWon": 497,
  "firstServeWinPct": 0.7729393468118196,
  "secondServeTotal": 425,
  "secondServeWon": 234,
  "secondServeWinPct": 0.5505882352941176,
  "aces": 108,
  "acePct": 0.10112359550561797,
  "doubleFaults": 0,
  "doubleFaultPct": 0
}