{
  "winning": [
    {
      "sequence": [
        "BACKHAND_LEFT_DEEP",
        "BACKHAND_LEFT_DEEP"
      ],
      "total": 21,
      "winnerRate": 0.42857142857142855,
      "uplift": 0.061994609164420456,
      "rankScore": 0.1887439786189722
    }
  ],
  "losing": []
}