{
  "totalServePoints": 182,
  "firstServeIn": 92,
  "firstServeInPct": 0.5054945054945055,
  "firstServeWon": 67,
  "firstServeWinPct": 0.7282608695652174,
  "secondServeTotal": 90,
  "secondServeWon": 48,
  "secondServeWinPct": 0.5333333333333333,
  "aces": 11,
  "acePct": 0.06043956043956044,
  "doubleFaults": 0,
  "doubleFaultPct": 0
}