{
  "winning": [
    {
      "sequence": [
        "BACKHAND_CENTER",
        "BACKHAND_CENTER"
      ],
      "total": 18,
      "winnerRate": 0.6666666666666666,
      "uplift": 0.28431372549019607,
      "rankScore": 0.8217723625391056
    }
  ],
  "losing": []
}