{
  "totalServePoints": 1613,
  "firstServeIn": 1031,
  "firstServeInPct": 0.6391816491010539,
  "firstServeWon": 727,
  "firstServeWinPct": 0.7051406401551892,
  "secondServeTotal": 582,
  "secondServeWon": 266,
  "secondServeWinPct": 0.4570446735395189,
  "aces": 142,
  "acePct": 0.08803471791692498,
  "doubleFaults": 0,
  "doubleFaultPct": 0
}