{
  "wins": [
    {
      "shotType": "FOREHAND",
      "total": 28,
      "winnerRate": 0.35714285714285715,
      "adjustedEffectiveness": 0.023809523809523836
    },
    {
      "shotType": "SERVE",
      "total": 48,
      "winnerRate": 0.3541666666666667,
      "adjustedEffectiveness": 0.02083333333333337
    }
  ],
  "losses": []
}