{
  "totalServePoints": 286,
  "firstServeIn": 172,
  "firstServeInPct": 0.6013986013986014,
  "firstServeWon": 128,
  "firstServeWinPct": 0.7441860465116279,
  "secondServeTotal": 114,
  "secondServeWon": 62,
  "secondServeWinPct": 0.543859649122807,
  "aces": 16,
  "acePct": 0.055944055944055944,
  "doubleFaults": 0,
  "doubleFaultPct": 0
}