{
  "wins": [
    {
      "shotType": "BACKHAND",
      "total": 72,
      "winnerRate": 0.3472222222222222,
      "adjustedEffectiveness": -0.05742894056847547
    },
    {
      "shotType": "BACKHAND_SLICE",
      "total": 24,
      "winnerRate": 0.3333333333333333,
      "adjustedEffectiveness": -0.07131782945736437
    },
    {
      "shotType": "FOREHAND",
      "total": 157,
      "winnerRate": 0.4394904458598726,
      "adjustedEffectiveness": 0.03483928306917494
    },
    {
      "shotType": "SERVE",
      "total": 108,
      "winnerRate": 0.48148148148148145,
      "adjustedEffectiveness": 0.07683031869078377
    }
  ],
  "losses": []
}