{
  "wins": [],
  "losses": [
    {
      "shotType": "BACKHAND",
      "total": 125,
      "winnerRate": 0.432,
      "adjustedEffectiveness": -0.06231818181818183
    },
    {
      "shotType": "BACKHAND_SLICE",
      "total": 49,
      "winnerRate": 0.24489795918367346,
      "adjustedEffectiveness": -0.24942022263450836
    },
    {
      "shotType": "FOREHAND",
      "total": 194,
      "winnerRate": 0.44329896907216493,
      "adjustedEffectiveness": -0.051019212746016895
    },
    {
      "shotType": "SERVE",
      "total": 175,
      "winnerRate": 0.6228571428571429,
      "adjustedEffectiveness": 0.12853896103896106
    }
  ]
}