{
  "totalServePoints": 178,
  "firstServeIn": 113,
  "firstServeInPct": 0.6348314606741573,
  "firstServeWon": 58,
  "firstServeWinPct": 0.5132743362831859,
  "secondServeTotal": 65,
  "secondServeWon": 31,
  "secondServeWinPct": 0.47692307692307695,
  "aces": 8,
  "acePct": 0.0449438202247191,
  "doubleFaults": 0,
  "doubleFaultPct": 0
}