{
  "totalServePoints": 1366,
  "firstServeIn": 851,
  "firstServeInPct": 0.62298682284041,
  "firstServeWon": 588,
  "firstServeWinPct": 0.690951821386604,
  "secondServeTotal": 515,
  "secondServeWon": 258,
  "secondServeWinPct": 0.5009708737864078,
  "aces": 68,
  "acePct": 0.04978038067349927,
  "doubleFaults": 0,
  "doubleFaultPct": 0
}