{
  "totalServePoints": 52,
  "firstServeIn": 34,
  "firstServeInPct": 0.6538461538461539,
  "firstServeWon": 26,
  "firstServeWinPct": 0.7647058823529411,
  "secondServeTotal": 18,
  "secondServeWon": 12,
  "secondServeWinPct": 0.6666666666666666,
  "aces": 5,
  "acePct": 0.09615384615384616,
  "doubleFaults": 0,
  "doubleFaultPct": 0
}