{
  "totalServePoints": 561,
  "firstServeIn": 313,
  "firstServeInPct": 0.5579322638146168,
  "firstServeWon": 212,
  "firstServeWinPct": 0.6773162939297125,
  "secondServeTotal": 248,
  "secondServeWon": 113,
  "secondServeWinPct": 0.45564516129032256,
  "aces": 29,
  "acePct": 0.05169340463458111,
  "doubleFaults": 0,
  "doubleFaultPct": 0
}