{
  "winning": [
    {
      "sequence": [
        "FOREHAND_RIGHT",
        "FOREHAND_RIGHT"
      ],
      "total": 17,
      "winnerRate": 0.5882352941176471,
      "uplift": 0.20430672268907563,
      "rankScore": 0.5788445330030819
    },
    {
      "sequence": [
        "BACKHAND_LEFT",
        "BACKHAND_LEFT"
      ],
      "total": 20,
      "winnerRate": 0.45,
      "uplift": 0.06607142857142856,
      "rankScore": 0.19793231093124578
    }
  ],
  "losing": [
    {
      "sequence": [
        "FOREHAND_LEFT",
        "BACKHAND_LEFT"
      ],
      "total": 15,
      "winnerRate": 0.26666666666666666,
      "uplift": -0.11726190476190479,
      "rankScore": -0.31755112477210445
    }
  ]
}