{
  "wins": [
    {
      "shotType": "BACKHAND",
      "total": 71,
      "winnerRate": 0.3380281690140845,
      "adjustedEffectiveness": -0.05982129335150688
    },
    {
      "shotType": "FOREHAND",
      "total": 68,
      "winnerRate": 0.35294117647058826,
      "adjustedEffectiveness": -0.04490828589500312
    },
    {
      "shotType": "SERVE",
      "total": 47,
      "winnerRate": 0.44680851063829785,
      "adjustedEffectiveness": 0.048959048272706474
    }
  ],
  "losses": []
}