{
  "winning": [
    {
      "sequence": [
        "BACKHAND_LEFT",
        "BACKHAND_LEFT"
      ],
      "total": 28,
      "winnerRate": 0.4642857142857143,
      "uplift": 0.06643625192012292,
      "rankScore": 0.22137917828736964
    }
  ],
  "losing": []
}