{
  "totalServePoints": 47,
  "firstServeIn": 29,
  "firstServeInPct": 0.6170212765957447,
  "firstServeWon": 23,
  "firstServeWinPct": 0.7931034482758621,
  "secondServeTotal": 18,
  "secondServeWon": 8,
  "secondServeWinPct": 0.4444444444444444,
  "aces": 1,
  "acePct": 0.02127659574468085,
  "doubleFaults": 0,
  "doubleFaultPct": 0
}