{
  "totalServePoints": 2374,
  "firstServeIn": 1573,
  "firstServeInPct": 0.6625947767481045,
  "firstServeWon": 1185,
  "firstServeWinPct": 0.7533375715193897,
  "secondServeTotal": 801,
  "secondServeWon": 396,
  "secondServeWinPct": 0.4943820224719101,
  "aces": 272,
  "acePct": 0.11457455770850884,
  "doubleFaults": 0,
  "doubleFaultPct": 0
}