{
  "totalServePoints": 1187,
  "firstServeIn": 777,
  "firstServeInPct": 0.6545914069081719,
  "firstServeWon": 529,
  "firstServeWinPct": 0.6808236808236808,
  "secondServeTotal": 410,
  "secondServeWon": 199,
  "secondServeWinPct": 0.4853658536585366,
  "aces": 41,
  "acePct": 0.03454085930918281,
  "doubleFaults": 0,
  "doubleFaultPct": 0
}