{
  "totalServePoints": 57,
  "firstServeIn": 29,
  "firstServeInPct": 0.5087719298245614,
  "firstServeWon": 25,
  "firstServeWinPct": 0.8620689655172413,
  "secondServeTotal": 28,
  "secondServeWon": 15,
  "secondServeWinPct": 0.5357142857142857,
  "aces": 5,
  "acePct": 0.08771929824561403,
  "doubleFaults": 0,
  "doubleFaultPct": 0
}