{
  "totalServePoints": 272,
  "firstServeIn": 180,
  "firstServeInPct": 0.6617647058823529,
  "firstServeWon": 115,
  "firstServeWinPct": 0.6388888888888888,
  "secondServeTotal": 92,
  "secondServeWon": 43,
  "secondServeWinPct": 0.4673913043478261,
  "aces": 9,
  "acePct": 0.03308823529411765,
  "doubleFaults": 0,
  "doubleFaultPct": 0
}