{
  "totalServePoints": 54,
  "firstServeIn": 33,
  "firstServeInPct": 0.6111111111111112,
  "firstServeWon": 25,
  "firstServeWinPct": 0.7575757575757576,
  "secondServeTotal": 21,
  "secondServeWon": 9,
  "secondServeWinPct": 0.42857142857142855,
  "aces": 6,
  "acePct": 0.1111111111111111,
  "doubleFaults": 0,
  "doubleFaultPct": 0
}