{
  "totalServePoints": 5553,
  "firstServeIn": 3385,
  "firstServeInPct": 0.6095804069872142,
  "firstServeWon": 2349,
  "firstServeWinPct": 0.6939438700147711,
  "secondServeTotal": 2168,
  "secondServeWon": 1067,
  "secondServeWinPct": 0.4921586715867159,
  "aces": 309,
  "acePct": 0.05564559697460832,
  "doubleFaults": 0,
  "doubleFaultPct": 0
}