{
  "totalServePoints": 5261,
  "firstServeIn": 3248,
  "firstServeInPct": 0.617373122980422,
  "firstServeWon": 2099,
  "firstServeWinPct": 0.646243842364532,
  "secondServeTotal": 2013,
  "secondServeWon": 980,
  "secondServeWinPct": 0.4868355688027819,
  "aces": 147,
  "acePct": 0.027941455996958752,
  "doubleFaults": 0,
  "doubleFaultPct": 0
}