{
  "totalServePoints": 2083,
  "firstServeIn": 1293,
  "firstServeInPct": 0.6207393182909265,
  "firstServeWon": 853,
  "firstServeWinPct": 0.6597061098221191,
  "secondServeTotal": 790,
  "secondServeWon": 406,
  "secondServeWinPct": 0.5139240506329114,
  "aces": 112,
  "acePct": 0.05376860297647624,
  "doubleFaults": 0,
  "doubleFaultPct": 0
}