{
  "wins": [
    {
      "shotType": "BACKHAND",
      "total": 25,
      "winnerRate": 0.28,
      "adjustedEffectiveness": -0.1460869565217391
    },
    {
      "shotType": "FOREHAND",
      "total": 18,
      "winnerRate": 0.4444444444444444,
      "adjustedEffectiveness": 0.018357487922705307
    },
    {
      "shotType": "SERVE",
      "total": 58,
      "winnerRate": 0.4827586206896552,
      "adjustedEffectiveness": 0.05667166416791608
    }
  ],
  "losses": []
}