{
  "wins": [],
  "losses": [
    {
      "shotType": "BACKHAND",
      "total": 58,
      "winnerRate": 0.29310344827586204,
      "adjustedEffectiveness": -0.051052395879982115
    },
    {
      "shotType": "BACKHAND_SLICE",
      "total": 33,
      "winnerRate": 0.3333333333333333,
      "adjustedEffectiveness": -0.010822510822510845
    },
    {
      "shotType": "FOREHAND",
      "total": 66,
      "winnerRate": 0.25757575757575757,
      "adjustedEffectiveness": -0.08658008658008659
    },
    {
      "shotType": "SERVE",
      "total": 77,
      "winnerRate": 0.4155844155844156,
      "adjustedEffectiveness": 0.07142857142857145
    }
  ]
}