{
  "winning": [],
  "losing": [
    {
      "sequence": [
        "FOREHAND_RIGHT",
        "FOREHAND_RIGHT"
      ],
      "total": 19,
      "winnerRate": 0.10526315789473684,
      "uplift": -0.23889268626110732,
      "rankScore": -0.7034049372649835
    }
  ]
}