{
  "totalServePoints": 96,
  "firstServeIn": 53,
  "firstServeInPct": 0.5520833333333334,
  "firstServeWon": 29,
  "firstServeWinPct": 0.5471698113207547,
  "secondServeTotal": 43,
  "secondServeWon": 17,
  "secondServeWinPct": 0.3953488372093023,
  "aces": 5,
  "acePct": 0.052083333333333336,
  "doubleFaults": 0,
  "doubleFaultPct": 0
}