{
  "totalServePoints": 258,
  "firstServeIn": 169,
  "firstServeInPct": 0.6550387596899225,
  "firstServeWon": 103,
  "firstServeWinPct": 0.6094674556213018,
  "secondServeTotal": 89,
  "secondServeWon": 39,
  "secondServeWinPct": 0.43820224719101125,
  "aces": 2,
  "acePct": 0.007751937984496124,
  "doubleFaults": 0,
  "doubleFaultPct": 0
}