{
  "wins": [
    {
      "shotType": "BACKHAND",
      "total": 15,
      "winnerRate": 0.4666666666666667,
      "adjustedEffectiveness": 0.11715210355987055
    },
    {
      "shotType": "FOREHAND",
      "total": 17,
      "winnerRate": 0.47058823529411764,
      "adjustedEffectiveness": 0.12107367218732151
    },
    {
      "shotType": "SERVE",
      "total": 52,
      "winnerRate": 0.36538461538461536,
      "adjustedEffectiveness": 0.015870052277819235
    }
  ],
  "losses": []
}