{
  "totalServePoints": 4236,
  "firstServeIn": 2667,
  "firstServeInPct": 0.6296033994334278,
  "firstServeWon": 1883,
  "firstServeWinPct": 0.7060367454068242,
  "secondServeTotal": 1569,
  "secondServeWon": 808,
  "secondServeWinPct": 0.5149776927979605,
  "aces": 242,
  "acePct": 0.05712936732766761,
  "doubleFaults": 0,
  "doubleFaultPct": 0
}