{
  "winning": [],
  "losing": [
    {
      "sequence": [
        "BACKHAND_LEFT",
        "BACKHAND_LEFT"
      ],
      "total": 27,
      "winnerRate": 0.37037037037037035,
      "uplift": -0.05440839069157655,
      "rankScore": -0.17932117986126475
    },
    {
      "sequence": [
        "FOREHAND_LEFT",
        "BACKHAND_LEFT"
      ],
      "total": 20,
      "winnerRate": 0.4,
      "uplift": -0.024778761061946875,
      "rankScore": -0.07423053421195722
    }
  ]
}