{
  "totalServePoints": 2031,
  "firstServeIn": 1303,
  "firstServeInPct": 0.6415558838010832,
  "firstServeWon": 896,
  "firstServeWinPct": 0.6876438986953185,
  "secondServeTotal": 728,
  "secondServeWon": 376,
  "secondServeWinPct": 0.5164835164835165,
  "aces": 91,
  "acePct": 0.0448055145248646,
  "doubleFaults": 0,
  "doubleFaultPct": 0
}