{
  "totalServePoints": 62,
  "firstServeIn": 41,
  "firstServeInPct": 0.6612903225806451,
  "firstServeWon": 27,
  "firstServeWinPct": 0.6585365853658537,
  "secondServeTotal": 21,
  "secondServeWon": 5,
  "secondServeWinPct": 0.23809523809523808,
  "aces": 1,
  "acePct": 0.016129032258064516,
  "doubleFaults": 0,
  "doubleFaultPct": 0
}