{
  "totalServePoints": 1209,
  "firstServeIn": 730,
  "firstServeInPct": 0.6038047973531845,
  "firstServeWon": 536,
  "firstServeWinPct": 0.7342465753424657,
  "secondServeTotal": 479,
  "secondServeWon": 255,
  "secondServeWinPct": 0.5323590814196242,
  "aces": 135,
  "acePct": 0.11166253101736973,
  "doubleFaults": 0,
  "doubleFaultPct": 0
}