{
  "totalServePoints": 139,
  "firstServeIn": 69,
  "firstServeInPct": 0.49640287769784175,
  "firstServeWon": 51,
  "firstServeWinPct": 0.7391304347826086,
  "secondServeTotal": 70,
  "secondServeWon": 36,
  "secondServeWinPct": 0.5142857142857142,
  "aces": 9,
  "acePct": 0.06474820143884892,
  "doubleFaults": 0,
  "doubleFaultPct": 0
}