{
  "winning": [
    {
      "sequence": [
        "FOREHAND_RIGHT",
        "FOREHAND_RIGHT"
      ],
      "total": 19,
      "winnerRate": 0.5263157894736842,
      "uplift": 0.14071167636314436,
      "rankScore": 0.4143169447074953
    },
    {
      "sequence": [
        "FOREHAND_LEFT",
        "BACKHAND_CENTER"
      ],
      "total": 17,
      "winnerRate": 0.47058823529411764,
      "uplift": 0.08498412218357781,
      "rankScore": 0.24077814900341657
    }
  ],
  "losing": []
}