{
  "totalServePoints": 187,
  "firstServeIn": 108,
  "firstServeInPct": 0.5775401069518716,
  "firstServeWon": 74,
  "firstServeWinPct": 0.6851851851851852,
  "secondServeTotal": 79,
  "secondServeWon": 38,
  "secondServeWinPct": 0.4810126582278481,
  "aces": 13,
  "acePct": 0.06951871657754011,
  "doubleFaults": 0,
  "doubleFaultPct": 0
}