{
  "wins": [],
  "losses": [
    {
      "shotType": "BACKHAND",
      "total": 27,
      "winnerRate": 0.2962962962962963,
      "adjustedEffectiveness": -0.1282320055904962
    },
    {
      "shotType": "FOREHAND",
      "total": 20,
      "winnerRate": 0.2,
      "adjustedEffectiveness": -0.22452830188679246
    },
    {
      "shotType": "SERVE",
      "total": 53,
      "winnerRate": 0.5283018867924528,
      "adjustedEffectiveness": 0.10377358490566035
    }
  ]
}