{
  "totalServePoints": 5111,
  "firstServeIn": 3160,
  "firstServeInPct": 0.6182743103110937,
  "firstServeWon": 2558,
  "firstServeWinPct": 0.8094936708860759,
  "secondServeTotal": 1951,
  "secondServeWon": 1008,
  "secondServeWinPct": 0.5166581240389544,
  "aces": 954,
  "acePct": 0.18665623165720993,
  "doubleFaults": 0,
  "doubleFaultPct": 0
}