{
  "wins": [],
  "losses": [
    {
      "shotType": "BACKHAND",
      "total": 231,
      "winnerRate": 0.2987012987012987,
      "adjustedEffectiveness": -0.05770895770895773
    },
    {
      "shotType": "BACKHAND_SLICE",
      "total": 30,
      "winnerRate": 0.36666666666666664,
      "adjustedEffectiveness": 0.01025641025641022
    },
    {
      "shotType": "FOREHAND",
      "total": 268,
      "winnerRate": 0.3358208955223881,
      "adjustedEffectiveness": -0.020589360887868335
    },
    {
      "shotType": "SERVE",
      "total": 195,
      "winnerRate": 0.4205128205128205,
      "adjustedEffectiveness": 0.0641025641025641
    }
  ]
}