{
  "totalServePoints": 203,
  "firstServeIn": 134,
  "firstServeInPct": 0.6600985221674877,
  "firstServeWon": 83,
  "firstServeWinPct": 0.6194029850746269,
  "secondServeTotal": 69,
  "secondServeWon": 37,
  "secondServeWinPct": 0.5362318840579711,
  "aces": 5,
  "acePct": 0.024630541871921183,
  "doubleFaults": 0,
  "doubleFaultPct": 0
}