{
  "totalServePoints": 195,
  "firstServeIn": 120,
  "firstServeInPct": 0.6153846153846154,
  "firstServeWon": 73,
  "firstServeWinPct": 0.6083333333333333,
  "secondServeTotal": 75,
  "secondServeWon": 41,
  "secondServeWinPct": 0.5466666666666666,
  "aces": 3,
  "acePct": 0.015384615384615385,
  "doubleFaults": 0,
  "doubleFaultPct": 0
}