{
  "winning": [],
  "losing": [
    {
      "sequence": [
        "T",
        "BACKHAND_CENTER"
      ],
      "total": 15,
      "winnerRate": 0.2,
      "uplift": -0.22424242424242424,
      "rankScore": -0.607259742065344
    }
  ]
}