{
  "totalServePoints": 3074,
  "firstServeIn": 1981,
  "firstServeInPct": 0.6444372153545869,
  "firstServeWon": 1353,
  "firstServeWinPct": 0.6829883897021706,
  "secondServeTotal": 1093,
  "secondServeWon": 566,
  "secondServeWinPct": 0.5178408051235133,
  "aces": 126,
  "acePct": 0.04098893949251789,
  "doubleFaults": 0,
  "doubleFaultPct": 0
}