{
  "winning": [
    {
      "sequence": [
        "BACKHAND_LEFT",
        "FOREHAND_LEFT"
      ],
      "total": 17,
      "winnerRate": 0.5294117647058824,
      "uplift": 0.10642325895875593,
      "rankScore": 0.30151979739989754
    }
  ],
  "losing": [
    {
      "sequence": [
        "BACKHAND_RIGHT",
        "FOREHAND_RIGHT"
      ],
      "total": 18,
      "winnerRate": 0.3888888888888889,
      "uplift": -0.034099616858237536,
      "rankScore": -0.09856056952212972
    }
  ]
}