{
  "totalServePoints": 201,
  "firstServeIn": 111,
  "firstServeInPct": 0.5522388059701493,
  "firstServeWon": 85,
  "firstServeWinPct": 0.7657657657657657,
  "secondServeTotal": 90,
  "secondServeWon": 49,
  "secondServeWinPct": 0.5444444444444444,
  "aces": 13,
  "acePct": 0.06467661691542288,
  "doubleFaults": 0,
  "doubleFaultPct": 0
}