{
  "totalServePoints": 171,
  "firstServeIn": 106,
  "firstServeInPct": 0.6198830409356725,
  "firstServeWon": 73,
  "firstServeWinPct": 0.6886792452830188,
  "secondServeTotal": 65,
  "secondServeWon": 36,
  "secondServeWinPct": 0.5538461538461539,
  "aces": 10,
  "acePct": 0.05847953216374269,
  "doubleFaults": 0,
  "doubleFaultPct": 0
}