{
  "totalServePoints": 58,
  "firstServeIn": 30,
  "firstServeInPct": 0.5172413793103449,
  "firstServeWon": 16,
  "firstServeWinPct": 0.5333333333333333,
  "secondServeTotal": 28,
  "secondServeWon": 12,
  "secondServeWinPct": 0.42857142857142855,
  "aces": 1,
  "acePct": 0.017241379310344827,
  "doubleFaults": 0,
  "doubleFaultPct": 0
}