{
  "totalServePoints": 4150,
  "firstServeIn": 2558,
  "firstServeInPct": 0.6163855421686747,
  "firstServeWon": 1874,
  "firstServeWinPct": 0.7326035965598123,
  "secondServeTotal": 1592,
  "secondServeWon": 809,
  "secondServeWinPct": 0.5081658291457286,
  "aces": 310,
  "acePct": 0.0746987951807229,
  "doubleFaults": 0,
  "doubleFaultPct": 0
}