{
  "totalServePoints": 1124,
  "firstServeIn": 719,
  "firstServeInPct": 0.6396797153024911,
  "firstServeWon": 468,
  "firstServeWinPct": 0.650904033379694,
  "secondServeTotal": 405,
  "secondServeWon": 197,
  "secondServeWinPct": 0.48641975308641977,
  "aces": 43,
  "acePct": 0.03825622775800712,
  "doubleFaults": 0,
  "doubleFaultPct": 0
}