{
  "winning": [
    {
      "sequence": [
        "FOREHAND_RIGHT",
        "FOREHAND_RIGHT"
      ],
      "total": 19,
      "winnerRate": 0.631578947368421,
      "uplift": 0.23134420558438346,
      "rankScore": 0.6811788965269531
    },
    {
      "sequence": [
        "WIDE",
        "FOREHAND_CENTER_DEEP"
      ],
      "total": 16,
      "winnerRate": 0.5625,
      "uplift": 0.16226525821596244,
      "rankScore": 0.44989482494090344
    }
  ],
  "losing": [
    {
      "sequence": [
        "FOREHAND_CENTER",
        "FOREHAND_CENTER"
      ],
      "total": 22,
      "winnerRate": 0.36363636363636365,
      "uplift": -0.036598378147673916,
      "rankScore": -0.11312714057852136
    }
  ]
}