{
  "totalServePoints": 454,
  "firstServeIn": 275,
  "firstServeInPct": 0.6057268722466961,
  "firstServeWon": 194,
  "firstServeWinPct": 0.7054545454545454,
  "secondServeTotal": 179,
  "secondServeWon": 75,
  "secondServeWinPct": 0.41899441340782123,
  "aces": 28,
  "acePct": 0.06167400881057269,
  "doubleFaults": 0,
  "doubleFaultPct": 0
}