{
  "winning": [
    {
      "sequence": [
        "WIDE",
        "FOREHAND_CENTER_FORCED_ERROR"
      ],
      "total": 15,
      "winnerRate": 0.6,
      "uplift": 0.2257225433526011,
      "rankScore": 0.6112679789193137
    },
    {
      "sequence": [
        "FOREHAND_LEFT",
        "BACKHAND_LEFT"
      ],
      "total": 24,
      "winnerRate": 0.4583333333333333,
      "uplift": 0.08405587668593445,
      "rankScore": 0.26713410086498857
    }
  ],
  "losing": [
    {
      "sequence": [
        "FOREHAND_LEFT",
        "BACKHAND_CENTER"
      ],
      "total": 15,
      "winnerRate": 0.06666666666666667,
      "uplift": -0.3076107899807322,
      "rankScore": -0.8330254616685315
    },
    {
      "sequence": [
        "FOREHAND_RIGHT",
        "FOREHAND_CENTER"
      ],
      "total": 19,
      "winnerRate": 0.2631578947368421,
      "uplift": -0.11111956191055677,
      "rankScore": -0.32718476943734187
    },
    {
      "sequence": [
        "FOREHAND_RIGHT",
        "FOREHAND_RIGHT"
      ],
      "total": 17,
      "winnerRate": 0.35294117647058826,
      "uplift": -0.021336280176810607,
      "rankScore": -0.06045023370946193
    }
  ]
}