{
  "totalServePoints": 3106,
  "firstServeIn": 2059,
  "firstServeInPct": 0.6629104958145525,
  "firstServeWon": 1520,
  "firstServeWinPct": 0.7382224380767363,
  "secondServeTotal": 1047,
  "secondServeWon": 538,
  "secondServeWinPct": 0.5138490926456543,
  "aces": 349,
  "acePct": 0.11236316806181584,
  "doubleFaults": 0,
  "doubleFaultPct": 0
}