{
  "totalServePoints": 669,
  "firstServeIn": 382,
  "firstServeInPct": 0.5710014947683109,
  "firstServeWon": 288,
  "firstServeWinPct": 0.7539267015706806,
  "secondServeTotal": 287,
  "secondServeWon": 149,
  "secondServeWinPct": 0.519163763066202,
  "aces": 49,
  "acePct": 0.07324364723467862,
  "doubleFaults": 0,
  "doubleFaultPct": 0
}