{
  "wins": [
    {
      "shotType": "FOREHAND",
      "total": 23,
      "winnerRate": 0.5217391304347826,
      "adjustedEffectiveness": 0.05327066196631414
    },
    {
      "shotType": "SERVE",
      "total": 56,
      "winnerRate": 0.5535714285714286,
      "adjustedEffectiveness": 0.08510296010296015
    }
  ],
  "losses": []
}