{
  "wins": [],
  "losses": [
    {
      "shotType": "BACKHAND",
      "total": 60,
      "winnerRate": 0.4166666666666667,
      "adjustedEffectiveness": -0.016666666666666663
    },
    {
      "shotType": "BACKHAND_SLICE",
      "total": 19,
      "winnerRate": 0.15789473684210525,
      "adjustedEffectiveness": -0.2754385964912281
    },
    {
      "shotType": "FOREHAND",
      "total": 84,
      "winnerRate": 0.47619047619047616,
      "adjustedEffectiveness": 0.042857142857142816
    },
    {
      "shotType": "SERVE",
      "total": 75,
      "winnerRate": 0.5333333333333333,
      "adjustedEffectiveness": 0.09999999999999998
    }
  ]
}