{
  "totalServePoints": 79,
  "firstServeIn": 52,
  "firstServeInPct": 0.6582278481012658,
  "firstServeWon": 31,
  "firstServeWinPct": 0.5961538461538461,
  "secondServeTotal": 27,
  "secondServeWon": 13,
  "secondServeWinPct": 0.48148148148148145,
  "aces": 6,
  "acePct": 0.0759493670886076,
  "doubleFaults": 0,
  "doubleFaultPct": 0
}