{
  "totalServePoints": 672,
  "firstServeIn": 441,
  "firstServeInPct": 0.65625,
  "firstServeWon": 314,
  "firstServeWinPct": 0.7120181405895691,
  "secondServeTotal": 231,
  "secondServeWon": 99,
  "secondServeWinPct": 0.42857142857142855,
  "aces": 43,
  "acePct": 0.06398809523809523,
  "doubleFaults": 0,
  "doubleFaultPct": 0
}