{
  "totalServePoints": 669,
  "firstServeIn": 433,
  "firstServeInPct": 0.6472346786248132,
  "firstServeWon": 282,
  "firstServeWinPct": 0.651270207852194,
  "secondServeTotal": 236,
  "secondServeWon": 109,
  "secondServeWinPct": 0.461864406779661,
  "aces": 49,
  "acePct": 0.07324364723467862,
  "doubleFaults": 0,
  "doubleFaultPct": 0
}