{
  "totalServePoints": 3473,
  "firstServeIn": 1991,
  "firstServeInPct": 0.5732795853728765,
  "firstServeWon": 1508,
  "firstServeWinPct": 0.7574083375188347,
  "secondServeTotal": 1482,
  "secondServeWon": 740,
  "secondServeWinPct": 0.4993252361673414,
  "aces": 417,
  "acePct": 0.12006910452058739,
  "doubleFaults": 0,
  "doubleFaultPct": 0
}