{
  "totalServePoints": 670,
  "firstServeIn": 405,
  "firstServeInPct": 0.6044776119402985,
  "firstServeWon": 284,
  "firstServeWinPct": 0.7012345679012346,
  "secondServeTotal": 265,
  "secondServeWon": 128,
  "secondServeWinPct": 0.4830188679245283,
  "aces": 37,
  "acePct": 0.05522388059701493,
  "doubleFaults": 0,
  "doubleFaultPct": 0
}