{
  "totalServePoints": 515,
  "firstServeIn": 325,
  "firstServeInPct": 0.6310679611650486,
  "firstServeWon": 227,
  "firstServeWinPct": 0.6984615384615385,
  "secondServeTotal": 190,
  "secondServeWon": 84,
  "secondServeWinPct": 0.4421052631578947,
  "aces": 35,
  "acePct": 0.06796116504854369,
  "doubleFaults": 0,
  "doubleFaultPct": 0
}