{
  "totalServePoints": 601,
  "firstServeIn": 385,
  "firstServeInPct": 0.6405990016638935,
  "firstServeWon": 253,
  "firstServeWinPct": 0.6571428571428571,
  "secondServeTotal": 216,
  "secondServeWon": 103,
  "secondServeWinPct": 0.47685185185185186,
  "aces": 24,
  "acePct": 0.03993344425956739,
  "doubleFaults": 0,
  "doubleFaultPct": 0
}