{
  "winning": [
    {
      "sequence": [
        "BACKHAND_CENTER",
        "FOREHAND_LEFT"
      ],
      "total": 15,
      "winnerRate": 0.4666666666666667,
      "uplift": 0.04516129032258065,
      "rankScore": 0.12229904134009982
    },
    {
      "sequence": [
        "FOREHAND_RIGHT",
        "FOREHAND_RIGHT"
      ],
      "total": 23,
      "winnerRate": 0.43478260869565216,
      "uplift": 0.013277232351566137,
      "rankScore": 0.04163068524188301
    }
  ],
  "losing": [
    {
      "sequence": [
        "FOREHAND_LEFT",
        "BACKHAND_LEFT"
      ],
      "total": 16,
      "winnerRate": 0.3125,
      "uplift": -0.10900537634408602,
      "rankScore": -0.3022270771151159
    }
  ]
}