{
  "totalServePoints": 219,
  "firstServeIn": 108,
  "firstServeInPct": 0.4931506849315068,
  "firstServeWon": 68,
  "firstServeWinPct": 0.6296296296296297,
  "secondServeTotal": 111,
  "secondServeWon": 53,
  "secondServeWinPct": 0.4774774774774775,
  "aces": 13,
  "acePct": 0.0593607305936073,
  "doubleFaults": 0,
  "doubleFaultPct": 0
}