{
  "totalServePoints": 42,
  "firstServeIn": 23,
  "firstServeInPct": 0.5476190476190477,
  "firstServeWon": 14,
  "firstServeWinPct": 0.6086956521739131,
  "secondServeTotal": 19,
  "secondServeWon": 4,
  "secondServeWinPct": 0.21052631578947367,
  "aces": 1,
  "acePct": 0.023809523809523808,
  "doubleFaults": 0,
  "doubleFaultPct": 0
}