{
  "totalServePoints": 207,
  "firstServeIn": 138,
  "firstServeInPct": 0.6666666666666666,
  "firstServeWon": 93,
  "firstServeWinPct": 0.6739130434782609,
  "secondServeTotal": 69,
  "secondServeWon": 32,
  "secondServeWinPct": 0.463768115942029,
  "aces": 17,
  "acePct": 0.0821256038647343,
  "doubleFaults": 0,
  "doubleFaultPct": 0
}