{
  "wins": [],
  "losses": [
    {
      "shotType": "BACKHAND",
      "total": 33,
      "winnerRate": 0.3939393939393939,
      "adjustedEffectiveness": 0.043364681295715746
    },
    {
      "shotType": "FOREHAND",
      "total": 50,
      "winnerRate": 0.34,
      "adjustedEffectiveness": -0.010574712643678152
    },
    {
      "shotType": "SERVE",
      "total": 87,
      "winnerRate": 0.4942528735632184,
      "adjustedEffectiveness": 0.14367816091954022
    }
  ]
}