{
  "totalServePoints": 370,
  "firstServeIn": 249,
  "firstServeInPct": 0.672972972972973,
  "firstServeWon": 176,
  "firstServeWinPct": 0.7068273092369478,
  "secondServeTotal": 121,
  "secondServeWon": 63,
  "secondServeWinPct": 0.5206611570247934,
  "aces": 20,
  "acePct": 0.05405405405405406,
  "doubleFaults": 0,
  "doubleFaultPct": 0
}