{
  "winning": [
    {
      "sequence": [
        "FOREHAND_LEFT",
        "BACKHAND_LEFT"
      ],
      "total": 16,
      "winnerRate": 0.6875,
      "uplift": 0.3084677419354839,
      "rankScore": 0.8552541824650938
    },
    {
      "sequence": [
        "BACKHAND_LEFT",
        "BACKHAND_LEFT"
      ],
      "total": 17,
      "winnerRate": 0.6470588235294118,
      "uplift": 0.26802656546489567,
      "rankScore": 0.7593764418366994
    }
  ],
  "losing": []
}