{
  "totalServePoints": 138,
  "firstServeIn": 65,
  "firstServeInPct": 0.47101449275362317,
  "firstServeWon": 47,
  "firstServeWinPct": 0.7230769230769231,
  "secondServeTotal": 73,
  "secondServeWon": 24,
  "secondServeWinPct": 0.3287671232876712,
  "aces": 11,
  "acePct": 0.07971014492753623,
  "doubleFaults": 0,
  "doubleFaultPct": 0
}