{
  "winning": [
    {
      "sequence": [
        "FOREHAND_LEFT",
        "FOREHAND_LEFT"
      ],
      "total": 15,
      "winnerRate": 0.5333333333333333,
      "uplift": 0.1395509499136442,
      "rankScore": 0.3779109779776486
    }
  ],
  "losing": [
    {
      "sequence": [
        "FOREHAND_RIGHT",
        "BACKHAND_RIGHT"
      ],
      "total": 18,
      "winnerRate": 0.3333333333333333,
      "uplift": -0.060449050086355816,
      "rankScore": -0.17472022716125354
    }
  ]
}