{
  "totalServePoints": 298,
  "firstServeIn": 188,
  "firstServeInPct": 0.6308724832214765,
  "firstServeWon": 134,
  "firstServeWinPct": 0.7127659574468085,
  "secondServeTotal": 110,
  "secondServeWon": 70,
  "secondServeWinPct": 0.6363636363636364,
  "aces": 21,
  "acePct": 0.07046979865771812,
  "doubleFaults": 0,
  "doubleFaultPct": 0
}