{
  "totalServePoints": 477,
  "firstServeIn": 319,
  "firstServeInPct": 0.6687631027253669,
  "firstServeWon": 196,
  "firstServeWinPct": 0.6144200626959248,
  "secondServeTotal": 158,
  "secondServeWon": 77,
  "secondServeWinPct": 0.4873417721518987,
  "aces": 14,
  "acePct": 0.029350104821802937,
  "doubleFaults": 0,
  "doubleFaultPct": 0
}