{
  "totalServePoints": 989,
  "firstServeIn": 623,
  "firstServeInPct": 0.6299292214357938,
  "firstServeWon": 449,
  "firstServeWinPct": 0.7207062600321027,
  "secondServeTotal": 366,
  "secondServeWon": 187,
  "secondServeWinPct": 0.5109289617486339,
  "aces": 56,
  "acePct": 0.056622851365015166,
  "doubleFaults": 0,
  "doubleFaultPct": 0
}