{
  "totalServePoints": 45,
  "firstServeIn": 32,
  "firstServeInPct": 0.7111111111111111,
  "firstServeWon": 17,
  "firstServeWinPct": 0.53125,
  "secondServeTotal": 13,
  "secondServeWon": 8,
  "secondServeWinPct": 0.6153846153846154,
  "aces": 1,
  "acePct": 0.022222222222222223,
  "doubleFaults": 0,
  "doubleFaultPct": 0
}