{
  "wins": [
    {
      "shotType": "BACKHAND",
      "total": 35,
      "winnerRate": 0.3142857142857143,
      "adjustedEffectiveness": -0.1414965986394558
    },
    {
      "shotType": "BACKHAND_SLICE",
      "total": 27,
      "winnerRate": 0.3333333333333333,
      "adjustedEffectiveness": -0.12244897959183676
    },
    {
      "shotType": "FOREHAND",
      "total": 59,
      "winnerRate": 0.423728813559322,
      "adjustedEffectiveness": -0.03205349936584806
    },
    {
      "shotType": "SERVE",
      "total": 74,
      "winnerRate": 0.5405405405405406,
      "adjustedEffectiveness": 0.0847582276153705
    }
  ],
  "losses": []
}