{
  "totalServePoints": 5914,
  "firstServeIn": 4000,
  "firstServeInPct": 0.6763611768684478,
  "firstServeWon": 2801,
  "firstServeWinPct": 0.70025,
  "secondServeTotal": 1914,
  "secondServeWon": 1030,
  "secondServeWinPct": 0.5381400208986415,
  "aces": 232,
  "acePct": 0.03922894825836997,
  "doubleFaults": 0,
  "doubleFaultPct": 0
}