{
  "totalServePoints": 1831,
  "firstServeIn": 1095,
  "firstServeInPct": 0.5980338612779902,
  "firstServeWon": 760,
  "firstServeWinPct": 0.6940639269406392,
  "secondServeTotal": 736,
  "secondServeWon": 378,
  "secondServeWinPct": 0.5135869565217391,
  "aces": 80,
  "acePct": 0.04369197160021846,
  "doubleFaults": 0,
  "doubleFaultPct": 0
}