{
  "wins": [],
  "losses": [
    {
      "shotType": "BACKHAND",
      "total": 34,
      "winnerRate": 0.23529411764705882,
      "adjustedEffectiveness": -0.13445378151260506
    },
    {
      "shotType": "FOREHAND",
      "total": 71,
      "winnerRate": 0.38028169014084506,
      "adjustedEffectiveness": 0.01053379098118118
    },
    {
      "shotType": "SERVE",
      "total": 59,
      "winnerRate": 0.4745762711864407,
      "adjustedEffectiveness": 0.1048283720267768
    }
  ]
}