{
  "totalServePoints": 973,
  "firstServeIn": 621,
  "firstServeInPct": 0.6382322713257965,
  "firstServeWon": 399,
  "firstServeWinPct": 0.642512077294686,
  "secondServeTotal": 352,
  "secondServeWon": 184,
  "secondServeWinPct": 0.5227272727272727,
  "aces": 38,
  "acePct": 0.03905447070914697,
  "doubleFaults": 0,
  "doubleFaultPct": 0
}