{
  "totalServePoints": 895,
  "firstServeIn": 615,
  "firstServeInPct": 0.6871508379888268,
  "firstServeWon": 392,
  "firstServeWinPct": 0.6373983739837399,
  "secondServeTotal": 280,
  "secondServeWon": 145,
  "secondServeWinPct": 0.5178571428571429,
  "aces": 23,
  "acePct": 0.02569832402234637,
  "doubleFaults": 0,
  "doubleFaultPct": 0
}