{
  "totalServePoints": 118,
  "firstServeIn": 62,
  "firstServeInPct": 0.5254237288135594,
  "firstServeWon": 53,
  "firstServeWinPct": 0.8548387096774194,
  "secondServeTotal": 56,
  "secondServeWon": 33,
  "secondServeWinPct": 0.5892857142857143,
  "aces": 26,
  "acePct": 0.22033898305084745,
  "doubleFaults": 0,
  "doubleFaultPct": 0
}