{
  "totalServePoints": 548,
  "firstServeIn": 302,
  "firstServeInPct": 0.551094890510949,
  "firstServeWon": 206,
  "firstServeWinPct": 0.6821192052980133,
  "secondServeTotal": 246,
  "secondServeWon": 112,
  "secondServeWinPct": 0.45528455284552843,
  "aces": 25,
  "acePct": 0.04562043795620438,
  "doubleFaults": 0,
  "doubleFaultPct": 0
}