{
  "wins": [
    {
      "shotType": "BACKHAND",
      "total": 50,
      "winnerRate": 0.3,
      "adjustedEffectiveness": -0.11121495327102804
    },
    {
      "shotType": "BACKHAND_SLICE",
      "total": 15,
      "winnerRate": 0,
      "adjustedEffectiveness": -0.411214953271028
    },
    {
      "shotType": "FOREHAND",
      "total": 46,
      "winnerRate": 0.43478260869565216,
      "adjustedEffectiveness": 0.023567655424624134
    },
    {
      "shotType": "SERVE",
      "total": 54,
      "winnerRate": 0.4444444444444444,
      "adjustedEffectiveness": 0.03322949117341639
    }
  ],
  "losses": []
}