{
  "totalServePoints": 822,
  "firstServeIn": 582,
  "firstServeInPct": 0.708029197080292,
  "firstServeWon": 372,
  "firstServeWinPct": 0.6391752577319587,
  "secondServeTotal": 240,
  "secondServeWon": 122,
  "secondServeWinPct": 0.5083333333333333,
  "aces": 30,
  "acePct": 0.0364963503649635,
  "doubleFaults": 0,
  "doubleFaultPct": 0
}