{
  "totalServePoints": 2845,
  "firstServeIn": 1711,
  "firstServeInPct": 0.6014059753954306,
  "firstServeWon": 1357,
  "firstServeWinPct": 0.7931034482758621,
  "secondServeTotal": 1134,
  "secondServeWon": 600,
  "secondServeWinPct": 0.5291005291005291,
  "aces": 505,
  "acePct": 0.17750439367311072,
  "doubleFaults": 0,
  "doubleFaultPct": 0
}