{
  "totalServePoints": 233,
  "firstServeIn": 140,
  "firstServeInPct": 0.6008583690987125,
  "firstServeWon": 91,
  "firstServeWinPct": 0.65,
  "secondServeTotal": 93,
  "secondServeWon": 48,
  "secondServeWinPct": 0.5161290322580645,
  "aces": 3,
  "acePct": 0.012875536480686695,
  "doubleFaults": 0,
  "doubleFaultPct": 0
}