{
  "totalServePoints": 242,
  "firstServeIn": 146,
  "firstServeInPct": 0.6033057851239669,
  "firstServeWon": 82,
  "firstServeWinPct": 0.5616438356164384,
  "secondServeTotal": 96,
  "secondServeWon": 47,
  "secondServeWinPct": 0.4895833333333333,
  "aces": 11,
  "acePct": 0.045454545454545456,
  "doubleFaults": 0,
  "doubleFaultPct": 0
}