{
  "totalServePoints": 681,
  "firstServeIn": 379,
  "firstServeInPct": 0.5565345080763583,
  "firstServeWon": 279,
  "firstServeWinPct": 0.7361477572559367,
  "secondServeTotal": 302,
  "secondServeWon": 152,
  "secondServeWinPct": 0.5033112582781457,
  "aces": 56,
  "acePct": 0.08223201174743025,
  "doubleFaults": 0,
  "doubleFaultPct": 0
}