{
  "wins": [],
  "losses": [
    {
      "shotType": "BACKHAND",
      "total": 36,
      "winnerRate": 0.4444444444444444,
      "adjustedEffectiveness": -0.051423324150596916
    },
    {
      "shotType": "FOREHAND",
      "total": 37,
      "winnerRate": 0.6216216216216216,
      "adjustedEffectiveness": 0.12575385302658026
    },
    {
      "shotType": "SERVE",
      "total": 60,
      "winnerRate": 0.6666666666666666,
      "adjustedEffectiveness": 0.1707988980716253
    }
  ]
}