{
  "wins": [],
  "losses": [
    {
      "shotType": "BACKHAND",
      "total": 107,
      "winnerRate": 0.4672897196261682,
      "adjustedEffectiveness": 0.03191556996630429
    },
    {
      "shotType": "BACKHAND_SLICE",
      "total": 30,
      "winnerRate": 0.16666666666666666,
      "adjustedEffectiveness": -0.26870748299319724
    },
    {
      "shotType": "FOREHAND",
      "total": 175,
      "winnerRate": 0.3314285714285714,
      "adjustedEffectiveness": -0.10394557823129252
    },
    {
      "shotType": "SERVE",
      "total": 147,
      "winnerRate": 0.5034013605442177,
      "adjustedEffectiveness": 0.06802721088435376
    }
  ]
}