{
  "winning": [],
  "losing": [
    {
      "sequence": [
        "FOREHAND_RIGHT",
        "FOREHAND_RIGHT"
      ],
      "total": 21,
      "winnerRate": 0.19047619047619047,
      "uplift": -0.24489795918367346,
      "rankScore": -0.7455973316873689
    }
  ]
}