{
  "totalServePoints": 147,
  "firstServeIn": 82,
  "firstServeInPct": 0.5578231292517006,
  "firstServeWon": 58,
  "firstServeWinPct": 0.7073170731707317,
  "secondServeTotal": 65,
  "secondServeWon": 35,
  "secondServeWinPct": 0.5384615384615384,
  "aces": 3,
  "acePct": 0.02040816326530612,
  "doubleFaults": 0,
  "doubleFaultPct": 0
}