{
  "winning": [
    {
      "sequence": [
        "T",
        "BACKHAND_CENTER"
      ],
      "total": 19,
      "winnerRate": 0.5789473684210527,
      "uplift": 0.20232399179767602,
      "rankScore": 0.5957306478696284
    }
  ],
  "losing": [
    {
      "sequence": [
        "WIDE",
        "BACKHAND_CENTER"
      ],
      "total": 18,
      "winnerRate": 0.2777777777777778,
      "uplift": -0.09884559884559885,
      "rankScore": -0.28570052729565265
    },
    {
      "sequence": [
        "T",
        "FOREHAND_CENTER"
      ],
      "total": 15,
      "winnerRate": 0.3333333333333333,
      "uplift": -0.04329004329004332,
      "rankScore": -0.1172316104373252
    },
    {
      "sequence": [
        "WIDE",
        "FOREHAND_CENTER"
      ],
      "total": 20,
      "winnerRate": 0.35,
      "uplift": -0.02662337662337666,
      "rankScore": -0.07975650858163233
    }
  ]
}