{
  "totalServePoints": 211,
  "firstServeIn": 138,
  "firstServeInPct": 0.6540284360189573,
  "firstServeWon": 86,
  "firstServeWinPct": 0.6231884057971014,
  "secondServeTotal": 73,
  "secondServeWon": 39,
  "secondServeWinPct": 0.5342465753424658,
  "aces": 13,
  "acePct": 0.061611374407582936,
  "doubleFaults": 0,
  "doubleFaultPct": 0
}