{
  "totalServePoints": 4590,
  "firstServeIn": 2909,
  "firstServeInPct": 0.6337690631808279,
  "firstServeWon": 2134,
  "firstServeWinPct": 0.733585424544517,
  "secondServeTotal": 1681,
  "secondServeWon": 910,
  "secondServeWinPct": 0.5413444378346223,
  "aces": 347,
  "acePct": 0.07559912854030501,
  "doubleFaults": 0,
  "doubleFaultPct": 0
}