{
  "totalServePoints": 1149,
  "firstServeIn": 650,
  "firstServeInPct": 0.5657093124456049,
  "firstServeWon": 444,
  "firstServeWinPct": 0.683076923076923,
  "secondServeTotal": 499,
  "secondServeWon": 243,
  "secondServeWinPct": 0.48697394789579157,
  "aces": 69,
  "acePct": 0.06005221932114883,
  "doubleFaults": 0,
  "doubleFaultPct": 0
}