{
  "wins": [],
  "losses": [
    {
      "shotType": "BACKHAND",
      "total": 32,
      "winnerRate": 0.21875,
      "adjustedEffectiveness": -0.14161036036036034
    },
    {
      "shotType": "FOREHAND",
      "total": 47,
      "winnerRate": 0.23404255319148937,
      "adjustedEffectiveness": -0.12631780716887098
    },
    {
      "shotType": "SERVE",
      "total": 55,
      "winnerRate": 0.4909090909090909,
      "adjustedEffectiveness": 0.13054873054873056
    }
  ]
}