{
  "totalServePoints": 591,
  "firstServeIn": 344,
  "firstServeInPct": 0.5820642978003384,
  "firstServeWon": 218,
  "firstServeWinPct": 0.6337209302325582,
  "secondServeTotal": 247,
  "secondServeWon": 120,
  "secondServeWinPct": 0.48582995951417,
  "aces": 18,
  "acePct": 0.030456852791878174,
  "doubleFaults": 0,
  "doubleFaultPct": 0
}