{
  "wins": [],
  "losses": [
    {
      "shotType": "BACKHAND",
      "total": 42,
      "winnerRate": 0.38095238095238093,
      "adjustedEffectiveness": 0.011634199134199108
    },
    {
      "shotType": "FOREHAND",
      "total": 63,
      "winnerRate": 0.4603174603174603,
      "adjustedEffectiveness": 0.09099927849927847
    },
    {
      "shotType": "SERVE",
      "total": 88,
      "winnerRate": 0.4772727272727273,
      "adjustedEffectiveness": 0.10795454545454547
    }
  ]
}