{
  "winning": [
    {
      "sequence": [
        "FOREHAND_RIGHT",
        "FOREHAND_RIGHT"
      ],
      "total": 15,
      "winnerRate": 0.4666666666666667,
      "uplift": 0.09734848484848485,
      "rankScore": 0.26362458397093486
    }
  ],
  "losing": []
}