{
  "totalServePoints": 596,
  "firstServeIn": 372,
  "firstServeInPct": 0.6241610738255033,
  "firstServeWon": 253,
  "firstServeWinPct": 0.6801075268817204,
  "secondServeTotal": 224,
  "secondServeWon": 130,
  "secondServeWinPct": 0.5803571428571429,
  "aces": 27,
  "acePct": 0.04530201342281879,
  "doubleFaults": 0,
  "doubleFaultPct": 0
}