{
  "wins": [],
  "losses": [
    {
      "shotType": "BACKHAND",
      "total": 19,
      "winnerRate": 0.10526315789473684,
      "adjustedEffectiveness": -0.2827965435978005
    },
    {
      "shotType": "FOREHAND",
      "total": 41,
      "winnerRate": 0.36585365853658536,
      "adjustedEffectiveness": -0.022206042955951966
    },
    {
      "shotType": "SERVE",
      "total": 67,
      "winnerRate": 0.47761194029850745,
      "adjustedEffectiveness": 0.08955223880597013
    }
  ]
}