{
  "totalServePoints": 209,
  "firstServeIn": 100,
  "firstServeInPct": 0.4784688995215311,
  "firstServeWon": 57,
  "firstServeWinPct": 0.57,
  "secondServeTotal": 109,
  "secondServeWon": 52,
  "secondServeWinPct": 0.47706422018348627,
  "aces": 6,
  "acePct": 0.028708133971291867,
  "doubleFaults": 0,
  "doubleFaultPct": 0
}