{
  "wins": [
    {
      "shotType": "BACKHAND",
      "total": 106,
      "winnerRate": 0.4339622641509434,
      "adjustedEffectiveness": 0.08396226415094343
    },
    {
      "shotType": "FOREHAND",
      "total": 115,
      "winnerRate": 0.3826086956521739,
      "adjustedEffectiveness": 0.03260869565217395
    },
    {
      "shotType": "SERVE",
      "total": 90,
      "winnerRate": 0.3888888888888889,
      "adjustedEffectiveness": 0.03888888888888892
    }
  ],
  "losses": []
}