{
  "winning": [
    {
      "sequence": [
        "BACKHAND_LEFT",
        "BACKHAND_LEFT",
        "BACKHAND_LEFT"
      ],
      "total": 18,
      "winnerRate": 0.5555555555555556,
      "uplift": 0.2055555555555556,
      "rankScore": 0.5941319724564339
    },
    {
      "sequence": [
        "FOREHAND_RIGHT",
        "FOREHAND_RIGHT"
      ],
      "total": 23,
      "winnerRate": 0.5217391304347826,
      "uplift": 0.17173913043478262,
      "rankScore": 0.5384870501269627
    },
    {
      "sequence": [
        "BACKHAND_LEFT",
        "BACKHAND_LEFT"
      ],
      "total": 37,
      "winnerRate": 0.4864864864864865,
      "uplift": 0.13648648648648654,
      "rankScore": 0.4928414988879281
    },
    {
      "sequence": [
        "FOREHAND_LEFT",
        "BACKHAND_LEFT"
      ],
      "total": 19,
      "winnerRate": 0.47368421052631576,
      "uplift": 0.12368421052631579,
      "rankScore": 0.36418061058111234
    }
  ],
  "losing": [
    {
      "sequence": [
        "BACKHAND_LEFT",
        "BACKHAND_CENTER"
      ],
      "total": 15,
      "winnerRate": 0.3333333333333333,
      "uplift": -0.016666666666666663,
      "rankScore": -0.04513417001837016
    }
  ]
}