{
  "totalServePoints": 95,
  "firstServeIn": 58,
  "firstServeInPct": 0.6105263157894737,
  "firstServeWon": 37,
  "firstServeWinPct": 0.6379310344827587,
  "secondServeTotal": 37,
  "secondServeWon": 17,
  "secondServeWinPct": 0.4594594594594595,
  "aces": 6,
  "acePct": 0.06315789473684211,
  "doubleFaults": 0,
  "doubleFaultPct": 0
}