{
  "totalServePoints": 4422,
  "firstServeIn": 2915,
  "firstServeInPct": 0.6592039800995025,
  "firstServeWon": 2254,
  "firstServeWinPct": 0.7732418524871355,
  "secondServeTotal": 1507,
  "secondServeWon": 840,
  "secondServeWinPct": 0.557398805573988,
  "aces": 957,
  "acePct": 0.21641791044776118,
  "doubleFaults": 0,
  "doubleFaultPct": 0
}