{
  "wins": [],
  "losses": [
    {
      "shotType": "BACKHAND",
      "total": 228,
      "winnerRate": 0.3991228070175439,
      "adjustedEffectiveness": -0.03179054192859193
    },
    {
      "shotType": "BACKHAND_SLICE",
      "total": 40,
      "winnerRate": 0.375,
      "adjustedEffectiveness": -0.05591334894613581
    },
    {
      "shotType": "FOREHAND",
      "total": 292,
      "winnerRate": 0.3835616438356164,
      "adjustedEffectiveness": -0.04735170511051939
    },
    {
      "shotType": "SERVE",
      "total": 212,
      "winnerRate": 0.44339622641509435,
      "adjustedEffectiveness": 0.012482877468958542
    }
  ]
}