{
  "winning": [],
  "losing": [
    {
      "sequence": [
        "BACKHAND_LEFT_DEEP",
        "BACKHAND_LEFT_DEEP"
      ],
      "total": 19,
      "winnerRate": 0.05263157894736842,
      "uplift": -0.3741200134093195,
      "rankScore": -1.1015735503686717
    }
  ]
}