{
  "totalServePoints": 3846,
  "firstServeIn": 2617,
  "firstServeInPct": 0.6804472178887155,
  "firstServeWon": 1846,
  "firstServeWinPct": 0.7053878486816966,
  "secondServeTotal": 1229,
  "secondServeWon": 674,
  "secondServeWinPct": 0.548413344182262,
  "aces": 166,
  "acePct": 0.04316172646905876,
  "doubleFaults": 0,
  "doubleFaultPct": 0
}