{
  "totalServePoints": 793,
  "firstServeIn": 500,
  "firstServeInPct": 0.6305170239596469,
  "firstServeWon": 330,
  "firstServeWinPct": 0.66,
  "secondServeTotal": 293,
  "secondServeWon": 126,
  "secondServeWinPct": 0.4300341296928328,
  "aces": 34,
  "acePct": 0.04287515762925599,
  "doubleFaults": 0,
  "doubleFaultPct": 0
}