{
  "totalServePoints": 2792,
  "firstServeIn": 1784,
  "firstServeInPct": 0.6389684813753582,
  "firstServeWon": 1199,
  "firstServeWinPct": 0.672085201793722,
  "secondServeTotal": 1008,
  "secondServeWon": 467,
  "secondServeWinPct": 0.4632936507936508,
  "aces": 129,
  "acePct": 0.04620343839541547,
  "doubleFaults": 0,
  "doubleFaultPct": 0
}