{
  "totalServePoints": 2545,
  "firstServeIn": 1505,
  "firstServeInPct": 0.5913555992141454,
  "firstServeWon": 1087,
  "firstServeWinPct": 0.7222591362126246,
  "secondServeTotal": 1040,
  "secondServeWon": 542,
  "secondServeWinPct": 0.5211538461538462,
  "aces": 255,
  "acePct": 0.10019646365422397,
  "doubleFaults": 0,
  "doubleFaultPct": 0
}