{
  "totalServePoints": 847,
  "firstServeIn": 519,
  "firstServeInPct": 0.6127508854781583,
  "firstServeWon": 372,
  "firstServeWinPct": 0.7167630057803468,
  "secondServeTotal": 328,
  "secondServeWon": 181,
  "secondServeWinPct": 0.551829268292683,
  "aces": 65,
  "acePct": 0.07674144037780402,
  "doubleFaults": 0,
  "doubleFaultPct": 0
}