{
  "totalServePoints": 152,
  "firstServeIn": 84,
  "firstServeInPct": 0.5526315789473685,
  "firstServeWon": 56,
  "firstServeWinPct": 0.6666666666666666,
  "secondServeTotal": 68,
  "secondServeWon": 33,
  "secondServeWinPct": 0.4852941176470588,
  "aces": 4,
  "acePct": 0.02631578947368421,
  "doubleFaults": 0,
  "doubleFaultPct": 0
}