{
  "totalServePoints": 268,
  "firstServeIn": 173,
  "firstServeInPct": 0.6455223880597015,
  "firstServeWon": 110,
  "firstServeWinPct": 0.6358381502890174,
  "secondServeTotal": 95,
  "secondServeWon": 48,
  "secondServeWinPct": 0.5052631578947369,
  "aces": 5,
  "acePct": 0.018656716417910446,
  "doubleFaults": 0,
  "doubleFaultPct": 0
}