{
  "totalServePoints": 114,
  "firstServeIn": 62,
  "firstServeInPct": 0.543859649122807,
  "firstServeWon": 37,
  "firstServeWinPct": 0.5967741935483871,
  "secondServeTotal": 52,
  "secondServeWon": 19,
  "secondServeWinPct": 0.36538461538461536,
  "aces": 1,
  "acePct": 0.008771929824561403,
  "doubleFaults": 0,
  "doubleFaultPct": 0
}