{
  "totalServePoints": 123,
  "firstServeIn": 72,
  "firstServeInPct": 0.5853658536585366,
  "firstServeWon": 55,
  "firstServeWinPct": 0.7638888888888888,
  "secondServeTotal": 51,
  "secondServeWon": 19,
  "secondServeWinPct": 0.37254901960784315,
  "aces": 13,
  "acePct": 0.10569105691056911,
  "doubleFaults": 0,
  "doubleFaultPct": 0
}