{
  "totalServePoints": 241,
  "firstServeIn": 153,
  "firstServeInPct": 0.6348547717842323,
  "firstServeWon": 111,
  "firstServeWinPct": 0.7254901960784313,
  "secondServeTotal": 88,
  "secondServeWon": 43,
  "secondServeWinPct": 0.48863636363636365,
  "aces": 16,
  "acePct": 0.06639004149377593,
  "doubleFaults": 0,
  "doubleFaultPct": 0
}