{
  "wins": [
    {
      "shotType": "BACKHAND",
      "total": 30,
      "winnerRate": 0.43333333333333335,
      "adjustedEffectiveness": -0.03131313131313129
    },
    {
      "shotType": "FOREHAND",
      "total": 51,
      "winnerRate": 0.29411764705882354,
      "adjustedEffectiveness": -0.1705288175876411
    },
    {
      "shotType": "SERVE",
      "total": 50,
      "winnerRate": 0.58,
      "adjustedEffectiveness": 0.11535353535353532
    }
  ],
  "losses": []
}