{
  "totalServePoints": 52,
  "firstServeIn": 35,
  "firstServeInPct": 0.6730769230769231,
  "firstServeWon": 24,
  "firstServeWinPct": 0.6857142857142857,
  "secondServeTotal": 17,
  "secondServeWon": 11,
  "secondServeWinPct": 0.6470588235294118,
  "aces": 6,
  "acePct": 0.11538461538461539,
  "doubleFaults": 0,
  "doubleFaultPct": 0
}