{
  "totalServePoints": 1136,
  "firstServeIn": 676,
  "firstServeInPct": 0.5950704225352113,
  "firstServeWon": 485,
  "firstServeWinPct": 0.7174556213017751,
  "secondServeTotal": 460,
  "secondServeWon": 245,
  "secondServeWinPct": 0.532608695652174,
  "aces": 113,
  "acePct": 0.0994718309859155,
  "doubleFaults": 0,
  "doubleFaultPct": 0
}