{
  "wins": [
    {
      "shotType": "BACKHAND_SLICE",
      "total": 32,
      "winnerRate": 0.125,
      "adjustedEffectiveness": -0.25290697674418605
    },
    {
      "shotType": "FOREHAND",
      "total": 33,
      "winnerRate": 0.36363636363636365,
      "adjustedEffectiveness": -0.014270613107822405
    },
    {
      "shotType": "SERVE",
      "total": 86,
      "winnerRate": 0.5232558139534884,
      "adjustedEffectiveness": 0.14534883720930236
    }
  ],
  "losses": []
}