{
  "totalServePoints": 89,
  "firstServeIn": 48,
  "firstServeInPct": 0.5393258426966292,
  "firstServeWon": 38,
  "firstServeWinPct": 0.7916666666666666,
  "secondServeTotal": 41,
  "secondServeWon": 25,
  "secondServeWinPct": 0.6097560975609756,
  "aces": 8,
  "acePct": 0.0898876404494382,
  "doubleFaults": 0,
  "doubleFaultPct": 0
}