{
  "wins": [],
  "losses": [
    {
      "shotType": "BACKHAND",
      "total": 141,
      "winnerRate": 0.3333333333333333,
      "adjustedEffectiveness": -0.028949545078577332
    },
    {
      "shotType": "BACKHAND_SLICE",
      "total": 17,
      "winnerRate": 0.23529411764705882,
      "adjustedEffectiveness": -0.12698876076485183
    },
    {
      "shotType": "FOREHAND",
      "total": 167,
      "winnerRate": 0.2994011976047904,
      "adjustedEffectiveness": -0.06288168080712025
    },
    {
      "shotType": "SERVE",
      "total": 201,
      "winnerRate": 0.48756218905472637,
      "adjustedEffectiveness": 0.12527931064281572
    }
  ]
}