{
  "totalServePoints": 304,
  "firstServeIn": 178,
  "firstServeInPct": 0.5855263157894737,
  "firstServeWon": 121,
  "firstServeWinPct": 0.6797752808988764,
  "secondServeTotal": 126,
  "secondServeWon": 61,
  "secondServeWinPct": 0.48412698412698413,
  "aces": 22,
  "acePct": 0.07236842105263158,
  "doubleFaults": 0,
  "doubleFaultPct": 0
}