{
  "totalServePoints": 246,
  "firstServeIn": 165,
  "firstServeInPct": 0.6707317073170732,
  "firstServeWon": 117,
  "firstServeWinPct": 0.7090909090909091,
  "secondServeTotal": 81,
  "secondServeWon": 45,
  "secondServeWinPct": 0.5555555555555556,
  "aces": 8,
  "acePct": 0.032520325203252036,
  "doubleFaults": 0,
  "doubleFaultPct": 0
}