{
  "wins": [
    {
      "shotType": "BACKHAND",
      "total": 66,
      "winnerRate": 0.4090909090909091,
      "adjustedEffectiveness": -0.03353204172876301
    },
    {
      "shotType": "FOREHAND",
      "total": 69,
      "winnerRate": 0.391304347826087,
      "adjustedEffectiveness": -0.05131860299358515
    },
    {
      "shotType": "SERVE",
      "total": 61,
      "winnerRate": 0.47540983606557374,
      "adjustedEffectiveness": 0.03278688524590162
    }
  ],
  "losses": []
}