{
  "totalServePoints": 57,
  "firstServeIn": 30,
  "firstServeInPct": 0.5263157894736842,
  "firstServeWon": 19,
  "firstServeWinPct": 0.6333333333333333,
  "secondServeTotal": 27,
  "secondServeWon": 17,
  "secondServeWinPct": 0.6296296296296297,
  "aces": 3,
  "acePct": 0.05263157894736842,
  "doubleFaults": 0,
  "doubleFaultPct": 0
}