{
  "totalServePoints": 876,
  "firstServeIn": 485,
  "firstServeInPct": 0.5536529680365296,
  "firstServeWon": 337,
  "firstServeWinPct": 0.6948453608247422,
  "secondServeTotal": 391,
  "secondServeWon": 202,
  "secondServeWinPct": 0.5166240409207161,
  "aces": 19,
  "acePct": 0.021689497716894976,
  "doubleFaults": 0,
  "doubleFaultPct": 0
}