{
  "winning": [
    {
      "sequence": [
        "FOREHAND_LEFT",
        "BACKHAND_RIGHT"
      ],
      "total": 17,
      "winnerRate": 0.5294117647058824,
      "uplift": 0.14510592969582198,
      "rankScore": 0.411116056315886
    },
    {
      "sequence": [
        "BACKHAND_CENTER",
        "FOREHAND_LEFT"
      ],
      "total": 18,
      "winnerRate": 0.5,
      "uplift": 0.11569416498993962,
      "rankScore": 0.33439914704030066
    }
  ],
  "losing": [
    {
      "sequence": [
        "T",
        "BACKHAND_CENTER_DEEP"
      ],
      "total": 19,
      "winnerRate": 0.3157894736842105,
      "uplift": -0.06851636132584987,
      "rankScore": -0.20174224499848437
    },
    {
      "sequence": [
        "BACKHAND_LEFT",
        "FOREHAND_LEFT"
      ],
      "total": 16,
      "winnerRate": 0.3125,
      "uplift": -0.07180583501006038,
      "rankScore": -0.19908804833990384
    },
    {
      "sequence": [
        "BACKHAND_RIGHT",
        "FOREHAND_RIGHT"
      ],
      "total": 15,
      "winnerRate": 0.3333333333333333,
      "uplift": -0.05097250167672707,
      "rankScore": -0.13803609341634349
    }
  ]
}