{
  "totalServePoints": 197,
  "firstServeIn": 121,
  "firstServeInPct": 0.6142131979695431,
  "firstServeWon": 75,
  "firstServeWinPct": 0.6198347107438017,
  "secondServeTotal": 76,
  "secondServeWon": 44,
  "secondServeWinPct": 0.5789473684210527,
  "aces": 8,
  "acePct": 0.04060913705583756,
  "doubleFaults": 0,
  "doubleFaultPct": 0
}