{
  "totalServePoints": 230,
  "firstServeIn": 137,
  "firstServeInPct": 0.5956521739130435,
  "firstServeWon": 96,
  "firstServeWinPct": 0.7007299270072993,
  "secondServeTotal": 93,
  "secondServeWon": 52,
  "secondServeWinPct": 0.5591397849462365,
  "aces": 26,
  "acePct": 0.11304347826086956,
  "doubleFaults": 0,
  "doubleFaultPct": 0
}