{
  "totalServePoints": 861,
  "firstServeIn": 539,
  "firstServeInPct": 0.6260162601626016,
  "firstServeWon": 378,
  "firstServeWinPct": 0.7012987012987013,
  "secondServeTotal": 322,
  "secondServeWon": 165,
  "secondServeWinPct": 0.5124223602484472,
  "aces": 39,
  "acePct": 0.04529616724738676,
  "doubleFaults": 0,
  "doubleFaultPct": 0
}