{
  "totalServePoints": 1517,
  "firstServeIn": 986,
  "firstServeInPct": 0.6499670402109426,
  "firstServeWon": 784,
  "firstServeWinPct": 0.795131845841785,
  "secondServeTotal": 531,
  "secondServeWon": 304,
  "secondServeWinPct": 0.5725047080979284,
  "aces": 309,
  "acePct": 0.20369149637442321,
  "doubleFaults": 0,
  "doubleFaultPct": 0
}