{
  "totalServePoints": 132,
  "firstServeIn": 74,
  "firstServeInPct": 0.5606060606060606,
  "firstServeWon": 47,
  "firstServeWinPct": 0.6351351351351351,
  "secondServeTotal": 58,
  "secondServeWon": 22,
  "secondServeWinPct": 0.3793103448275862,
  "aces": 7,
  "acePct": 0.05303030303030303,
  "doubleFaults": 0,
  "doubleFaultPct": 0
}