{
  "totalServePoints": 442,
  "firstServeIn": 288,
  "firstServeInPct": 0.6515837104072398,
  "firstServeWon": 226,
  "firstServeWinPct": 0.7847222222222222,
  "secondServeTotal": 154,
  "secondServeWon": 76,
  "secondServeWinPct": 0.4935064935064935,
  "aces": 51,
  "acePct": 0.11538461538461539,
  "doubleFaults": 0,
  "doubleFaultPct": 0
}