{
  "wins": [],
  "losses": [
    {
      "shotType": "BACKHAND",
      "total": 44,
      "winnerRate": 0.25,
      "adjustedEffectiveness": -0.1077981651376147
    },
    {
      "shotType": "FOREHAND",
      "total": 56,
      "winnerRate": 0.39285714285714285,
      "adjustedEffectiveness": 0.03505897771952815
    },
    {
      "shotType": "SERVE",
      "total": 54,
      "winnerRate": 0.48148148148148145,
      "adjustedEffectiveness": 0.12368331634386676
    }
  ]
}