{
  "totalServePoints": 555,
  "firstServeIn": 343,
  "firstServeInPct": 0.618018018018018,
  "firstServeWon": 241,
  "firstServeWinPct": 0.7026239067055393,
  "secondServeTotal": 212,
  "secondServeWon": 99,
  "secondServeWinPct": 0.4669811320754717,
  "aces": 22,
  "acePct": 0.03963963963963964,
  "doubleFaults": 0,
  "doubleFaultPct": 0
}