{
  "wins": [
    {
      "shotType": "BACKHAND",
      "total": 43,
      "winnerRate": 0.23255813953488372,
      "adjustedEffectiveness": -0.13311350225616106
    },
    {
      "shotType": "FOREHAND",
      "total": 93,
      "winnerRate": 0.24731182795698925,
      "adjustedEffectiveness": -0.11835981383405553
    },
    {
      "shotType": "SERVE",
      "total": 67,
      "winnerRate": 0.44776119402985076,
      "adjustedEffectiveness": 0.08208955223880599
    }
  ],
  "losses": []
}