{
  "winning": [
    {
      "sequence": [
        "FOREHAND_CENTER",
        "FOREHAND_CENTER"
      ],
      "total": 23,
      "winnerRate": 0.391304347826087,
      "uplift": 0.025632706035042196,
      "rankScore": 0.08037120151148701
    }
  ],
  "losing": [
    {
      "sequence": [
        "FOREHAND_LEFT",
        "FOREHAND_CENTER"
      ],
      "total": 15,
      "winnerRate": 0.06666666666666667,
      "uplift": -0.2990049751243781,
      "rankScore": -0.8097204830161335
    }
  ]
}