{
  "wins": [
    {
      "shotType": "BACKHAND",
      "total": 65,
      "winnerRate": 0.27692307692307694,
      "adjustedEffectiveness": -0.09475833900612662
    },
    {
      "shotType": "FOREHAND",
      "total": 73,
      "winnerRate": 0.410958904109589,
      "adjustedEffectiveness": 0.039277488180385456
    },
    {
      "shotType": "SERVE",
      "total": 57,
      "winnerRate": 0.3684210526315789,
      "adjustedEffectiveness": -0.0032603632976246355
    }
  ],
  "losses": []
}