{
  "winning": [
    {
      "sequence": [
        "FOREHAND_LEFT",
        "BACKHAND_LEFT"
      ],
      "total": 15,
      "winnerRate": 0.4666666666666667,
      "uplift": 0.09498525073746311,
      "rankScore": 0.25722482736133084
    }
  ],
  "losing": [
    {
      "sequence": [
        "BACKHAND_LEFT",
        "BACKHAND_LEFT",
        "BACKHAND_LEFT"
      ],
      "total": 16,
      "winnerRate": 0.1875,
      "uplift": -0.18418141592920356,
      "rankScore": -0.5106593166514641
    },
    {
      "sequence": [
        "BACKHAND_LEFT",
        "BACKHAND_LEFT"
      ],
      "total": 31,
      "winnerRate": 0.22580645161290322,
      "uplift": -0.14587496431630034,
      "rankScore": -0.5009327609169026
    }
  ]
}