{
  "totalServePoints": 6110,
  "firstServeIn": 3810,
  "firstServeInPct": 0.6235679214402619,
  "firstServeWon": 2666,
  "firstServeWinPct": 0.6997375328083989,
  "secondServeTotal": 2300,
  "secondServeWon": 1161,
  "secondServeWinPct": 0.5047826086956522,
  "aces": 361,
  "acePct": 0.0590834697217676,
  "doubleFaults": 0,
  "doubleFaultPct": 0
}