{
  "totalServePoints": 12939,
  "firstServeIn": 7798,
  "firstServeInPct": 0.602674086096298,
  "firstServeWon": 5970,
  "firstServeWinPct": 0.7655809181841498,
  "secondServeTotal": 5141,
  "secondServeWon": 2844,
  "secondServeWinPct": 0.553199766582377,
  "aces": 1150,
  "acePct": 0.08887858412551201,
  "doubleFaults": 0,
  "doubleFaultPct": 0
}