{
  "totalServePoints": 436,
  "firstServeIn": 292,
  "firstServeInPct": 0.6697247706422018,
  "firstServeWon": 172,
  "firstServeWinPct": 0.589041095890411,
  "secondServeTotal": 144,
  "secondServeWon": 71,
  "secondServeWinPct": 0.4930555555555556,
  "aces": 13,
  "acePct": 0.02981651376146789,
  "doubleFaults": 0,
  "doubleFaultPct": 0
}