{
  "totalServePoints": 1161,
  "firstServeIn": 761,
  "firstServeInPct": 0.6554694229112834,
  "firstServeWon": 519,
  "firstServeWinPct": 0.6819973718791065,
  "secondServeTotal": 400,
  "secondServeWon": 204,
  "secondServeWinPct": 0.51,
  "aces": 63,
  "acePct": 0.05426356589147287,
  "doubleFaults": 0,
  "doubleFaultPct": 0
}