{
  "totalServePoints": 416,
  "firstServeIn": 242,
  "firstServeInPct": 0.5817307692307693,
  "firstServeWon": 160,
  "firstServeWinPct": 0.6611570247933884,
  "secondServeTotal": 174,
  "secondServeWon": 82,
  "secondServeWinPct": 0.47126436781609193,
  "aces": 36,
  "acePct": 0.08653846153846154,
  "doubleFaults": 0,
  "doubleFaultPct": 0
}