{
  "winning": [
    {
      "sequence": [
        "FOREHAND_RIGHT",
        "FOREHAND_CENTER"
      ],
      "total": 21,
      "winnerRate": 0.47619047619047616,
      "uplift": 0.07963875205254511,
      "rankScore": 0.24246196753626592
    }
  ],
  "losing": [
    {
      "sequence": [
        "FOREHAND_LEFT",
        "BACKHAND_LEFT"
      ],
      "total": 15,
      "winnerRate": 0.26666666666666666,
      "uplift": -0.1298850574712644,
      "rankScore": -0.35173525600522965
    }
  ]
}