{
  "wins": [],
  "losses": [
    {
      "shotType": "BACKHAND",
      "total": 61,
      "winnerRate": 0.3442622950819672,
      "adjustedEffectiveness": -0.04671514852705533
    },
    {
      "shotType": "FOREHAND",
      "total": 81,
      "winnerRate": 0.4074074074074074,
      "adjustedEffectiveness": 0.01642996379838485
    },
    {
      "shotType": "SERVE",
      "total": 66,
      "winnerRate": 0.42424242424242425,
      "adjustedEffectiveness": 0.03326498063340172
    }
  ]
}