{
  "totalServePoints": 71,
  "firstServeIn": 45,
  "firstServeInPct": 0.6338028169014085,
  "firstServeWon": 26,
  "firstServeWinPct": 0.5777777777777777,
  "secondServeTotal": 26,
  "secondServeWon": 10,
  "secondServeWinPct": 0.38461538461538464,
  "aces": 2,
  "acePct": 0.028169014084507043,
  "doubleFaults": 0,
  "doubleFaultPct": 0
}