{
  "totalServePoints": 153,
  "firstServeIn": 100,
  "firstServeInPct": 0.6535947712418301,
  "firstServeWon": 71,
  "firstServeWinPct": 0.71,
  "secondServeTotal": 53,
  "secondServeWon": 25,
  "secondServeWinPct": 0.4716981132075472,
  "aces": 10,
  "acePct": 0.06535947712418301,
  "doubleFaults": 0,
  "doubleFaultPct": 0
}