{
  "totalServePoints": 886,
  "firstServeIn": 482,
  "firstServeInPct": 0.5440180586907449,
  "firstServeWon": 352,
  "firstServeWinPct": 0.7302904564315352,
  "secondServeTotal": 404,
  "secondServeWon": 184,
  "secondServeWinPct": 0.45544554455445546,
  "aces": 65,
  "acePct": 0.07336343115124154,
  "doubleFaults": 0,
  "doubleFaultPct": 0
}