{
  "totalServePoints": 142,
  "firstServeIn": 83,
  "firstServeInPct": 0.5845070422535211,
  "firstServeWon": 61,
  "firstServeWinPct": 0.7349397590361446,
  "secondServeTotal": 59,
  "secondServeWon": 32,
  "secondServeWinPct": 0.5423728813559322,
  "aces": 18,
  "acePct": 0.1267605633802817,
  "doubleFaults": 0,
  "doubleFaultPct": 0
}