{
  "winning": [],
  "losing": [
    {
      "sequence": [
        "WIDE",
        "BACKHAND_CENTER"
      ],
      "total": 16,
      "winnerRate": 0.25,
      "uplift": -0.14013452914798208,
      "rankScore": -0.388535415112077
    }
  ]
}