{
  "totalServePoints": 90,
  "firstServeIn": 59,
  "firstServeInPct": 0.6555555555555556,
  "firstServeWon": 52,
  "firstServeWinPct": 0.8813559322033898,
  "secondServeTotal": 31,
  "secondServeWon": 21,
  "secondServeWinPct": 0.6774193548387096,
  "aces": 6,
  "acePct": 0.06666666666666667,
  "doubleFaults": 0,
  "doubleFaultPct": 0
}