{
  "totalServePoints": 324,
  "firstServeIn": 212,
  "firstServeInPct": 0.654320987654321,
  "firstServeWon": 136,
  "firstServeWinPct": 0.6415094339622641,
  "secondServeTotal": 112,
  "secondServeWon": 63,
  "secondServeWinPct": 0.5625,
  "aces": 12,
  "acePct": 0.037037037037037035,
  "doubleFaults": 0,
  "doubleFaultPct": 0
}