{
  "wins": [
    {
      "shotType": "BACKHAND",
      "total": 15,
      "winnerRate": 0.6666666666666666,
      "adjustedEffectiveness": 0.2694063926940639
    },
    {
      "shotType": "FOREHAND",
      "total": 31,
      "winnerRate": 0.5806451612903226,
      "adjustedEffectiveness": 0.1833848873177199
    },
    {
      "shotType": "SERVE",
      "total": 37,
      "winnerRate": 0.35135135135135137,
      "adjustedEffectiveness": -0.04590892262125135
    }
  ],
  "losses": []
}