{
  "totalServePoints": 43,
  "firstServeIn": 26,
  "firstServeInPct": 0.6046511627906976,
  "firstServeWon": 11,
  "firstServeWinPct": 0.4230769230769231,
  "secondServeTotal": 17,
  "secondServeWon": 5,
  "secondServeWinPct": 0.29411764705882354,
  "aces": 1,
  "acePct": 0.023255813953488372,
  "doubleFaults": 0,
  "doubleFaultPct": 0
}