{
  "winning": [
    {
      "sequence": [
        "FOREHAND_RIGHT_DEEP",
        "FOREHAND_RIGHT_DEEP"
      ],
      "total": 17,
      "winnerRate": 0.47058823529411764,
      "uplift": 0.0908780903665814,
      "rankScore": 0.2574770183089451
    }
  ],
  "losing": []
}