{
  "wins": [],
  "losses": [
    {
      "shotType": "BACKHAND",
      "total": 69,
      "winnerRate": 0.5507246376811594,
      "adjustedEffectiveness": 0.0907246376811594
    },
    {
      "shotType": "FOREHAND",
      "total": 91,
      "winnerRate": 0.5164835164835165,
      "adjustedEffectiveness": 0.056483516483516516
    },
    {
      "shotType": "SERVE",
      "total": 50,
      "winnerRate": 0.62,
      "adjustedEffectiveness": 0.15999999999999998
    }
  ]
}