{
  "totalServePoints": 73,
  "firstServeIn": 34,
  "firstServeInPct": 0.4657534246575342,
  "firstServeWon": 25,
  "firstServeWinPct": 0.7352941176470589,
  "secondServeTotal": 39,
  "secondServeWon": 15,
  "secondServeWinPct": 0.38461538461538464,
  "aces": 2,
  "acePct": 0.0273972602739726,
  "doubleFaults": 0,
  "doubleFaultPct": 0
}