{
  "totalServePoints": 591,
  "firstServeIn": 353,
  "firstServeInPct": 0.5972927241962775,
  "firstServeWon": 272,
  "firstServeWinPct": 0.7705382436260623,
  "secondServeTotal": 238,
  "secondServeWon": 114,
  "secondServeWinPct": 0.4789915966386555,
  "aces": 78,
  "acePct": 0.1319796954314721,
  "doubleFaults": 0,
  "doubleFaultPct": 0
}