{
  "winning": [],
  "losing": [
    {
      "sequence": [
        "FOREHAND_CENTER",
        "FOREHAND_CENTER"
      ],
      "total": 17,
      "winnerRate": 0.4117647058823529,
      "uplift": -0.05490196078431375,
      "rankScore": -0.1555489679089688
    }
  ]
}