{
  "wins": [],
  "losses": [
    {
      "shotType": "BACKHAND",
      "total": 20,
      "winnerRate": 0.5,
      "adjustedEffectiveness": 0.10240963855421686
    },
    {
      "shotType": "FOREHAND",
      "total": 46,
      "winnerRate": 0.34782608695652173,
      "adjustedEffectiveness": -0.049764274489261406
    },
    {
      "shotType": "SERVE",
      "total": 41,
      "winnerRate": 0.4146341463414634,
      "adjustedEffectiveness": 0.01704378489568026
    }
  ]
}