{
  "totalServePoints": 367,
  "firstServeIn": 208,
  "firstServeInPct": 0.5667574931880109,
  "firstServeWon": 149,
  "firstServeWinPct": 0.7163461538461539,
  "secondServeTotal": 159,
  "secondServeWon": 81,
  "secondServeWinPct": 0.5094339622641509,
  "aces": 28,
  "acePct": 0.07629427792915532,
  "doubleFaults": 0,
  "doubleFaultPct": 0
}