{
  "totalServePoints": 2309,
  "firstServeIn": 1354,
  "firstServeInPct": 0.5864010394110004,
  "firstServeWon": 931,
  "firstServeWinPct": 0.6875923190546529,
  "secondServeTotal": 955,
  "secondServeWon": 487,
  "secondServeWinPct": 0.5099476439790576,
  "aces": 123,
  "acePct": 0.05326981377219576,
  "doubleFaults": 0,
  "doubleFaultPct": 0
}