{
  "wins": [
    {
      "shotType": "BACKHAND",
      "total": 34,
      "winnerRate": 0.35294117647058826,
      "adjustedEffectiveness": -0.1035805626598465
    },
    {
      "shotType": "FOREHAND",
      "total": 59,
      "winnerRate": 0.288135593220339,
      "adjustedEffectiveness": -0.16838614591009576
    },
    {
      "shotType": "SERVE",
      "total": 46,
      "winnerRate": 0.5869565217391305,
      "adjustedEffectiveness": 0.13043478260869573
    }
  ],
  "losses": []
}