{
  "wins": [
    {
      "shotType": "BACKHAND",
      "total": 57,
      "winnerRate": 0.38596491228070173,
      "adjustedEffectiveness": 0.002986188876446416
    },
    {
      "shotType": "BACKHAND_SLICE",
      "total": 20,
      "winnerRate": 0.2,
      "adjustedEffectiveness": -0.1829787234042553
    },
    {
      "shotType": "FOREHAND",
      "total": 99,
      "winnerRate": 0.4444444444444444,
      "adjustedEffectiveness": 0.0614657210401891
    },
    {
      "shotType": "SERVE",
      "total": 94,
      "winnerRate": 0.5,
      "adjustedEffectiveness": 0.11702127659574468
    }
  ],
  "losses": []
}