{
  "totalServePoints": 87,
  "firstServeIn": 53,
  "firstServeInPct": 0.6091954022988506,
  "firstServeWon": 36,
  "firstServeWinPct": 0.6792452830188679,
  "secondServeTotal": 34,
  "secondServeWon": 19,
  "secondServeWinPct": 0.5588235294117647,
  "aces": 5,
  "acePct": 0.05747126436781609,
  "doubleFaults": 0,
  "doubleFaultPct": 0
}