{
  "totalServePoints": 337,
  "firstServeIn": 214,
  "firstServeInPct": 0.6350148367952523,
  "firstServeWon": 136,
  "firstServeWinPct": 0.6355140186915887,
  "secondServeTotal": 123,
  "secondServeWon": 58,
  "secondServeWinPct": 0.4715447154471545,
  "aces": 12,
  "acePct": 0.03560830860534125,
  "doubleFaults": 0,
  "doubleFaultPct": 0
}