{
  "totalServePoints": 286,
  "firstServeIn": 171,
  "firstServeInPct": 0.5979020979020979,
  "firstServeWon": 138,
  "firstServeWinPct": 0.8070175438596491,
  "secondServeTotal": 115,
  "secondServeWon": 64,
  "secondServeWinPct": 0.5565217391304348,
  "aces": 24,
  "acePct": 0.08391608391608392,
  "doubleFaults": 0,
  "doubleFaultPct": 0
}