{
  "winning": [
    {
      "sequence": [
        "WIDE",
        "FOREHAND_CENTER_BASELINE"
      ],
      "total": 15,
      "winnerRate": 0.6,
      "uplift": 0.1974358974358974,
      "rankScore": 0.5346663217560773
    },
    {
      "sequence": [
        "BACKHAND_LEFT_DEEP",
        "BACKHAND_LEFT_DEEP"
      ],
      "total": 16,
      "winnerRate": 0.5625,
      "uplift": 0.15993589743589742,
      "rankScore": 0.4434364655120675
    },
    {
      "sequence": [
        "T",
        "FOREHAND_CENTER_FORCED_ERROR"
      ],
      "total": 15,
      "winnerRate": 0.4666666666666667,
      "uplift": 0.0641025641025641,
      "rankScore": 0.17359296160911603
    }
  ],
  "losing": [
    {
      "sequence": [
        "T",
        "FOREHAND_CENTER_BASELINE"
      ],
      "total": 16,
      "winnerRate": 0.375,
      "uplift": -0.027564102564102577,
      "rankScore": -0.07642391990789144
    },
    {
      "sequence": [
        "WIDE",
        "FOREHAND_CENTER_FORCED_ERROR"
      ],
      "total": 15,
      "winnerRate": 0.4,
      "uplift": -0.002564102564102555,
      "rankScore": -0.006943718464364617
    }
  ]
}