{
  "totalServePoints": 1798,
  "firstServeIn": 1091,
  "firstServeInPct": 0.6067853170189099,
  "firstServeWon": 776,
  "firstServeWinPct": 0.7112740604949588,
  "secondServeTotal": 707,
  "secondServeWon": 371,
  "secondServeWinPct": 0.5247524752475248,
  "aces": 132,
  "acePct": 0.07341490545050056,
  "doubleFaults": 0,
  "doubleFaultPct": 0
}