{
  "totalServePoints": 36,
  "firstServeIn": 23,
  "firstServeInPct": 0.6388888888888888,
  "firstServeWon": 11,
  "firstServeWinPct": 0.4782608695652174,
  "secondServeTotal": 13,
  "secondServeWon": 5,
  "secondServeWinPct": 0.38461538461538464,
  "aces": 1,
  "acePct": 0.027777777777777776,
  "doubleFaults": 0,
  "doubleFaultPct": 0
}