{
  "totalServePoints": 489,
  "firstServeIn": 312,
  "firstServeInPct": 0.6380368098159509,
  "firstServeWon": 211,
  "firstServeWinPct": 0.6762820512820513,
  "secondServeTotal": 177,
  "secondServeWon": 85,
  "secondServeWinPct": 0.480225988700565,
  "aces": 33,
  "acePct": 0.06748466257668712,
  "doubleFaults": 0,
  "doubleFaultPct": 0
}