{
  "totalServePoints": 1977,
  "firstServeIn": 1262,
  "firstServeInPct": 0.6383409205867476,
  "firstServeWon": 927,
  "firstServeWinPct": 0.7345483359746434,
  "secondServeTotal": 715,
  "secondServeWon": 367,
  "secondServeWinPct": 0.5132867132867133,
  "aces": 112,
  "acePct": 0.05665149215983814,
  "doubleFaults": 0,
  "doubleFaultPct": 0
}