{
  "wins": [],
  "losses": [
    {
      "shotType": "FOREHAND",
      "total": 26,
      "winnerRate": 0.34615384615384615,
      "adjustedEffectiveness": -0.04988575780654991
    },
    {
      "shotType": "SERVE",
      "total": 50,
      "winnerRate": 0.56,
      "adjustedEffectiveness": 0.163960396039604
    }
  ]
}