{
  "totalServePoints": 395,
  "firstServeIn": 238,
  "firstServeInPct": 0.6025316455696202,
  "firstServeWon": 157,
  "firstServeWinPct": 0.6596638655462185,
  "secondServeTotal": 157,
  "secondServeWon": 72,
  "secondServeWinPct": 0.4585987261146497,
  "aces": 25,
  "acePct": 0.06329113924050633,
  "doubleFaults": 0,
  "doubleFaultPct": 0
}