{
  "totalServePoints": 1091,
  "firstServeIn": 664,
  "firstServeInPct": 0.608615948670944,
  "firstServeWon": 480,
  "firstServeWinPct": 0.7228915662650602,
  "secondServeTotal": 427,
  "secondServeWon": 219,
  "secondServeWinPct": 0.5128805620608899,
  "aces": 115,
  "acePct": 0.10540788267644363,
  "doubleFaults": 0,
  "doubleFaultPct": 0
}