{
  "totalServePoints": 79,
  "firstServeIn": 46,
  "firstServeInPct": 0.5822784810126582,
  "firstServeWon": 32,
  "firstServeWinPct": 0.6956521739130435,
  "secondServeTotal": 33,
  "secondServeWon": 21,
  "secondServeWinPct": 0.6363636363636364,
  "aces": 6,
  "acePct": 0.0759493670886076,
  "doubleFaults": 0,
  "doubleFaultPct": 0
}