{
  "wins": [
    {
      "shotType": "BACKHAND",
      "total": 31,
      "winnerRate": 0.3225806451612903,
      "adjustedEffectiveness": -0.05741935483870969
    },
    {
      "shotType": "FOREHAND",
      "total": 45,
      "winnerRate": 0.5555555555555556,
      "adjustedEffectiveness": 0.17555555555555558
    },
    {
      "shotType": "SERVE",
      "total": 50,
      "winnerRate": 0.5,
      "adjustedEffectiveness": 0.12
    }
  ],
  "losses": []
}