{
  "totalServePoints": 360,
  "firstServeIn": 197,
  "firstServeInPct": 0.5472222222222223,
  "firstServeWon": 148,
  "firstServeWinPct": 0.751269035532995,
  "secondServeTotal": 163,
  "secondServeWon": 72,
  "secondServeWinPct": 0.44171779141104295,
  "aces": 38,
  "acePct": 0.10555555555555556,
  "doubleFaults": 0,
  "doubleFaultPct": 0
}