{
  "wins": [
    {
      "shotType": "BACKHAND",
      "total": 51,
      "winnerRate": 0.47058823529411764,
      "adjustedEffectiveness": 0.0887700534759358
    },
    {
      "shotType": "FOREHAND",
      "total": 61,
      "winnerRate": 0.5081967213114754,
      "adjustedEffectiveness": 0.12637853949329358
    },
    {
      "shotType": "SERVE",
      "total": 55,
      "winnerRate": 0.36363636363636365,
      "adjustedEffectiveness": -0.018181818181818188
    }
  ],
  "losses": []
}