{
  "totalServePoints": 239,
  "firstServeIn": 149,
  "firstServeInPct": 0.6234309623430963,
  "firstServeWon": 119,
  "firstServeWinPct": 0.7986577181208053,
  "secondServeTotal": 90,
  "secondServeWon": 47,
  "secondServeWinPct": 0.5222222222222223,
  "aces": 41,
  "acePct": 0.17154811715481172,
  "doubleFaults": 0,
  "doubleFaultPct": 0
}