{
  "totalServePoints": 141,
  "firstServeIn": 93,
  "firstServeInPct": 0.6595744680851063,
  "firstServeWon": 64,
  "firstServeWinPct": 0.6881720430107527,
  "secondServeTotal": 48,
  "secondServeWon": 25,
  "secondServeWinPct": 0.5208333333333334,
  "aces": 6,
  "acePct": 0.0425531914893617,
  "doubleFaults": 0,
  "doubleFaultPct": 0
}