{
  "totalServePoints": 208,
  "firstServeIn": 129,
  "firstServeInPct": 0.6201923076923077,
  "firstServeWon": 90,
  "firstServeWinPct": 0.6976744186046512,
  "secondServeTotal": 79,
  "secondServeWon": 50,
  "secondServeWinPct": 0.6329113924050633,
  "aces": 17,
  "acePct": 0.08173076923076923,
  "doubleFaults": 0,
  "doubleFaultPct": 0
}