{
  "totalServePoints": 94,
  "firstServeIn": 53,
  "firstServeInPct": 0.5638297872340425,
  "firstServeWon": 31,
  "firstServeWinPct": 0.5849056603773585,
  "secondServeTotal": 41,
  "secondServeWon": 17,
  "secondServeWinPct": 0.4146341463414634,
  "aces": 9,
  "acePct": 0.09574468085106383,
  "doubleFaults": 0,
  "doubleFaultPct": 0
}