{
  "winning": [
    {
      "sequence": [
        "FOREHAND_RIGHT_DEEP",
        "FOREHAND_RIGHT_DEEP"
      ],
      "total": 18,
      "winnerRate": 0.5555555555555556,
      "uplift": 0.1550517772180241,
      "rankScore": 0.4481572778825848
    }
  ],
  "losing": [
    {
      "sequence": [
        "BACKHAND_LEFT_DEEP",
        "BACKHAND_LEFT_DEEP"
      ],
      "total": 15,
      "winnerRate": 0.06666666666666667,
      "uplift": -0.33383711167086483,
      "rankScore": -0.9040476573956665
    }
  ]
}