{
  "totalServePoints": 189,
  "firstServeIn": 117,
  "firstServeInPct": 0.6190476190476191,
  "firstServeWon": 81,
  "firstServeWinPct": 0.6923076923076923,
  "secondServeTotal": 72,
  "secondServeWon": 46,
  "secondServeWinPct": 0.6388888888888888,
  "aces": 5,
  "acePct": 0.026455026455026454,
  "doubleFaults": 0,
  "doubleFaultPct": 0
}