{
  "totalServePoints": 328,
  "firstServeIn": 217,
  "firstServeInPct": 0.6615853658536586,
  "firstServeWon": 166,
  "firstServeWinPct": 0.7649769585253456,
  "secondServeTotal": 111,
  "secondServeWon": 62,
  "secondServeWinPct": 0.5585585585585585,
  "aces": 33,
  "acePct": 0.10060975609756098,
  "doubleFaults": 0,
  "doubleFaultPct": 0
}