{
  "totalServePoints": 7600,
  "firstServeIn": 4835,
  "firstServeInPct": 0.6361842105263158,
  "firstServeWon": 3662,
  "firstServeWinPct": 0.7573940020682524,
  "secondServeTotal": 2765,
  "secondServeWon": 1336,
  "secondServeWinPct": 0.48318264014466544,
  "aces": 909,
  "acePct": 0.11960526315789474,
  "doubleFaults": 0,
  "doubleFaultPct": 0
}