{
  "winning": [
    {
      "sequence": [
        "BACKHAND_CENTER",
        "BACKHAND_CENTER"
      ],
      "total": 26,
      "winnerRate": 0.4230769230769231,
      "uplift": 0.09388437649307213,
      "rankScore": 0.30588436202638375
    },
    {
      "sequence": [
        "T",
        "BACKHAND_CENTER"
      ],
      "total": 21,
      "winnerRate": 0.38095238095238093,
      "uplift": 0.05175983436852999,
      "rankScore": 0.15758397710783753
    }
  ],
  "losing": [
    {
      "sequence": [
        "FOREHAND_RIGHT",
        "FOREHAND_RIGHT"
      ],
      "total": 20,
      "winnerRate": 0.2,
      "uplift": -0.12919254658385093,
      "rankScore": -0.3870262813038696
    }
  ]
}