{
  "wins": [],
  "losses": [
    {
      "shotType": "BACKHAND",
      "total": 37,
      "winnerRate": 0.2972972972972973,
      "adjustedEffectiveness": -0.13781720651949658
    },
    {
      "shotType": "FOREHAND",
      "total": 56,
      "winnerRate": 0.44642857142857145,
      "adjustedEffectiveness": 0.011314067611777556
    },
    {
      "shotType": "SERVE",
      "total": 65,
      "winnerRate": 0.5230769230769231,
      "adjustedEffectiveness": 0.08796241926012921
    }
  ]
}