{
  "totalServePoints": 63,
  "firstServeIn": 32,
  "firstServeInPct": 0.5079365079365079,
  "firstServeWon": 19,
  "firstServeWinPct": 0.59375,
  "secondServeTotal": 31,
  "secondServeWon": 8,
  "secondServeWinPct": 0.25806451612903225,
  "aces": 4,
  "acePct": 0.06349206349206349,
  "doubleFaults": 0,
  "doubleFaultPct": 0
}