{
  "winning": [
    {
      "sequence": [
        "BACKHAND_LEFT",
        "FOREHAND_LEFT"
      ],
      "total": 16,
      "winnerRate": 0.625,
      "uplift": 0.22499999999999998,
      "rankScore": 0.6238324625039507
    }
  ],
  "losing": [
    {
      "sequence": [
        "FOREHAND_LEFT",
        "BACKHAND_LEFT"
      ],
      "total": 22,
      "winnerRate": 0.2727272727272727,
      "uplift": -0.12727272727272732,
      "rankScore": -0.3934054031546949
    }
  ]
}