{
  "totalServePoints": 283,
  "firstServeIn": 146,
  "firstServeInPct": 0.5159010600706714,
  "firstServeWon": 92,
  "firstServeWinPct": 0.6301369863013698,
  "secondServeTotal": 137,
  "secondServeWon": 54,
  "secondServeWinPct": 0.39416058394160586,
  "aces": 15,
  "acePct": 0.053003533568904596,
  "doubleFaults": 0,
  "doubleFaultPct": 0
}