{
  "totalServePoints": 228,
  "firstServeIn": 154,
  "firstServeInPct": 0.6754385964912281,
  "firstServeWon": 99,
  "firstServeWinPct": 0.6428571428571429,
  "secondServeTotal": 74,
  "secondServeWon": 44,
  "secondServeWinPct": 0.5945945945945946,
  "aces": 10,
  "acePct": 0.043859649122807015,
  "doubleFaults": 0,
  "doubleFaultPct": 0
}