{
  "wins": [],
  "losses": [
    {
      "shotType": "BACKHAND",
      "total": 32,
      "winnerRate": 0.25,
      "adjustedEffectiveness": -0.16818181818181815
    },
    {
      "shotType": "BACKHAND_SLICE",
      "total": 19,
      "winnerRate": 0.10526315789473684,
      "adjustedEffectiveness": -0.3129186602870813
    },
    {
      "shotType": "FOREHAND",
      "total": 50,
      "winnerRate": 0.2,
      "adjustedEffectiveness": -0.21818181818181814
    },
    {
      "shotType": "SERVE",
      "total": 55,
      "winnerRate": 0.4727272727272727,
      "adjustedEffectiveness": 0.054545454545454564
    }
  ]
}