{
  "totalServePoints": 239,
  "firstServeIn": 131,
  "firstServeInPct": 0.5481171548117155,
  "firstServeWon": 102,
  "firstServeWinPct": 0.7786259541984732,
  "secondServeTotal": 108,
  "secondServeWon": 51,
  "secondServeWinPct": 0.4722222222222222,
  "aces": 31,
  "acePct": 0.1297071129707113,
  "doubleFaults": 0,
  "doubleFaultPct": 0
}