{
  "totalServePoints": 524,
  "firstServeIn": 336,
  "firstServeInPct": 0.6412213740458015,
  "firstServeWon": 236,
  "firstServeWinPct": 0.7023809523809523,
  "secondServeTotal": 188,
  "secondServeWon": 93,
  "secondServeWinPct": 0.4946808510638298,
  "aces": 49,
  "acePct": 0.09351145038167939,
  "doubleFaults": 0,
  "doubleFaultPct": 0
}