{
  "totalServePoints": 217,
  "firstServeIn": 149,
  "firstServeInPct": 0.6866359447004609,
  "firstServeWon": 89,
  "firstServeWinPct": 0.5973154362416108,
  "secondServeTotal": 68,
  "secondServeWon": 35,
  "secondServeWinPct": 0.5147058823529411,
  "aces": 8,
  "acePct": 0.03686635944700461,
  "doubleFaults": 0,
  "doubleFaultPct": 0
}