{
  "totalServePoints": 1543,
  "firstServeIn": 885,
  "firstServeInPct": 0.5735580038885288,
  "firstServeWon": 667,
  "firstServeWinPct": 0.7536723163841808,
  "secondServeTotal": 658,
  "secondServeWon": 330,
  "secondServeWinPct": 0.5015197568389058,
  "aces": 150,
  "acePct": 0.09721322099805574,
  "doubleFaults": 0,
  "doubleFaultPct": 0
}