{
  "totalServePoints": 691,
  "firstServeIn": 474,
  "firstServeInPct": 0.6859623733719248,
  "firstServeWon": 333,
  "firstServeWinPct": 0.7025316455696202,
  "secondServeTotal": 217,
  "secondServeWon": 105,
  "secondServeWinPct": 0.4838709677419355,
  "aces": 64,
  "acePct": 0.09261939218523878,
  "doubleFaults": 0,
  "doubleFaultPct": 0
}