{
  "wins": [
    {
      "shotType": "BACKHAND",
      "total": 35,
      "winnerRate": 0.37142857142857144,
      "adjustedEffectiveness": 0.0010582010582010914
    },
    {
      "shotType": "BACKHAND_SLICE",
      "total": 33,
      "winnerRate": 0.18181818181818182,
      "adjustedEffectiveness": -0.18855218855218853
    },
    {
      "shotType": "FOREHAND",
      "total": 53,
      "winnerRate": 0.24528301886792453,
      "adjustedEffectiveness": -0.12508735150244582
    },
    {
      "shotType": "SERVE",
      "total": 108,
      "winnerRate": 0.4722222222222222,
      "adjustedEffectiveness": 0.10185185185185186
    }
  ],
  "losses": []
}