{
  "totalServePoints": 129,
  "firstServeIn": 69,
  "firstServeInPct": 0.5348837209302325,
  "firstServeWon": 53,
  "firstServeWinPct": 0.7681159420289855,
  "secondServeTotal": 60,
  "secondServeWon": 27,
  "secondServeWinPct": 0.45,
  "aces": 12,
  "acePct": 0.09302325581395349,
  "doubleFaults": 0,
  "doubleFaultPct": 0
}