{
  "wins": [
    {
      "shotType": "BACKHAND",
      "total": 34,
      "winnerRate": 0.38235294117647056,
      "adjustedEffectiveness": -0.006535947712418333
    },
    {
      "shotType": "FOREHAND",
      "total": 48,
      "winnerRate": 0.5208333333333334,
      "adjustedEffectiveness": 0.13194444444444448
    },
    {
      "shotType": "SERVE",
      "total": 45,
      "winnerRate": 0.4888888888888889,
      "adjustedEffectiveness": 0.09999999999999998
    }
  ],
  "losses": []
}