{
  "totalServePoints": 1749,
  "firstServeIn": 1097,
  "firstServeInPct": 0.6272155517438537,
  "firstServeWon": 795,
  "firstServeWinPct": 0.7247037374658158,
  "secondServeTotal": 652,
  "secondServeWon": 327,
  "secondServeWinPct": 0.5015337423312883,
  "aces": 176,
  "acePct": 0.10062893081761007,
  "doubleFaults": 0,
  "doubleFaultPct": 0
}