{
  "winning": [
    {
      "sequence": [
        "T",
        "BACKHAND_CENTER_BASELINE"
      ],
      "total": 18,
      "winnerRate": 0.4444444444444444,
      "uplift": 0.06005563737522496,
      "rankScore": 0.17358311817180355
    }
  ],
  "losing": []
}