{
  "totalServePoints": 303,
  "firstServeIn": 195,
  "firstServeInPct": 0.6435643564356436,
  "firstServeWon": 135,
  "firstServeWinPct": 0.6923076923076923,
  "secondServeTotal": 108,
  "secondServeWon": 47,
  "secondServeWinPct": 0.4351851851851852,
  "aces": 37,
  "acePct": 0.12211221122112212,
  "doubleFaults": 0,
  "doubleFaultPct": 0
}