{
  "totalServePoints": 641,
  "firstServeIn": 410,
  "firstServeInPct": 0.6396255850234009,
  "firstServeWon": 274,
  "firstServeWinPct": 0.6682926829268293,
  "secondServeTotal": 231,
  "secondServeWon": 112,
  "secondServeWinPct": 0.48484848484848486,
  "aces": 38,
  "acePct": 0.059282371294851796,
  "doubleFaults": 0,
  "doubleFaultPct": 0
}