{
  "totalServePoints": 212,
  "firstServeIn": 119,
  "firstServeInPct": 0.5613207547169812,
  "firstServeWon": 76,
  "firstServeWinPct": 0.6386554621848739,
  "secondServeTotal": 93,
  "secondServeWon": 49,
  "secondServeWinPct": 0.5268817204301075,
  "aces": 9,
  "acePct": 0.04245283018867924,
  "doubleFaults": 0,
  "doubleFaultPct": 0
}