{
  "totalServePoints": 526,
  "firstServeIn": 316,
  "firstServeInPct": 0.6007604562737643,
  "firstServeWon": 212,
  "firstServeWinPct": 0.6708860759493671,
  "secondServeTotal": 210,
  "secondServeWon": 91,
  "secondServeWinPct": 0.43333333333333335,
  "aces": 29,
  "acePct": 0.055133079847908745,
  "doubleFaults": 0,
  "doubleFaultPct": 0
}