{
  "wins": [],
  "losses": [
    {
      "shotType": "BACKHAND",
      "total": 38,
      "winnerRate": 0.23684210526315788,
      "adjustedEffectiveness": -0.1798245614035088
    },
    {
      "shotType": "FOREHAND",
      "total": 44,
      "winnerRate": 0.4090909090909091,
      "adjustedEffectiveness": -0.007575757575757569
    },
    {
      "shotType": "SERVE",
      "total": 48,
      "winnerRate": 0.4166666666666667,
      "adjustedEffectiveness": 0
    }
  ]
}