{
  "totalServePoints": 613,
  "firstServeIn": 365,
  "firstServeInPct": 0.5954323001631321,
  "firstServeWon": 221,
  "firstServeWinPct": 0.6054794520547945,
  "secondServeTotal": 248,
  "secondServeWon": 116,
  "secondServeWinPct": 0.46774193548387094,
  "aces": 16,
  "acePct": 0.026101141924959218,
  "doubleFaults": 0,
  "doubleFaultPct": 0
}