{
  "wins": [
    {
      "shotType": "BACKHAND",
      "total": 21,
      "winnerRate": 0.23809523809523808,
      "adjustedEffectiveness": -0.11556329849012775
    },
    {
      "shotType": "FOREHAND",
      "total": 26,
      "winnerRate": 0.34615384615384615,
      "adjustedEffectiveness": -0.007504690431519689
    },
    {
      "shotType": "SERVE",
      "total": 41,
      "winnerRate": 0.43902439024390244,
      "adjustedEffectiveness": 0.0853658536585366
    }
  ],
  "losses": []
}