{
  "totalServePoints": 48,
  "firstServeIn": 26,
  "firstServeInPct": 0.5416666666666666,
  "firstServeWon": 14,
  "firstServeWinPct": 0.5384615384615384,
  "secondServeTotal": 22,
  "secondServeWon": 6,
  "secondServeWinPct": 0.2727272727272727,
  "aces": 4,
  "acePct": 0.08333333333333333,
  "doubleFaults": 0,
  "doubleFaultPct": 0
}