{
  "totalServePoints": 2888,
  "firstServeIn": 1885,
  "firstServeInPct": 0.6527008310249307,
  "firstServeWon": 1479,
  "firstServeWinPct": 0.7846153846153846,
  "secondServeTotal": 1003,
  "secondServeWon": 549,
  "secondServeWinPct": 0.5473579262213359,
  "aces": 457,
  "acePct": 0.15824099722991689,
  "doubleFaults": 0,
  "doubleFaultPct": 0
}