{
  "totalServePoints": 2163,
  "firstServeIn": 1290,
  "firstServeInPct": 0.5963938973647711,
  "firstServeWon": 859,
  "firstServeWinPct": 0.665891472868217,
  "secondServeTotal": 873,
  "secondServeWon": 462,
  "secondServeWinPct": 0.5292096219931272,
  "aces": 80,
  "acePct": 0.03698566805362922,
  "doubleFaults": 0,
  "doubleFaultPct": 0
}