{
  "totalServePoints": 861,
  "firstServeIn": 590,
  "firstServeInPct": 0.6852497096399536,
  "firstServeWon": 425,
  "firstServeWinPct": 0.7203389830508474,
  "secondServeTotal": 271,
  "secondServeWon": 162,
  "secondServeWinPct": 0.5977859778597786,
  "aces": 30,
  "acePct": 0.03484320557491289,
  "doubleFaults": 0,
  "doubleFaultPct": 0
}