{
  "wins": [],
  "losses": [
    {
      "shotType": "BACKHAND",
      "total": 26,
      "winnerRate": 0.4230769230769231,
      "adjustedEffectiveness": 0.0010585744530698382
    },
    {
      "shotType": "FOREHAND",
      "total": 46,
      "winnerRate": 0.5434782608695652,
      "adjustedEffectiveness": 0.12145991224571195
    },
    {
      "shotType": "SERVE",
      "total": 54,
      "winnerRate": 0.5370370370370371,
      "adjustedEffectiveness": 0.11501868841318386
    }
  ]
}