{
  "totalServePoints": 2513,
  "firstServeIn": 1295,
  "firstServeInPct": 0.5153203342618384,
  "firstServeWon": 959,
  "firstServeWinPct": 0.7405405405405405,
  "secondServeTotal": 1218,
  "secondServeWon": 529,
  "secondServeWinPct": 0.4343185550082102,
  "aces": 284,
  "acePct": 0.11301233585356148,
  "doubleFaults": 0,
  "doubleFaultPct": 0
}