{
  "wins": [],
  "losses": [
    {
      "shotType": "BACKHAND",
      "total": 50,
      "winnerRate": 0.18,
      "adjustedEffectiveness": -0.19383177570093457
    },
    {
      "shotType": "BACKHAND_SLICE",
      "total": 21,
      "winnerRate": 0.3333333333333333,
      "adjustedEffectiveness": -0.04049844236760125
    },
    {
      "shotType": "FOREHAND",
      "total": 57,
      "winnerRate": 0.3508771929824561,
      "adjustedEffectiveness": -0.022954582718478445
    },
    {
      "shotType": "SERVE",
      "total": 53,
      "winnerRate": 0.4339622641509434,
      "adjustedEffectiveness": 0.060130488450008845
    }
  ]
}