{
  "totalServePoints": 45,
  "firstServeIn": 22,
  "firstServeInPct": 0.4888888888888889,
  "firstServeWon": 20,
  "firstServeWinPct": 0.9090909090909091,
  "secondServeTotal": 23,
  "secondServeWon": 12,
  "secondServeWinPct": 0.5217391304347826,
  "aces": 4,
  "acePct": 0.08888888888888889,
  "doubleFaults": 0,
  "doubleFaultPct": 0
}