{
  "totalServePoints": 199,
  "firstServeIn": 120,
  "firstServeInPct": 0.6030150753768844,
  "firstServeWon": 77,
  "firstServeWinPct": 0.6416666666666667,
  "secondServeTotal": 79,
  "secondServeWon": 42,
  "secondServeWinPct": 0.5316455696202531,
  "aces": 3,
  "acePct": 0.01507537688442211,
  "doubleFaults": 0,
  "doubleFaultPct": 0
}