{
  "totalServePoints": 652,
  "firstServeIn": 421,
  "firstServeInPct": 0.6457055214723927,
  "firstServeWon": 299,
  "firstServeWinPct": 0.7102137767220903,
  "secondServeTotal": 231,
  "secondServeWon": 107,
  "secondServeWinPct": 0.46320346320346323,
  "aces": 73,
  "acePct": 0.11196319018404909,
  "doubleFaults": 0,
  "doubleFaultPct": 0
}