{
  "totalServePoints": 46,
  "firstServeIn": 28,
  "firstServeInPct": 0.6086956521739131,
  "firstServeWon": 20,
  "firstServeWinPct": 0.7142857142857143,
  "secondServeTotal": 18,
  "secondServeWon": 7,
  "secondServeWinPct": 0.3888888888888889,
  "aces": 2,
  "acePct": 0.043478260869565216,
  "doubleFaults": 0,
  "doubleFaultPct": 0
}