{
  "totalServePoints": 1464,
  "firstServeIn": 979,
  "firstServeInPct": 0.6687158469945356,
  "firstServeWon": 658,
  "firstServeWinPct": 0.6721144024514811,
  "secondServeTotal": 485,
  "secondServeWon": 233,
  "secondServeWinPct": 0.48041237113402063,
  "aces": 81,
  "acePct": 0.055327868852459015,
  "doubleFaults": 0,
  "doubleFaultPct": 0
}