{
  "totalServePoints": 2113,
  "firstServeIn": 1173,
  "firstServeInPct": 0.5551348793185045,
  "firstServeWon": 839,
  "firstServeWinPct": 0.7152600170502984,
  "secondServeTotal": 940,
  "secondServeWon": 487,
  "secondServeWinPct": 0.5180851063829788,
  "aces": 140,
  "acePct": 0.06625650733554188,
  "doubleFaults": 0,
  "doubleFaultPct": 0
}