{
  "totalServePoints": 39,
  "firstServeIn": 24,
  "firstServeInPct": 0.6153846153846154,
  "firstServeWon": 7,
  "firstServeWinPct": 0.2916666666666667,
  "secondServeTotal": 15,
  "secondServeWon": 4,
  "secondServeWinPct": 0.26666666666666666,
  "aces": 1,
  "acePct": 0.02564102564102564,
  "doubleFaults": 0,
  "doubleFaultPct": 0
}