{
  "wins": [
    {
      "shotType": "BACKHAND",
      "total": 70,
      "winnerRate": 0.37142857142857144,
      "adjustedEffectiveness": 0.005091937765205112
    },
    {
      "shotType": "FOREHAND",
      "total": 76,
      "winnerRate": 0.40789473684210525,
      "adjustedEffectiveness": 0.041558103178738925
    },
    {
      "shotType": "SERVE",
      "total": 101,
      "winnerRate": 0.5148514851485149,
      "adjustedEffectiveness": 0.14851485148514854
    }
  ],
  "losses": []
}