{
  "winning": [
    {
      "sequence": [
        "T",
        "BACKHAND_CENTER"
      ],
      "total": 23,
      "winnerRate": 0.391304347826087,
      "uplift": 0.024967714162720644,
      "rankScore": 0.07828612334218289
    }
  ],
  "losing": []
}