{
  "totalServePoints": 1126,
  "firstServeIn": 653,
  "firstServeInPct": 0.5799289520426287,
  "firstServeWon": 464,
  "firstServeWinPct": 0.7105666156202144,
  "secondServeTotal": 473,
  "secondServeWon": 243,
  "secondServeWinPct": 0.5137420718816068,
  "aces": 39,
  "acePct": 0.03463587921847247,
  "doubleFaults": 0,
  "doubleFaultPct": 0
}