{
  "totalServePoints": 1899,
  "firstServeIn": 1048,
  "firstServeInPct": 0.5518694049499737,
  "firstServeWon": 718,
  "firstServeWinPct": 0.6851145038167938,
  "secondServeTotal": 851,
  "secondServeWon": 426,
  "secondServeWinPct": 0.500587544065805,
  "aces": 136,
  "acePct": 0.07161664033701948,
  "doubleFaults": 0,
  "doubleFaultPct": 0
}