{
  "totalServePoints": 6108,
  "firstServeIn": 3541,
  "firstServeInPct": 0.5797314996725605,
  "firstServeWon": 2492,
  "firstServeWinPct": 0.7037560011296244,
  "secondServeTotal": 2567,
  "secondServeWon": 1225,
  "secondServeWinPct": 0.47721075185040907,
  "aces": 344,
  "acePct": 0.056319580877537655,
  "doubleFaults": 0,
  "doubleFaultPct": 0
}