{
  "totalServePoints": 966,
  "firstServeIn": 554,
  "firstServeInPct": 0.5734989648033126,
  "firstServeWon": 440,
  "firstServeWinPct": 0.7942238267148014,
  "secondServeTotal": 412,
  "secondServeWon": 224,
  "secondServeWinPct": 0.5436893203883495,
  "aces": 130,
  "acePct": 0.13457556935817805,
  "doubleFaults": 0,
  "doubleFaultPct": 0
}