{
  "winning": [
    {
      "sequence": [
        "WIDE",
        "FOREHAND_CENTER_BASELINE"
      ],
      "total": 15,
      "winnerRate": 0.5333333333333333,
      "uplift": 0.14042343673067453,
      "rankScore": 0.3802737160779666
    },
    {
      "sequence": [
        "BACKHAND_LEFT_DEEP",
        "BACKHAND_LEFT_DEEP"
      ],
      "total": 21,
      "winnerRate": 0.42857142857142855,
      "uplift": 0.035661531968769755,
      "rankScore": 0.10857233424251067
    },
    {
      "sequence": [
        "BACKHAND_LEFT",
        "BACKHAND_LEFT"
      ],
      "total": 15,
      "winnerRate": 0.4,
      "uplift": 0.00709010339734123,
      "rankScore": 0.01920035593100538
    }
  ],
  "losing": [
    {
      "sequence": [
        "BACKHAND_LEFT_BASELINE",
        "BACKHAND_LEFT_DEEP"
      ],
      "total": 17,
      "winnerRate": 0.35294117647058826,
      "uplift": -0.039968720132070534,
      "rankScore": -0.11323991122303056
    }
  ]
}