{
  "totalServePoints": 337,
  "firstServeIn": 214,
  "firstServeInPct": 0.6350148367952523,
  "firstServeWon": 157,
  "firstServeWinPct": 0.7336448598130841,
  "secondServeTotal": 123,
  "secondServeWon": 62,
  "secondServeWinPct": 0.5040650406504065,
  "aces": 29,
  "acePct": 0.08605341246290801,
  "doubleFaults": 0,
  "doubleFaultPct": 0
}