{
  "totalServePoints": 604,
  "firstServeIn": 426,
  "firstServeInPct": 0.7052980132450332,
  "firstServeWon": 264,
  "firstServeWinPct": 0.6197183098591549,
  "secondServeTotal": 178,
  "secondServeWon": 87,
  "secondServeWinPct": 0.4887640449438202,
  "aces": 10,
  "acePct": 0.016556291390728478,
  "doubleFaults": 0,
  "doubleFaultPct": 0
}