{
  "winning": [
    {
      "sequence": [
        "WIDE",
        "BACKHAND_CENTER_DEEP"
      ],
      "total": 15,
      "winnerRate": 0.4666666666666667,
      "uplift": 0.06812348248352412,
      "rankScore": 0.18448181043929038
    }
  ],
  "losing": [
    {
      "sequence": [
        "BACKHAND_LEFT",
        "FOREHAND_LEFT"
      ],
      "total": 18,
      "winnerRate": 0.16666666666666666,
      "uplift": -0.2318765175164759,
      "rankScore": -0.6702093375489372
    },
    {
      "sequence": [
        "FOREHAND_LEFT",
        "BACKHAND_LEFT"
      ],
      "total": 25,
      "winnerRate": 0.24,
      "uplift": -0.15854318418314256,
      "rankScore": -0.5103308227647441
    },
    {
      "sequence": [
        "FOREHAND_LEFT",
        "FOREHAND_LEFT"
      ],
      "total": 23,
      "winnerRate": 0.30434782608695654,
      "uplift": -0.09419535809618601,
      "rankScore": -0.29534900047796625
    },
    {
      "sequence": [
        "FOREHAND_RIGHT",
        "BACKHAND_RIGHT"
      ],
      "total": 19,
      "winnerRate": 0.3684210526315789,
      "uplift": -0.030122131551563625,
      "rankScore": -0.08869277827600322
    }
  ]
}