{
  "totalServePoints": 469,
  "firstServeIn": 247,
  "firstServeInPct": 0.5266524520255863,
  "firstServeWon": 171,
  "firstServeWinPct": 0.6923076923076923,
  "secondServeTotal": 222,
  "secondServeWon": 119,
  "secondServeWinPct": 0.536036036036036,
  "aces": 13,
  "acePct": 0.02771855010660981,
  "doubleFaults": 0,
  "doubleFaultPct": 0
}