{
  "wins": [
    {
      "shotType": "BACKHAND",
      "total": 25,
      "winnerRate": 0.36,
      "adjustedEffectiveness": -0.04909090909090913
    },
    {
      "shotType": "BACKHAND_SLICE",
      "total": 18,
      "winnerRate": 0.2222222222222222,
      "adjustedEffectiveness": -0.1868686868686869
    },
    {
      "shotType": "FOREHAND",
      "total": 34,
      "winnerRate": 0.35294117647058826,
      "adjustedEffectiveness": -0.05614973262032086
    },
    {
      "shotType": "SERVE",
      "total": 44,
      "winnerRate": 0.5454545454545454,
      "adjustedEffectiveness": 0.1363636363636363
    }
  ],
  "losses": []
}