{
  "totalServePoints": 173,
  "firstServeIn": 113,
  "firstServeInPct": 0.653179190751445,
  "firstServeWon": 72,
  "firstServeWinPct": 0.6371681415929203,
  "secondServeTotal": 60,
  "secondServeWon": 35,
  "secondServeWinPct": 0.5833333333333334,
  "aces": 5,
  "acePct": 0.028901734104046242,
  "doubleFaults": 0,
  "doubleFaultPct": 0
}