{
  "wins": [],
  "losses": [
    {
      "shotType": "BACKHAND",
      "total": 90,
      "winnerRate": 0.36666666666666664,
      "adjustedEffectiveness": -0.02988505747126441
    },
    {
      "shotType": "BACKHAND_SLICE",
      "total": 19,
      "winnerRate": 0.10526315789473684,
      "adjustedEffectiveness": -0.2912885662431942
    },
    {
      "shotType": "FOREHAND",
      "total": 118,
      "winnerRate": 0.3813559322033898,
      "adjustedEffectiveness": -0.015195791934541236
    },
    {
      "shotType": "SERVE",
      "total": 58,
      "winnerRate": 0.39655172413793105,
      "adjustedEffectiveness": 0
    }
  ]
}