{
  "totalServePoints": 1741,
  "firstServeIn": 1134,
  "firstServeInPct": 0.6513497989661114,
  "firstServeWon": 832,
  "firstServeWinPct": 0.7336860670194003,
  "secondServeTotal": 607,
  "secondServeWon": 329,
  "secondServeWinPct": 0.5420098846787479,
  "aces": 157,
  "acePct": 0.09017805858701895,
  "doubleFaults": 0,
  "doubleFaultPct": 0
}