{
  "totalServePoints": 6975,
  "firstServeIn": 4634,
  "firstServeInPct": 0.6643727598566308,
  "firstServeWon": 3405,
  "firstServeWinPct": 0.7347863616745792,
  "secondServeTotal": 2341,
  "secondServeWon": 1262,
  "secondServeWinPct": 0.5390858607432721,
  "aces": 543,
  "acePct": 0.0778494623655914,
  "doubleFaults": 0,
  "doubleFaultPct": 0
}