{
  "wins": [
    {
      "shotType": "BACKHAND",
      "total": 113,
      "winnerRate": 0.415929203539823,
      "adjustedEffectiveness": 0.024456335322768752
    },
    {
      "shotType": "BACKHAND_SLICE",
      "total": 25,
      "winnerRate": 0.28,
      "adjustedEffectiveness": -0.11147286821705421
    },
    {
      "shotType": "FOREHAND",
      "total": 151,
      "winnerRate": 0.41721854304635764,
      "adjustedEffectiveness": 0.0257456748293034
    },
    {
      "shotType": "SERVE",
      "total": 130,
      "winnerRate": 0.4,
      "adjustedEffectiveness": 0.008527131782945785
    }
  ],
  "losses": []
}