{
  "winning": [
    {
      "sequence": [
        "FOREHAND_RIGHT",
        "FOREHAND_CENTER"
      ],
      "total": 17,
      "winnerRate": 0.47058823529411764,
      "uplift": 0.06974435343757757,
      "rankScore": 0.19760063283191778
    },
    {
      "sequence": [
        "FOREHAND_RIGHT",
        "FOREHAND_RIGHT"
      ],
      "total": 16,
      "winnerRate": 0.4375,
      "uplift": 0.036656118143459926,
      "rankScore": 0.10163233976564602
    },
    {
      "sequence": [
        "FOREHAND_LEFT",
        "BACKHAND_LEFT"
      ],
      "total": 22,
      "winnerRate": 0.4090909090909091,
      "uplift": 0.008247027234369042,
      "rankScore": 0.02549191129543693
    }
  ],
  "losing": [
    {
      "sequence": [
        "BACKHAND_LEFT",
        "BACKHAND_LEFT"
      ],
      "total": 29,
      "winnerRate": 0.27586206896551724,
      "uplift": -0.12498181289102284,
      "rankScore": -0.42085073737209094
    },
    {
      "sequence": [
        "BACKHAND_LEFT",
        "BACKHAND_CENTER"
      ],
      "total": 19,
      "winnerRate": 0.2631578947368421,
      "uplift": -0.13768598711969798,
      "rankScore": -0.4054079873602472
    }
  ]
}