{
  "winning": [
    {
      "sequence": [
        "FOREHAND_RIGHT",
        "FOREHAND_RIGHT"
      ],
      "total": 18,
      "winnerRate": 0.5555555555555556,
      "uplift": 0.08747044917257685,
      "rankScore": 0.2528221159389081
    }
  ],
  "losing": [
    {
      "sequence": [
        "BACKHAND_LEFT",
        "BACKHAND_LEFT",
        "BACKHAND_LEFT",
        "BACKHAND_LEFT"
      ],
      "total": 15,
      "winnerRate": 0.3333333333333333,
      "uplift": -0.13475177304964542,
      "rankScore": -0.36491456610597167
    },
    {
      "sequence": [
        "BACKHAND_LEFT",
        "BACKHAND_LEFT",
        "BACKHAND_LEFT"
      ],
      "total": 23,
      "winnerRate": 0.391304347826087,
      "uplift": -0.07678075855689176,
      "rankScore": -0.24074562434978666
    },
    {
      "sequence": [
        "BACKHAND_LEFT",
        "BACKHAND_LEFT"
      ],
      "total": 39,
      "winnerRate": 0.41025641025641024,
      "uplift": -0.05782869612656849,
      "rankScore": -0.21185899317498236
    }
  ]
}