{
  "totalServePoints": 56,
  "firstServeIn": 34,
  "firstServeInPct": 0.6071428571428571,
  "firstServeWon": 26,
  "firstServeWinPct": 0.7647058823529411,
  "secondServeTotal": 22,
  "secondServeWon": 14,
  "secondServeWinPct": 0.6363636363636364,
  "aces": 4,
  "acePct": 0.07142857142857142,
  "doubleFaults": 0,
  "doubleFaultPct": 0
}