{
  "wins": [],
  "losses": [
    {
      "shotType": "BACKHAND",
      "total": 48,
      "winnerRate": 0.25,
      "adjustedEffectiveness": -0.08526011560693642
    },
    {
      "shotType": "BACKHAND_SLICE",
      "total": 17,
      "winnerRate": 0.11764705882352941,
      "adjustedEffectiveness": -0.217613056783407
    },
    {
      "shotType": "FOREHAND",
      "total": 46,
      "winnerRate": 0.30434782608695654,
      "adjustedEffectiveness": -0.030912289519979874
    },
    {
      "shotType": "SERVE",
      "total": 86,
      "winnerRate": 0.4186046511627907,
      "adjustedEffectiveness": 0.0833445355558543
    }
  ]
}