{
  "totalServePoints": 86,
  "firstServeIn": 58,
  "firstServeInPct": 0.6744186046511628,
  "firstServeWon": 47,
  "firstServeWinPct": 0.8103448275862069,
  "secondServeTotal": 28,
  "secondServeWon": 13,
  "secondServeWinPct": 0.4642857142857143,
  "aces": 7,
  "acePct": 0.08139534883720931,
  "doubleFaults": 0,
  "doubleFaultPct": 0
}