{
  "totalServePoints": 2376,
  "firstServeIn": 1452,
  "firstServeInPct": 0.6111111111111112,
  "firstServeWon": 1001,
  "firstServeWinPct": 0.6893939393939394,
  "secondServeTotal": 924,
  "secondServeWon": 479,
  "secondServeWinPct": 0.5183982683982684,
  "aces": 155,
  "acePct": 0.06523569023569023,
  "doubleFaults": 0,
  "doubleFaultPct": 0
}