{
  "totalServePoints": 2848,
  "firstServeIn": 1861,
  "firstServeInPct": 0.6534410112359551,
  "firstServeWon": 1352,
  "firstServeWinPct": 0.7264911337990327,
  "secondServeTotal": 987,
  "secondServeWon": 496,
  "secondServeWinPct": 0.502532928064843,
  "aces": 268,
  "acePct": 0.09410112359550561,
  "doubleFaults": 0,
  "doubleFaultPct": 0
}