{
  "totalServePoints": 780,
  "firstServeIn": 505,
  "firstServeInPct": 0.6474358974358975,
  "firstServeWon": 349,
  "firstServeWinPct": 0.691089108910891,
  "secondServeTotal": 275,
  "secondServeWon": 130,
  "secondServeWinPct": 0.4727272727272727,
  "aces": 51,
  "acePct": 0.06538461538461539,
  "doubleFaults": 0,
  "doubleFaultPct": 0
}