{
  "winning": [
    {
      "sequence": [
        "FOREHAND_LEFT",
        "BACKHAND_LEFT"
      ],
      "total": 16,
      "winnerRate": 0.4375,
      "uplift": 0.033616504854368956,
      "rankScore": 0.09320474224034223
    }
  ],
  "losing": [
    {
      "sequence": [
        "FOREHAND_RIGHT",
        "FOREHAND_CENTER"
      ],
      "total": 15,
      "winnerRate": 0.4,
      "uplift": -0.003883495145631022,
      "rankScore": -0.010516699810105546
    }
  ]
}