{
  "totalServePoints": 274,
  "firstServeIn": 158,
  "firstServeInPct": 0.5766423357664233,
  "firstServeWon": 103,
  "firstServeWinPct": 0.6518987341772152,
  "secondServeTotal": 116,
  "secondServeWon": 51,
  "secondServeWinPct": 0.4396551724137931,
  "aces": 10,
  "acePct": 0.0364963503649635,
  "doubleFaults": 0,
  "doubleFaultPct": 0
}