{
  "wins": [],
  "losses": [
    {
      "shotType": "BACKHAND",
      "total": 145,
      "winnerRate": 0.3448275862068966,
      "adjustedEffectiveness": -0.04212893553223385
    },
    {
      "shotType": "FOREHAND",
      "total": 186,
      "winnerRate": 0.40860215053763443,
      "adjustedEffectiveness": 0.021645628798504013
    },
    {
      "shotType": "SERVE",
      "total": 115,
      "winnerRate": 0.46956521739130436,
      "adjustedEffectiveness": 0.08260869565217394
    }
  ]
}