{
  "winning": [
    {
      "sequence": [
        "BACKHAND_LEFT_BASELINE",
        "BACKHAND_LEFT_DEEP"
      ],
      "total": 18,
      "winnerRate": 0.4444444444444444,
      "uplift": 0.057487922705314,
      "rankScore": 0.16616146820755726
    },
    {
      "sequence": [
        "BACKHAND_LEFT_DEEP",
        "BACKHAND_LEFT_DEEP"
      ],
      "total": 20,
      "winnerRate": 0.4,
      "uplift": 0.013043478260869601,
      "rankScore": 0.03907476878548694
    }
  ],
  "losing": []
}