{
  "winning": [
    {
      "sequence": [
        "BACKHAND_LEFT",
        "BACKHAND_LEFT"
      ],
      "total": 27,
      "winnerRate": 0.5185185185185185,
      "uplift": 0.15226337448559668,
      "rankScore": 0.5018352429718524
    }
  ],
  "losing": []
}