{
  "totalServePoints": 121,
  "firstServeIn": 70,
  "firstServeInPct": 0.5785123966942148,
  "firstServeWon": 53,
  "firstServeWinPct": 0.7571428571428571,
  "secondServeTotal": 51,
  "secondServeWon": 24,
  "secondServeWinPct": 0.47058823529411764,
  "aces": 5,
  "acePct": 0.04132231404958678,
  "doubleFaults": 0,
  "doubleFaultPct": 0
}