{
  "wins": [
    {
      "shotType": "BACKHAND",
      "total": 82,
      "winnerRate": 0.35365853658536583,
      "adjustedEffectiveness": -0.0455509495806421
    },
    {
      "shotType": "BACKHAND_SLICE",
      "total": 18,
      "winnerRate": 0.3333333333333333,
      "adjustedEffectiveness": -0.06587615283267462
    },
    {
      "shotType": "FOREHAND",
      "total": 146,
      "winnerRate": 0.4178082191780822,
      "adjustedEffectiveness": 0.018598733012074264
    },
    {
      "shotType": "SERVE",
      "total": 127,
      "winnerRate": 0.48031496062992124,
      "adjustedEffectiveness": 0.08110547446391331
    }
  ],
  "losses": []
}