{
  "totalServePoints": 441,
  "firstServeIn": 271,
  "firstServeInPct": 0.6145124716553289,
  "firstServeWon": 168,
  "firstServeWinPct": 0.6199261992619927,
  "secondServeTotal": 170,
  "secondServeWon": 82,
  "secondServeWinPct": 0.4823529411764706,
  "aces": 21,
  "acePct": 0.047619047619047616,
  "doubleFaults": 0,
  "doubleFaultPct": 0
}