{
  "winning": [
    {
      "sequence": [
        "WIDE",
        "FOREHAND_CENTER_BASELINE"
      ],
      "total": 21,
      "winnerRate": 0.5714285714285714,
      "uplift": 0.17383820998278826,
      "rankScore": 0.5292543308262748
    },
    {
      "sequence": [
        "T",
        "FOREHAND_CENTER_BASELINE"
      ],
      "total": 18,
      "winnerRate": 0.4444444444444444,
      "uplift": 0.046854082998661284,
      "rankScore": 0.1354257182414534
    }
  ],
  "losing": []
}