{
  "totalServePoints": 470,
  "firstServeIn": 263,
  "firstServeInPct": 0.5595744680851064,
  "firstServeWon": 186,
  "firstServeWinPct": 0.7072243346007605,
  "secondServeTotal": 207,
  "secondServeWon": 106,
  "secondServeWinPct": 0.5120772946859904,
  "aces": 52,
  "acePct": 0.11063829787234042,
  "doubleFaults": 0,
  "doubleFaultPct": 0
}