{
  "totalServePoints": 287,
  "firstServeIn": 168,
  "firstServeInPct": 0.5853658536585366,
  "firstServeWon": 125,
  "firstServeWinPct": 0.7440476190476191,
  "secondServeTotal": 119,
  "secondServeWon": 58,
  "secondServeWinPct": 0.48739495798319327,
  "aces": 19,
  "acePct": 0.06620209059233449,
  "doubleFaults": 0,
  "doubleFaultPct": 0
}