{
  "totalServePoints": 520,
  "firstServeIn": 343,
  "firstServeInPct": 0.6596153846153846,
  "firstServeWon": 263,
  "firstServeWinPct": 0.7667638483965015,
  "secondServeTotal": 177,
  "secondServeWon": 94,
  "secondServeWinPct": 0.5310734463276836,
  "aces": 72,
  "acePct": 0.13846153846153847,
  "doubleFaults": 0,
  "doubleFaultPct": 0
}