{
  "winning": [
    {
      "sequence": [
        "FOREHAND_LEFT",
        "BACKHAND_SLICE_LEFT"
      ],
      "total": 21,
      "winnerRate": 0.38095238095238093,
      "uplift": 0.03647077560121037,
      "rankScore": 0.11103609463906093
    },
    {
      "sequence": [
        "FOREHAND_RIGHT",
        "FOREHAND_RIGHT"
      ],
      "total": 17,
      "winnerRate": 0.35294117647058826,
      "uplift": 0.008459571119417697,
      "rankScore": 0.023967769780526803
    }
  ],
  "losing": [
    {
      "sequence": [
        "FOREHAND_LEFT",
        "BACKHAND_LEFT"
      ],
      "total": 21,
      "winnerRate": 0.14285714285714285,
      "uplift": -0.2016244624940277,
      "rankScore": -0.6138502000569921
    },
    {
      "sequence": [
        "BACKHAND_LEFT",
        "BACKHAND_LEFT"
      ],
      "total": 19,
      "winnerRate": 0.15789473684210525,
      "uplift": -0.1865868685090653,
      "rankScore": -0.5493936486386951
    }
  ]
}