{
  "wins": [],
  "losses": [
    {
      "shotType": "BACKHAND",
      "total": 23,
      "winnerRate": 0.43478260869565216,
      "adjustedEffectiveness": 0.14066496163682862
    },
    {
      "shotType": "FOREHAND",
      "total": 55,
      "winnerRate": 0.2545454545454545,
      "adjustedEffectiveness": -0.03957219251336902
    },
    {
      "shotType": "SERVE",
      "total": 76,
      "winnerRate": 0.3684210526315789,
      "adjustedEffectiveness": 0.07430340557275539
    }
  ]
}