{
  "totalServePoints": 633,
  "firstServeIn": 343,
  "firstServeInPct": 0.5418641390205371,
  "firstServeWon": 232,
  "firstServeWinPct": 0.6763848396501457,
  "secondServeTotal": 290,
  "secondServeWon": 144,
  "secondServeWinPct": 0.496551724137931,
  "aces": 36,
  "acePct": 0.05687203791469194,
  "doubleFaults": 0,
  "doubleFaultPct": 0
}