{
  "totalServePoints": 2159,
  "firstServeIn": 1178,
  "firstServeInPct": 0.5456229735988883,
  "firstServeWon": 802,
  "firstServeWinPct": 0.6808149405772496,
  "secondServeTotal": 981,
  "secondServeWon": 469,
  "secondServeWinPct": 0.4780835881753313,
  "aces": 168,
  "acePct": 0.0778138026864289,
  "doubleFaults": 0,
  "doubleFaultPct": 0
}