{
  "totalServePoints": 57,
  "firstServeIn": 40,
  "firstServeInPct": 0.7017543859649122,
  "firstServeWon": 29,
  "firstServeWinPct": 0.725,
  "secondServeTotal": 17,
  "secondServeWon": 8,
  "secondServeWinPct": 0.47058823529411764,
  "aces": 1,
  "acePct": 0.017543859649122806,
  "doubleFaults": 0,
  "doubleFaultPct": 0
}