{
  "totalServePoints": 408,
  "firstServeIn": 282,
  "firstServeInPct": 0.6911764705882353,
  "firstServeWon": 187,
  "firstServeWinPct": 0.6631205673758865,
  "secondServeTotal": 126,
  "secondServeWon": 80,
  "secondServeWinPct": 0.6349206349206349,
  "aces": 16,
  "acePct": 0.0392156862745098,
  "doubleFaults": 0,
  "doubleFaultPct": 0
}