{
  "wins": [
    {
      "shotType": "BACKHAND",
      "total": 149,
      "winnerRate": 0.3691275167785235,
      "adjustedEffectiveness": -0.04585807399957448
    },
    {
      "shotType": "BACKHAND_SLICE",
      "total": 30,
      "winnerRate": 0.23333333333333334,
      "adjustedEffectiveness": -0.18165225744476465
    },
    {
      "shotType": "FOREHAND",
      "total": 176,
      "winnerRate": 0.4318181818181818,
      "adjustedEffectiveness": 0.016832591040083833
    },
    {
      "shotType": "SERVE",
      "total": 174,
      "winnerRate": 0.5,
      "adjustedEffectiveness": 0.08501440922190201
    }
  ],
  "losses": []
}