{
  "totalServePoints": 186,
  "firstServeIn": 120,
  "firstServeInPct": 0.6451612903225806,
  "firstServeWon": 75,
  "firstServeWinPct": 0.625,
  "secondServeTotal": 66,
  "secondServeWon": 34,
  "secondServeWinPct": 0.5151515151515151,
  "aces": 15,
  "acePct": 0.08064516129032258,
  "doubleFaults": 0,
  "doubleFaultPct": 0
}