{
  "totalServePoints": 1173,
  "firstServeIn": 781,
  "firstServeInPct": 0.6658141517476556,
  "firstServeWon": 591,
  "firstServeWinPct": 0.7567221510883483,
  "secondServeTotal": 392,
  "secondServeWon": 200,
  "secondServeWinPct": 0.5102040816326531,
  "aces": 108,
  "acePct": 0.09207161125319693,
  "doubleFaults": 0,
  "doubleFaultPct": 0
}