{
  "totalServePoints": 672,
  "firstServeIn": 413,
  "firstServeInPct": 0.6145833333333334,
  "firstServeWon": 296,
  "firstServeWinPct": 0.7167070217917676,
  "secondServeTotal": 259,
  "secondServeWon": 136,
  "secondServeWinPct": 0.525096525096525,
  "aces": 76,
  "acePct": 0.1130952380952381,
  "doubleFaults": 0,
  "doubleFaultPct": 0
}