{
  "totalServePoints": 127,
  "firstServeIn": 89,
  "firstServeInPct": 0.7007874015748031,
  "firstServeWon": 60,
  "firstServeWinPct": 0.6741573033707865,
  "secondServeTotal": 38,
  "secondServeWon": 14,
  "secondServeWinPct": 0.3684210526315789,
  "aces": 3,
  "acePct": 0.023622047244094488,
  "doubleFaults": 0,
  "doubleFaultPct": 0
}