{
  "wins": [],
  "losses": [
    {
      "shotType": "BACKHAND",
      "total": 47,
      "winnerRate": 0.2553191489361702,
      "adjustedEffectiveness": -0.13064576334453154
    },
    {
      "shotType": "FOREHAND",
      "total": 63,
      "winnerRate": 0.2698412698412698,
      "adjustedEffectiveness": -0.1161236424394319
    },
    {
      "shotType": "SERVE",
      "total": 85,
      "winnerRate": 0.47058823529411764,
      "adjustedEffectiveness": 0.08462332301341591
    }
  ]
}