{
  "totalServePoints": 78,
  "firstServeIn": 49,
  "firstServeInPct": 0.6282051282051282,
  "firstServeWon": 31,
  "firstServeWinPct": 0.6326530612244898,
  "secondServeTotal": 29,
  "secondServeWon": 12,
  "secondServeWinPct": 0.41379310344827586,
  "aces": 4,
  "acePct": 0.05128205128205128,
  "doubleFaults": 0,
  "doubleFaultPct": 0
}