{
  "winning": [
    {
      "sequence": [
        "FOREHAND_LEFT",
        "BACKHAND_LEFT"
      ],
      "total": 15,
      "winnerRate": 0.4666666666666667,
      "uplift": 0.03563218390804601,
      "rankScore": 0.09649374279789494
    }
  ],
  "losing": [
    {
      "sequence": [
        "FOREHAND_RIGHT",
        "FOREHAND_CENTER"
      ],
      "total": 21,
      "winnerRate": 0.38095238095238093,
      "uplift": -0.05008210180623973,
      "rankScore": -0.15247608267744564
    }
  ]
}