{
  "totalServePoints": 446,
  "firstServeIn": 300,
  "firstServeInPct": 0.672645739910314,
  "firstServeWon": 211,
  "firstServeWinPct": 0.7033333333333334,
  "secondServeTotal": 146,
  "secondServeWon": 62,
  "secondServeWinPct": 0.4246575342465753,
  "aces": 44,
  "acePct": 0.09865470852017937,
  "doubleFaults": 0,
  "doubleFaultPct": 0
}