{
  "totalServePoints": 3320,
  "firstServeIn": 1947,
  "firstServeInPct": 0.5864457831325302,
  "firstServeWon": 1297,
  "firstServeWinPct": 0.6661530559835644,
  "secondServeTotal": 1373,
  "secondServeWon": 643,
  "secondServeWinPct": 0.46831755280407866,
  "aces": 131,
  "acePct": 0.0394578313253012,
  "doubleFaults": 0,
  "doubleFaultPct": 0
}