{
  "totalServePoints": 448,
  "firstServeIn": 251,
  "firstServeInPct": 0.5602678571428571,
  "firstServeWon": 192,
  "firstServeWinPct": 0.7649402390438247,
  "secondServeTotal": 197,
  "secondServeWon": 109,
  "secondServeWinPct": 0.5532994923857868,
  "aces": 48,
  "acePct": 0.10714285714285714,
  "doubleFaults": 0,
  "doubleFaultPct": 0
}