{
  "totalServePoints": 169,
  "firstServeIn": 99,
  "firstServeInPct": 0.5857988165680473,
  "firstServeWon": 78,
  "firstServeWinPct": 0.7878787878787878,
  "secondServeTotal": 70,
  "secondServeWon": 36,
  "secondServeWinPct": 0.5142857142857142,
  "aces": 23,
  "acePct": 0.13609467455621302,
  "doubleFaults": 0,
  "doubleFaultPct": 0
}