{
  "totalServePoints": 1774,
  "firstServeIn": 1109,
  "firstServeInPct": 0.625140924464487,
  "firstServeWon": 786,
  "firstServeWinPct": 0.7087466185752931,
  "secondServeTotal": 665,
  "secondServeWon": 364,
  "secondServeWinPct": 0.5473684210526316,
  "aces": 109,
  "acePct": 0.06144306651634724,
  "doubleFaults": 0,
  "doubleFaultPct": 0
}