{
  "wins": [
    {
      "shotType": "BACKHAND",
      "total": 78,
      "winnerRate": 0.24358974358974358,
      "adjustedEffectiveness": -0.08575157377552586
    },
    {
      "shotType": "BACKHAND_SLICE",
      "total": 20,
      "winnerRate": 0.1,
      "adjustedEffectiveness": -0.22934131736526944
    },
    {
      "shotType": "FOREHAND",
      "total": 100,
      "winnerRate": 0.21,
      "adjustedEffectiveness": -0.11934131736526946
    },
    {
      "shotType": "SERVE",
      "total": 84,
      "winnerRate": 0.36904761904761907,
      "adjustedEffectiveness": 0.03970630168234962
    }
  ],
  "losses": []
}