{
  "totalServePoints": 81,
  "firstServeIn": 45,
  "firstServeInPct": 0.5555555555555556,
  "firstServeWon": 33,
  "firstServeWinPct": 0.7333333333333333,
  "secondServeTotal": 36,
  "secondServeWon": 16,
  "secondServeWinPct": 0.4444444444444444,
  "aces": 9,
  "acePct": 0.1111111111111111,
  "doubleFaults": 0,
  "doubleFaultPct": 0
}