{
  "totalServePoints": 51,
  "firstServeIn": 23,
  "firstServeInPct": 0.45098039215686275,
  "firstServeWon": 19,
  "firstServeWinPct": 0.8260869565217391,
  "secondServeTotal": 28,
  "secondServeWon": 18,
  "secondServeWinPct": 0.6428571428571429,
  "aces": 2,
  "acePct": 0.0392156862745098,
  "doubleFaults": 0,
  "doubleFaultPct": 0
}