{
  "totalServePoints": 433,
  "firstServeIn": 261,
  "firstServeInPct": 0.6027713625866051,
  "firstServeWon": 191,
  "firstServeWinPct": 0.7318007662835249,
  "secondServeTotal": 172,
  "secondServeWon": 82,
  "secondServeWinPct": 0.47674418604651164,
  "aces": 16,
  "acePct": 0.03695150115473441,
  "doubleFaults": 0,
  "doubleFaultPct": 0
}