{
  "totalServePoints": 53,
  "firstServeIn": 39,
  "firstServeInPct": 0.7358490566037735,
  "firstServeWon": 28,
  "firstServeWinPct": 0.717948717948718,
  "secondServeTotal": 14,
  "secondServeWon": 9,
  "secondServeWinPct": 0.6428571428571429,
  "aces": 4,
  "acePct": 0.07547169811320754,
  "doubleFaults": 0,
  "doubleFaultPct": 0
}