{
  "totalServePoints": 176,
  "firstServeIn": 128,
  "firstServeInPct": 0.7272727272727273,
  "firstServeWon": 77,
  "firstServeWinPct": 0.6015625,
  "secondServeTotal": 48,
  "secondServeWon": 20,
  "secondServeWinPct": 0.4166666666666667,
  "aces": 6,
  "acePct": 0.03409090909090909,
  "doubleFaults": 0,
  "doubleFaultPct": 0
}