{
  "totalServePoints": 53,
  "firstServeIn": 31,
  "firstServeInPct": 0.5849056603773585,
  "firstServeWon": 20,
  "firstServeWinPct": 0.6451612903225806,
  "secondServeTotal": 22,
  "secondServeWon": 10,
  "secondServeWinPct": 0.45454545454545453,
  "aces": 3,
  "acePct": 0.05660377358490566,
  "doubleFaults": 0,
  "doubleFaultPct": 0
}