{
  "totalServePoints": 828,
  "firstServeIn": 535,
  "firstServeInPct": 0.6461352657004831,
  "firstServeWon": 417,
  "firstServeWinPct": 0.7794392523364486,
  "secondServeTotal": 293,
  "secondServeWon": 147,
  "secondServeWinPct": 0.5017064846416383,
  "aces": 97,
  "acePct": 0.11714975845410629,
  "doubleFaults": 0,
  "doubleFaultPct": 0
}