{
  "winning": [
    {
      "sequence": [
        "BACKHAND_LEFT",
        "BACKHAND_LEFT"
      ],
      "total": 16,
      "winnerRate": 0.5,
      "uplift": 0.12280701754385964,
      "rankScore": 0.3404933518540082
    }
  ],
  "losing": [
    {
      "sequence": [
        "FOREHAND_RIGHT",
        "FOREHAND_RIGHT"
      ],
      "total": 19,
      "winnerRate": 0.2631578947368421,
      "uplift": -0.11403508771929827,
      "rankScore": -0.33576935727336604
    }
  ]
}