{
  "totalServePoints": 259,
  "firstServeIn": 159,
  "firstServeInPct": 0.6138996138996139,
  "firstServeWon": 121,
  "firstServeWinPct": 0.7610062893081762,
  "secondServeTotal": 100,
  "secondServeWon": 43,
  "secondServeWinPct": 0.43,
  "aces": 24,
  "acePct": 0.09266409266409266,
  "doubleFaults": 0,
  "doubleFaultPct": 0
}