{
  "totalServePoints": 126,
  "firstServeIn": 78,
  "firstServeInPct": 0.6190476190476191,
  "firstServeWon": 57,
  "firstServeWinPct": 0.7307692307692307,
  "secondServeTotal": 48,
  "secondServeWon": 17,
  "secondServeWinPct": 0.3541666666666667,
  "aces": 13,
  "acePct": 0.10317460317460317,
  "doubleFaults": 0,
  "doubleFaultPct": 0
}