{
  "totalServePoints": 1563,
  "firstServeIn": 1038,
  "firstServeInPct": 0.6641074856046065,
  "firstServeWon": 715,
  "firstServeWinPct": 0.6888246628131022,
  "secondServeTotal": 525,
  "secondServeWon": 267,
  "secondServeWinPct": 0.5085714285714286,
  "aces": 65,
  "acePct": 0.04158669225847729,
  "doubleFaults": 0,
  "doubleFaultPct": 0
}