{
  "totalServePoints": 1746,
  "firstServeIn": 1126,
  "firstServeInPct": 0.6449026345933563,
  "firstServeWon": 886,
  "firstServeWinPct": 0.7868561278863233,
  "secondServeTotal": 620,
  "secondServeWon": 332,
  "secondServeWinPct": 0.535483870967742,
  "aces": 273,
  "acePct": 0.1563573883161512,
  "doubleFaults": 0,
  "doubleFaultPct": 0
}