{
  "totalServePoints": 1054,
  "firstServeIn": 697,
  "firstServeInPct": 0.6612903225806451,
  "firstServeWon": 463,
  "firstServeWinPct": 0.6642754662840746,
  "secondServeTotal": 357,
  "secondServeWon": 164,
  "secondServeWinPct": 0.45938375350140054,
  "aces": 29,
  "acePct": 0.027514231499051234,
  "doubleFaults": 0,
  "doubleFaultPct": 0
}