{
  "winning": [],
  "losing": [
    {
      "sequence": [
        "FOREHAND_RIGHT",
        "FOREHAND_CENTER"
      ],
      "total": 15,
      "winnerRate": 0.3333333333333333,
      "uplift": -0.06862745098039219,
      "rankScore": -0.18584658242858312
    },
    {
      "sequence": [
        "FOREHAND_RIGHT",
        "FOREHAND_RIGHT"
      ],
      "total": 27,
      "winnerRate": 0.37037037037037035,
      "uplift": -0.031590413943355156,
      "rankScore": -0.10411685088684712
    }
  ]
}