{
  "winning": [
    {
      "sequence": [
        "BACKHAND_LEFT_DEEP",
        "BACKHAND_LEFT_DEEP"
      ],
      "total": 15,
      "winnerRate": 0.6666666666666666,
      "uplift": 0.27184466019417475,
      "rankScore": 0.7361689867073968
    }
  ],
  "losing": []
}