{
  "totalServePoints": 262,
  "firstServeIn": 178,
  "firstServeInPct": 0.6793893129770993,
  "firstServeWon": 115,
  "firstServeWinPct": 0.6460674157303371,
  "secondServeTotal": 84,
  "secondServeWon": 39,
  "secondServeWinPct": 0.4642857142857143,
  "aces": 22,
  "acePct": 0.08396946564885496,
  "doubleFaults": 0,
  "doubleFaultPct": 0
}