{
  "totalServePoints": 2963,
  "firstServeIn": 1950,
  "firstServeInPct": 0.6581167735403307,
  "firstServeWon": 1557,
  "firstServeWinPct": 0.7984615384615384,
  "secondServeTotal": 1013,
  "secondServeWon": 565,
  "secondServeWinPct": 0.5577492596248766,
  "aces": 711,
  "acePct": 0.23995950050624368,
  "doubleFaults": 0,
  "doubleFaultPct": 0
}