{
  "totalServePoints": 185,
  "firstServeIn": 98,
  "firstServeInPct": 0.5297297297297298,
  "firstServeWon": 71,
  "firstServeWinPct": 0.7244897959183674,
  "secondServeTotal": 87,
  "secondServeWon": 37,
  "secondServeWinPct": 0.42528735632183906,
  "aces": 9,
  "acePct": 0.04864864864864865,
  "doubleFaults": 0,
  "doubleFaultPct": 0
}