{
  "winning": [],
  "losing": [
    {
      "sequence": [
        "FOREHAND_RIGHT",
        "FOREHAND_RIGHT"
      ],
      "total": 15,
      "winnerRate": 0.3333333333333333,
      "uplift": -0.07482993197278914,
      "rankScore": -0.20264321232737634
    }
  ]
}