{
  "totalServePoints": 95,
  "firstServeIn": 42,
  "firstServeInPct": 0.4421052631578947,
  "firstServeWon": 29,
  "firstServeWinPct": 0.6904761904761905,
  "secondServeTotal": 53,
  "secondServeWon": 24,
  "secondServeWinPct": 0.4528301886792453,
  "aces": 4,
  "acePct": 0.042105263157894736,
  "doubleFaults": 0,
  "doubleFaultPct": 0
}