{
  "totalServePoints": 2265,
  "firstServeIn": 1393,
  "firstServeInPct": 0.6150110375275938,
  "firstServeWon": 1006,
  "firstServeWinPct": 0.7221823402727925,
  "secondServeTotal": 872,
  "secondServeWon": 429,
  "secondServeWinPct": 0.4919724770642202,
  "aces": 214,
  "acePct": 0.09448123620309051,
  "doubleFaults": 0,
  "doubleFaultPct": 0
}