{
  "totalServePoints": 2023,
  "firstServeIn": 1433,
  "firstServeInPct": 0.708353929807217,
  "firstServeWon": 901,
  "firstServeWinPct": 0.6287508722958828,
  "secondServeTotal": 590,
  "secondServeWon": 279,
  "secondServeWinPct": 0.4728813559322034,
  "aces": 51,
  "acePct": 0.025210084033613446,
  "doubleFaults": 0,
  "doubleFaultPct": 0
}