{
  "totalServePoints": 651,
  "firstServeIn": 439,
  "firstServeInPct": 0.674347158218126,
  "firstServeWon": 297,
  "firstServeWinPct": 0.6765375854214123,
  "secondServeTotal": 212,
  "secondServeWon": 116,
  "secondServeWinPct": 0.5471698113207547,
  "aces": 28,
  "acePct": 0.043010752688172046,
  "doubleFaults": 0,
  "doubleFaultPct": 0
}