{
  "totalServePoints": 833,
  "firstServeIn": 500,
  "firstServeInPct": 0.6002400960384153,
  "firstServeWon": 351,
  "firstServeWinPct": 0.702,
  "secondServeTotal": 333,
  "secondServeWon": 170,
  "secondServeWinPct": 0.5105105105105106,
  "aces": 46,
  "acePct": 0.055222088835534214,
  "doubleFaults": 0,
  "doubleFaultPct": 0
}