{
  "wins": [
    {
      "shotType": "BACKHAND",
      "total": 134,
      "winnerRate": 0.373134328358209,
      "adjustedEffectiveness": 0.005188504430443719
    },
    {
      "shotType": "BACKHAND_SLICE",
      "total": 32,
      "winnerRate": 0.15625,
      "adjustedEffectiveness": -0.21169582392776526
    },
    {
      "shotType": "FOREHAND",
      "total": 172,
      "winnerRate": 0.3488372093023256,
      "adjustedEffectiveness": -0.01910861462543967
    },
    {
      "shotType": "SERVE",
      "total": 222,
      "winnerRate": 0.44594594594594594,
      "adjustedEffectiveness": 0.07800012201818068
    }
  ],
  "losses": []
}