{
  "totalServePoints": 2060,
  "firstServeIn": 1417,
  "firstServeInPct": 0.6878640776699029,
  "firstServeWon": 1123,
  "firstServeWinPct": 0.7925194071983063,
  "secondServeTotal": 643,
  "secondServeWon": 361,
  "secondServeWinPct": 0.5614307931570762,
  "aces": 451,
  "acePct": 0.21893203883495146,
  "doubleFaults": 0,
  "doubleFaultPct": 0
}