{
  "wins": [
    {
      "shotType": "BACKHAND",
      "total": 44,
      "winnerRate": 0.2727272727272727,
      "adjustedEffectiveness": -0.11281489594742611
    },
    {
      "shotType": "FOREHAND",
      "total": 41,
      "winnerRate": 0.43902439024390244,
      "adjustedEffectiveness": 0.053482221569203625
    },
    {
      "shotType": "SERVE",
      "total": 42,
      "winnerRate": 0.47619047619047616,
      "adjustedEffectiveness": 0.09064830751577735
    }
  ],
  "losses": []
}