{
  "totalServePoints": 560,
  "firstServeIn": 378,
  "firstServeInPct": 0.675,
  "firstServeWon": 244,
  "firstServeWinPct": 0.6455026455026455,
  "secondServeTotal": 182,
  "secondServeWon": 86,
  "secondServeWinPct": 0.4725274725274725,
  "aces": 38,
  "acePct": 0.06785714285714285,
  "doubleFaults": 0,
  "doubleFaultPct": 0
}