{
  "winning": [],
  "losing": [
    {
      "sequence": [
        "FOREHAND_RIGHT",
        "FOREHAND_RIGHT"
      ],
      "total": 17,
      "winnerRate": 0.23529411764705882,
      "uplift": -0.14968990791204662,
      "rankScore": -0.42410344456695664
    }
  ]
}