{
  "totalServePoints": 329,
  "firstServeIn": 195,
  "firstServeInPct": 0.5927051671732523,
  "firstServeWon": 148,
  "firstServeWinPct": 0.7589743589743589,
  "secondServeTotal": 134,
  "secondServeWon": 60,
  "secondServeWinPct": 0.44776119402985076,
  "aces": 30,
  "acePct": 0.0911854103343465,
  "doubleFaults": 0,
  "doubleFaultPct": 0
}