{
  "totalServePoints": 598,
  "firstServeIn": 380,
  "firstServeInPct": 0.6354515050167224,
  "firstServeWon": 257,
  "firstServeWinPct": 0.6763157894736842,
  "secondServeTotal": 218,
  "secondServeWon": 85,
  "secondServeWinPct": 0.38990825688073394,
  "aces": 31,
  "acePct": 0.051839464882943144,
  "doubleFaults": 0,
  "doubleFaultPct": 0
}