{
  "totalServePoints": 3808,
  "firstServeIn": 2430,
  "firstServeInPct": 0.6381302521008403,
  "firstServeWon": 1544,
  "firstServeWinPct": 0.6353909465020576,
  "secondServeTotal": 1378,
  "secondServeWon": 689,
  "secondServeWinPct": 0.5,
  "aces": 76,
  "acePct": 0.01995798319327731,
  "doubleFaults": 0,
  "doubleFaultPct": 0
}