{
  "totalServePoints": 2115,
  "firstServeIn": 1374,
  "firstServeInPct": 0.649645390070922,
  "firstServeWon": 1133,
  "firstServeWinPct": 0.8245997088791849,
  "secondServeTotal": 741,
  "secondServeWon": 383,
  "secondServeWinPct": 0.5168690958164642,
  "aces": 498,
  "acePct": 0.23546099290780143,
  "doubleFaults": 0,
  "doubleFaultPct": 0
}