{
  "totalServePoints": 356,
  "firstServeIn": 238,
  "firstServeInPct": 0.6685393258426966,
  "firstServeWon": 178,
  "firstServeWinPct": 0.7478991596638656,
  "secondServeTotal": 118,
  "secondServeWon": 52,
  "secondServeWinPct": 0.4406779661016949,
  "aces": 28,
  "acePct": 0.07865168539325842,
  "doubleFaults": 0,
  "doubleFaultPct": 0
}