{
  "totalServePoints": 165,
  "firstServeIn": 100,
  "firstServeInPct": 0.6060606060606061,
  "firstServeWon": 84,
  "firstServeWinPct": 0.84,
  "secondServeTotal": 65,
  "secondServeWon": 31,
  "secondServeWinPct": 0.47692307692307695,
  "aces": 30,
  "acePct": 0.18181818181818182,
  "doubleFaults": 0,
  "doubleFaultPct": 0
}