{
  "totalServePoints": 198,
  "firstServeIn": 128,
  "firstServeInPct": 0.6464646464646465,
  "firstServeWon": 108,
  "firstServeWinPct": 0.84375,
  "secondServeTotal": 70,
  "secondServeWon": 41,
  "secondServeWinPct": 0.5857142857142857,
  "aces": 36,
  "acePct": 0.18181818181818182,
  "doubleFaults": 0,
  "doubleFaultPct": 0
}