{
  "totalServePoints": 185,
  "firstServeIn": 116,
  "firstServeInPct": 0.6270270270270271,
  "firstServeWon": 95,
  "firstServeWinPct": 0.8189655172413793,
  "secondServeTotal": 69,
  "secondServeWon": 40,
  "secondServeWinPct": 0.5797101449275363,
  "aces": 20,
  "acePct": 0.10810810810810811,
  "doubleFaults": 0,
  "doubleFaultPct": 0
}