{
  "wins": [],
  "losses": [
    {
      "shotType": "BACKHAND",
      "total": 79,
      "winnerRate": 0.20253164556962025,
      "adjustedEffectiveness": -0.22421994678706766
    },
    {
      "shotType": "FOREHAND",
      "total": 93,
      "winnerRate": 0.3870967741935484,
      "adjustedEffectiveness": -0.03965481816313954
    },
    {
      "shotType": "SERVE",
      "total": 78,
      "winnerRate": 0.5512820512820513,
      "adjustedEffectiveness": 0.12453045892536341
    }
  ]
}