{
  "totalServePoints": 1363,
  "firstServeIn": 876,
  "firstServeInPct": 0.6426999266324285,
  "firstServeWon": 691,
  "firstServeWinPct": 0.7888127853881278,
  "secondServeTotal": 487,
  "secondServeWon": 271,
  "secondServeWinPct": 0.5564681724845996,
  "aces": 221,
  "acePct": 0.16214233308877476,
  "doubleFaults": 0,
  "doubleFaultPct": 0
}