{
  "wins": [],
  "losses": [
    {
      "shotType": "BACKHAND",
      "total": 97,
      "winnerRate": 0.3711340206185567,
      "adjustedEffectiveness": -0.01852115179523639
    },
    {
      "shotType": "BACKHAND_SLICE",
      "total": 30,
      "winnerRate": 0.23333333333333334,
      "adjustedEffectiveness": -0.15632183908045977
    },
    {
      "shotType": "FOREHAND",
      "total": 113,
      "winnerRate": 0.2743362831858407,
      "adjustedEffectiveness": -0.11531888922795241
    },
    {
      "shotType": "SERVE",
      "total": 145,
      "winnerRate": 0.496551724137931,
      "adjustedEffectiveness": 0.10689655172413792
    }
  ]
}