{
  "winning": [
    {
      "sequence": [
        "FOREHAND_LEFT",
        "BACKHAND_LEFT"
      ],
      "total": 19,
      "winnerRate": 0.47368421052631576,
      "uplift": 0.08402903811252266,
      "rankScore": 0.24741837520037413
    }
  ],
  "losing": []
}