{
  "totalServePoints": 436,
  "firstServeIn": 280,
  "firstServeInPct": 0.6422018348623854,
  "firstServeWon": 189,
  "firstServeWinPct": 0.675,
  "secondServeTotal": 156,
  "secondServeWon": 77,
  "secondServeWinPct": 0.4935897435897436,
  "aces": 28,
  "acePct": 0.06422018348623854,
  "doubleFaults": 0,
  "doubleFaultPct": 0
}