{
  "totalServePoints": 230,
  "firstServeIn": 143,
  "firstServeInPct": 0.6217391304347826,
  "firstServeWon": 98,
  "firstServeWinPct": 0.6853146853146853,
  "secondServeTotal": 87,
  "secondServeWon": 39,
  "secondServeWinPct": 0.4482758620689655,
  "aces": 13,
  "acePct": 0.05652173913043478,
  "doubleFaults": 0,
  "doubleFaultPct": 0
}