{
  "totalServePoints": 4140,
  "firstServeIn": 2376,
  "firstServeInPct": 0.5739130434782609,
  "firstServeWon": 1855,
  "firstServeWinPct": 0.7807239057239057,
  "secondServeTotal": 1764,
  "secondServeWon": 861,
  "secondServeWinPct": 0.4880952380952381,
  "aces": 533,
  "acePct": 0.128743961352657,
  "doubleFaults": 0,
  "doubleFaultPct": 0
}