{
  "wins": [],
  "losses": [
    {
      "shotType": "BACKHAND",
      "total": 41,
      "winnerRate": 0.3170731707317073,
      "adjustedEffectiveness": -0.09782044628956926
    },
    {
      "shotType": "FOREHAND",
      "total": 44,
      "winnerRate": 0.45454545454545453,
      "adjustedEffectiveness": 0.039651837524177946
    },
    {
      "shotType": "SERVE",
      "total": 47,
      "winnerRate": 0.5106382978723404,
      "adjustedEffectiveness": 0.0957446808510638
    }
  ]
}