{
  "winning": [],
  "losing": [
    {
      "sequence": [
        "BACKHAND_LEFT",
        "BACKHAND_LEFT"
      ],
      "total": 17,
      "winnerRate": 0.17647058823529413,
      "uplift": -0.21848739495798317,
      "rankScore": -0.6190214029030388
    },
    {
      "sequence": [
        "BACKHAND_LEFT",
        "BACKHAND_CENTER"
      ],
      "total": 17,
      "winnerRate": 0.29411764705882354,
      "uplift": -0.10084033613445376,
      "rankScore": -0.2857021859552486
    },
    {
      "sequence": [
        "FOREHAND_CENTER",
        "FOREHAND_CENTER"
      ],
      "total": 19,
      "winnerRate": 0.3157894736842105,
      "uplift": -0.07916850950906679,
      "rankScore": -0.23310684532100523
    },
    {
      "sequence": [
        "FOREHAND_LEFT",
        "BACKHAND_LEFT"
      ],
      "total": 16,
      "winnerRate": 0.3125,
      "uplift": -0.0824579831932773,
      "rankScore": -0.22862207426031805
    }
  ]
}