{
  "totalServePoints": 66,
  "firstServeIn": 45,
  "firstServeInPct": 0.6818181818181818,
  "firstServeWon": 25,
  "firstServeWinPct": 0.5555555555555556,
  "secondServeTotal": 21,
  "secondServeWon": 7,
  "secondServeWinPct": 0.3333333333333333,
  "aces": 3,
  "acePct": 0.045454545454545456,
  "doubleFaults": 0,
  "doubleFaultPct": 0
}