{
  "totalServePoints": 121,
  "firstServeIn": 74,
  "firstServeInPct": 0.6115702479338843,
  "firstServeWon": 58,
  "firstServeWinPct": 0.7837837837837838,
  "secondServeTotal": 47,
  "secondServeWon": 27,
  "secondServeWinPct": 0.574468085106383,
  "aces": 14,
  "acePct": 0.11570247933884298,
  "doubleFaults": 0,
  "doubleFaultPct": 0
}