{
  "totalServePoints": 639,
  "firstServeIn": 430,
  "firstServeInPct": 0.672926447574335,
  "firstServeWon": 351,
  "firstServeWinPct": 0.8162790697674419,
  "secondServeTotal": 209,
  "secondServeWon": 116,
  "secondServeWinPct": 0.5550239234449761,
  "aces": 96,
  "acePct": 0.15023474178403756,
  "doubleFaults": 0,
  "doubleFaultPct": 0
}