{
  "wins": [
    {
      "shotType": "BACKHAND",
      "total": 29,
      "winnerRate": 0.4827586206896552,
      "adjustedEffectiveness": 0.010536398467432984
    },
    {
      "shotType": "FOREHAND",
      "total": 50,
      "winnerRate": 0.44,
      "adjustedEffectiveness": -0.03222222222222221
    },
    {
      "shotType": "SERVE",
      "total": 54,
      "winnerRate": 0.6296296296296297,
      "adjustedEffectiveness": 0.15740740740740744
    }
  ],
  "losses": []
}