{
  "totalServePoints": 129,
  "firstServeIn": 91,
  "firstServeInPct": 0.7054263565891473,
  "firstServeWon": 68,
  "firstServeWinPct": 0.7472527472527473,
  "secondServeTotal": 38,
  "secondServeWon": 20,
  "secondServeWinPct": 0.5263157894736842,
  "aces": 17,
  "acePct": 0.13178294573643412,
  "doubleFaults": 0,
  "doubleFaultPct": 0
}