{
  "totalServePoints": 3200,
  "firstServeIn": 2095,
  "firstServeInPct": 0.6546875,
  "firstServeWon": 1707,
  "firstServeWinPct": 0.8147971360381862,
  "secondServeTotal": 1105,
  "secondServeWon": 576,
  "secondServeWinPct": 0.5212669683257919,
  "aces": 740,
  "acePct": 0.23125,
  "doubleFaults": 0,
  "doubleFaultPct": 0
}