{
  "totalServePoints": 6196,
  "firstServeIn": 3556,
  "firstServeInPct": 0.5739186571981924,
  "firstServeWon": 2652,
  "firstServeWinPct": 0.7457817772778402,
  "secondServeTotal": 2640,
  "secondServeWon": 1302,
  "secondServeWinPct": 0.49318181818181817,
  "aces": 531,
  "acePct": 0.08570045190445448,
  "doubleFaults": 0,
  "doubleFaultPct": 0
}