{
  "wins": [],
  "losses": [
    {
      "shotType": "BACKHAND",
      "total": 42,
      "winnerRate": 0.38095238095238093,
      "adjustedEffectiveness": 0.010262725779967119
    },
    {
      "shotType": "FOREHAND",
      "total": 37,
      "winnerRate": 0.35135135135135137,
      "adjustedEffectiveness": -0.01933830382106244
    },
    {
      "shotType": "SERVE",
      "total": 58,
      "winnerRate": 0.5,
      "adjustedEffectiveness": 0.1293103448275862
    }
  ]
}