{
  "totalServePoints": 110,
  "firstServeIn": 68,
  "firstServeInPct": 0.6181818181818182,
  "firstServeWon": 53,
  "firstServeWinPct": 0.7794117647058824,
  "secondServeTotal": 42,
  "secondServeWon": 23,
  "secondServeWinPct": 0.5476190476190477,
  "aces": 10,
  "acePct": 0.09090909090909091,
  "doubleFaults": 0,
  "doubleFaultPct": 0
}