{
  "totalServePoints": 49,
  "firstServeIn": 27,
  "firstServeInPct": 0.5510204081632653,
  "firstServeWon": 14,
  "firstServeWinPct": 0.5185185185185185,
  "secondServeTotal": 22,
  "secondServeWon": 8,
  "secondServeWinPct": 0.36363636363636365,
  "aces": 2,
  "acePct": 0.04081632653061224,
  "doubleFaults": 0,
  "doubleFaultPct": 0
}