{
  "totalServePoints": 267,
  "firstServeIn": 175,
  "firstServeInPct": 0.6554307116104869,
  "firstServeWon": 122,
  "firstServeWinPct": 0.6971428571428572,
  "secondServeTotal": 92,
  "secondServeWon": 45,
  "secondServeWinPct": 0.4891304347826087,
  "aces": 4,
  "acePct": 0.0149812734082397,
  "doubleFaults": 0,
  "doubleFaultPct": 0
}