{
  "totalServePoints": 965,
  "firstServeIn": 628,
  "firstServeInPct": 0.6507772020725389,
  "firstServeWon": 505,
  "firstServeWinPct": 0.804140127388535,
  "secondServeTotal": 337,
  "secondServeWon": 193,
  "secondServeWinPct": 0.5727002967359051,
  "aces": 133,
  "acePct": 0.1378238341968912,
  "doubleFaults": 0,
  "doubleFaultPct": 0
}