{
  "wins": [],
  "losses": [
    {
      "shotType": "BACKHAND",
      "total": 71,
      "winnerRate": 0.3380281690140845,
      "adjustedEffectiveness": -0.04887659289067742
    },
    {
      "shotType": "FOREHAND",
      "total": 118,
      "winnerRate": 0.3220338983050847,
      "adjustedEffectiveness": -0.0648708635996772
    },
    {
      "shotType": "SERVE",
      "total": 84,
      "winnerRate": 0.47619047619047616,
      "adjustedEffectiveness": 0.08928571428571425
    }
  ]
}