{
  "totalServePoints": 1525,
  "firstServeIn": 929,
  "firstServeInPct": 0.6091803278688525,
  "firstServeWon": 732,
  "firstServeWinPct": 0.7879440258342304,
  "secondServeTotal": 596,
  "secondServeWon": 328,
  "secondServeWinPct": 0.5503355704697986,
  "aces": 303,
  "acePct": 0.19868852459016392,
  "doubleFaults": 0,
  "doubleFaultPct": 0
}