{
  "totalServePoints": 344,
  "firstServeIn": 205,
  "firstServeInPct": 0.5959302325581395,
  "firstServeWon": 148,
  "firstServeWinPct": 0.7219512195121951,
  "secondServeTotal": 139,
  "secondServeWon": 63,
  "secondServeWinPct": 0.45323741007194246,
  "aces": 39,
  "acePct": 0.11337209302325581,
  "doubleFaults": 0,
  "doubleFaultPct": 0
}