{
  "totalServePoints": 766,
  "firstServeIn": 416,
  "firstServeInPct": 0.5430809399477807,
  "firstServeWon": 320,
  "firstServeWinPct": 0.7692307692307693,
  "secondServeTotal": 350,
  "secondServeWon": 175,
  "secondServeWinPct": 0.5,
  "aces": 78,
  "acePct": 0.10182767624020887,
  "doubleFaults": 0,
  "doubleFaultPct": 0
}