{
  "totalServePoints": 528,
  "firstServeIn": 297,
  "firstServeInPct": 0.5625,
  "firstServeWon": 209,
  "firstServeWinPct": 0.7037037037037037,
  "secondServeTotal": 231,
  "secondServeWon": 117,
  "secondServeWinPct": 0.5064935064935064,
  "aces": 21,
  "acePct": 0.03977272727272727,
  "doubleFaults": 0,
  "doubleFaultPct": 0
}