{
  "totalServePoints": 1763,
  "firstServeIn": 1079,
  "firstServeInPct": 0.6120249574588769,
  "firstServeWon": 844,
  "firstServeWinPct": 0.7822057460611678,
  "secondServeTotal": 684,
  "secondServeWon": 330,
  "secondServeWinPct": 0.4824561403508772,
  "aces": 301,
  "acePct": 0.17073170731707318,
  "doubleFaults": 0,
  "doubleFaultPct": 0
}