{
  "winning": [
    {
      "sequence": [
        "FOREHAND_RIGHT",
        "FOREHAND_RIGHT"
      ],
      "total": 23,
      "winnerRate": 0.5217391304347826,
      "uplift": 0.12401185770750989,
      "rankScore": 0.388838462548526
    },
    {
      "sequence": [
        "FOREHAND_LEFT",
        "BACKHAND_LEFT"
      ],
      "total": 17,
      "winnerRate": 0.47058823529411764,
      "uplift": 0.07286096256684493,
      "rankScore": 0.20643065140516553
    },
    {
      "sequence": [
        "FOREHAND_RIGHT",
        "FOREHAND_CENTER"
      ],
      "total": 23,
      "winnerRate": 0.43478260869565216,
      "uplift": 0.037055335968379455,
      "rankScore": 0.11618679159816515
    }
  ],
  "losing": []
}