{
  "totalServePoints": 108,
  "firstServeIn": 67,
  "firstServeInPct": 0.6203703703703703,
  "firstServeWon": 37,
  "firstServeWinPct": 0.5522388059701493,
  "secondServeTotal": 41,
  "secondServeWon": 22,
  "secondServeWinPct": 0.5365853658536586,
  "aces": 6,
  "acePct": 0.05555555555555555,
  "doubleFaults": 0,
  "doubleFaultPct": 0
}