{
  "totalServePoints": 1866,
  "firstServeIn": 1142,
  "firstServeInPct": 0.6120042872454448,
  "firstServeWon": 757,
  "firstServeWinPct": 0.6628721541155866,
  "secondServeTotal": 724,
  "secondServeWon": 336,
  "secondServeWinPct": 0.46408839779005523,
  "aces": 50,
  "acePct": 0.02679528403001072,
  "doubleFaults": 0,
  "doubleFaultPct": 0
}