{
  "totalServePoints": 185,
  "firstServeIn": 105,
  "firstServeInPct": 0.5675675675675675,
  "firstServeWon": 80,
  "firstServeWinPct": 0.7619047619047619,
  "secondServeTotal": 80,
  "secondServeWon": 31,
  "secondServeWinPct": 0.3875,
  "aces": 16,
  "acePct": 0.08648648648648649,
  "doubleFaults": 0,
  "doubleFaultPct": 0
}