{
  "totalServePoints": 896,
  "firstServeIn": 587,
  "firstServeInPct": 0.6551339285714286,
  "firstServeWon": 436,
  "firstServeWinPct": 0.7427597955706985,
  "secondServeTotal": 309,
  "secondServeWon": 173,
  "secondServeWinPct": 0.5598705501618123,
  "aces": 174,
  "acePct": 0.19419642857142858,
  "doubleFaults": 0,
  "doubleFaultPct": 0
}