{
  "wins": [],
  "losses": [
    {
      "shotType": "BACKHAND",
      "total": 59,
      "winnerRate": 0.2033898305084746,
      "adjustedEffectiveness": -0.15726590719644346
    },
    {
      "shotType": "FOREHAND",
      "total": 55,
      "winnerRate": 0.34545454545454546,
      "adjustedEffectiveness": -0.015201192250372586
    },
    {
      "shotType": "SERVE",
      "total": 61,
      "winnerRate": 0.39344262295081966,
      "adjustedEffectiveness": 0.03278688524590162
    }
  ]
}