{
  "totalServePoints": 272,
  "firstServeIn": 168,
  "firstServeInPct": 0.6176470588235294,
  "firstServeWon": 105,
  "firstServeWinPct": 0.625,
  "secondServeTotal": 104,
  "secondServeWon": 41,
  "secondServeWinPct": 0.3942307692307692,
  "aces": 21,
  "acePct": 0.07720588235294118,
  "doubleFaults": 0,
  "doubleFaultPct": 0
}