{
  "wins": [],
  "losses": [
    {
      "shotType": "BACKHAND_SLICE",
      "total": 39,
      "winnerRate": 0.3076923076923077,
      "adjustedEffectiveness": -0.09134615384615385
    },
    {
      "shotType": "FOREHAND",
      "total": 57,
      "winnerRate": 0.43859649122807015,
      "adjustedEffectiveness": 0.03955802968960859
    },
    {
      "shotType": "SERVE",
      "total": 104,
      "winnerRate": 0.5,
      "adjustedEffectiveness": 0.10096153846153844
    }
  ]
}