{
  "winning": [
    {
      "sequence": [
        "BACKHAND_RIGHT",
        "FOREHAND_RIGHT"
      ],
      "total": 15,
      "winnerRate": 0.4666666666666667,
      "uplift": 0.09824561403508775,
      "rankScore": 0.2660540548451295
    }
  ],
  "losing": [
    {
      "sequence": [
        "BACKHAND_CENTER",
        "FOREHAND_RIGHT"
      ],
      "total": 16,
      "winnerRate": 0.3125,
      "uplift": -0.05592105263157893,
      "rankScore": -0.15504607986209296
    }
  ]
}