{
  "totalServePoints": 126,
  "firstServeIn": 77,
  "firstServeInPct": 0.6111111111111112,
  "firstServeWon": 61,
  "firstServeWinPct": 0.7922077922077922,
  "secondServeTotal": 49,
  "secondServeWon": 23,
  "secondServeWinPct": 0.46938775510204084,
  "aces": 9,
  "acePct": 0.07142857142857142,
  "doubleFaults": 0,
  "doubleFaultPct": 0
}