{
  "totalServePoints": 845,
  "firstServeIn": 426,
  "firstServeInPct": 0.5041420118343195,
  "firstServeWon": 321,
  "firstServeWinPct": 0.7535211267605634,
  "secondServeTotal": 419,
  "secondServeWon": 175,
  "secondServeWinPct": 0.41766109785202865,
  "aces": 77,
  "acePct": 0.09112426035502959,
  "doubleFaults": 0,
  "doubleFaultPct": 0
}