{
  "totalServePoints": 1490,
  "firstServeIn": 981,
  "firstServeInPct": 0.6583892617449665,
  "firstServeWon": 678,
  "firstServeWinPct": 0.691131498470948,
  "secondServeTotal": 509,
  "secondServeWon": 259,
  "secondServeWinPct": 0.5088408644400786,
  "aces": 90,
  "acePct": 0.06040268456375839,
  "doubleFaults": 0,
  "doubleFaultPct": 0
}