{
  "wins": [
    {
      "shotType": "BACKHAND",
      "total": 70,
      "winnerRate": 0.34285714285714286,
      "adjustedEffectiveness": -0.08441558441558439
    },
    {
      "shotType": "FOREHAND",
      "total": 124,
      "winnerRate": 0.41935483870967744,
      "adjustedEffectiveness": -0.007917888563049813
    },
    {
      "shotType": "SERVE",
      "total": 55,
      "winnerRate": 0.41818181818181815,
      "adjustedEffectiveness": -0.009090909090909094
    }
  ],
  "losses": []
}