{
  "totalServePoints": 1469,
  "firstServeIn": 876,
  "firstServeInPct": 0.5963240299523486,
  "firstServeWon": 612,
  "firstServeWinPct": 0.6986301369863014,
  "secondServeTotal": 593,
  "secondServeWon": 328,
  "secondServeWinPct": 0.5531197301854974,
  "aces": 52,
  "acePct": 0.035398230088495575,
  "doubleFaults": 0,
  "doubleFaultPct": 0
}