{
  "totalServePoints": 211,
  "firstServeIn": 129,
  "firstServeInPct": 0.6113744075829384,
  "firstServeWon": 90,
  "firstServeWinPct": 0.6976744186046512,
  "secondServeTotal": 82,
  "secondServeWon": 38,
  "secondServeWinPct": 0.4634146341463415,
  "aces": 19,
  "acePct": 0.09004739336492891,
  "doubleFaults": 0,
  "doubleFaultPct": 0
}