{
  "totalServePoints": 783,
  "firstServeIn": 512,
  "firstServeInPct": 0.6538952745849298,
  "firstServeWon": 374,
  "firstServeWinPct": 0.73046875,
  "secondServeTotal": 271,
  "secondServeWon": 126,
  "secondServeWinPct": 0.46494464944649444,
  "aces": 100,
  "acePct": 0.1277139208173691,
  "doubleFaults": 0,
  "doubleFaultPct": 0
}