{
  "totalServePoints": 245,
  "firstServeIn": 152,
  "firstServeInPct": 0.6204081632653061,
  "firstServeWon": 107,
  "firstServeWinPct": 0.7039473684210527,
  "secondServeTotal": 93,
  "secondServeWon": 57,
  "secondServeWinPct": 0.6129032258064516,
  "aces": 29,
  "acePct": 0.11836734693877551,
  "doubleFaults": 0,
  "doubleFaultPct": 0
}