{
  "wins": [
    {
      "shotType": "BACKHAND",
      "total": 89,
      "winnerRate": 0.25842696629213485,
      "adjustedEffectiveness": -0.13454427971425492
    },
    {
      "shotType": "BACKHAND_SLICE",
      "total": 23,
      "winnerRate": 0.21739130434782608,
      "adjustedEffectiveness": -0.1755799416585637
    },
    {
      "shotType": "FOREHAND",
      "total": 107,
      "winnerRate": 0.29906542056074764,
      "adjustedEffectiveness": -0.09390582544564213
    },
    {
      "shotType": "SERVE",
      "total": 157,
      "winnerRate": 0.4840764331210191,
      "adjustedEffectiveness": 0.09110518711462934
    }
  ],
  "losses": []
}