{
  "totalServePoints": 165,
  "firstServeIn": 94,
  "firstServeInPct": 0.5696969696969697,
  "firstServeWon": 62,
  "firstServeWinPct": 0.6595744680851063,
  "secondServeTotal": 71,
  "secondServeWon": 30,
  "secondServeWinPct": 0.4225352112676056,
  "aces": 19,
  "acePct": 0.11515151515151516,
  "doubleFaults": 0,
  "doubleFaultPct": 0
}