{
  "totalServePoints": 1194,
  "firstServeIn": 705,
  "firstServeInPct": 0.5904522613065326,
  "firstServeWon": 530,
  "firstServeWinPct": 0.75177304964539,
  "secondServeTotal": 489,
  "secondServeWon": 251,
  "secondServeWinPct": 0.5132924335378323,
  "aces": 113,
  "acePct": 0.09463986599664992,
  "doubleFaults": 0,
  "doubleFaultPct": 0
}