{
  "totalServePoints": 761,
  "firstServeIn": 479,
  "firstServeInPct": 0.6294349540078844,
  "firstServeWon": 362,
  "firstServeWinPct": 0.755741127348643,
  "secondServeTotal": 282,
  "secondServeWon": 130,
  "secondServeWinPct": 0.46099290780141844,
  "aces": 91,
  "acePct": 0.11957950065703023,
  "doubleFaults": 0,
  "doubleFaultPct": 0
}