{
  "totalServePoints": 2638,
  "firstServeIn": 1633,
  "firstServeInPct": 0.6190295678544352,
  "firstServeWon": 1158,
  "firstServeWinPct": 0.7091243110838946,
  "secondServeTotal": 1005,
  "secondServeWon": 471,
  "secondServeWinPct": 0.46865671641791046,
  "aces": 214,
  "acePct": 0.08112206216830932,
  "doubleFaults": 0,
  "doubleFaultPct": 0
}