{
  "totalServePoints": 293,
  "firstServeIn": 191,
  "firstServeInPct": 0.6518771331058021,
  "firstServeWon": 135,
  "firstServeWinPct": 0.7068062827225131,
  "secondServeTotal": 102,
  "secondServeWon": 52,
  "secondServeWinPct": 0.5098039215686274,
  "aces": 7,
  "acePct": 0.023890784982935155,
  "doubleFaults": 0,
  "doubleFaultPct": 0
}