{
  "totalServePoints": 3322,
  "firstServeIn": 2384,
  "firstServeInPct": 0.7176399759181216,
  "firstServeWon": 1489,
  "firstServeWinPct": 0.6245805369127517,
  "secondServeTotal": 938,
  "secondServeWon": 436,
  "secondServeWinPct": 0.464818763326226,
  "aces": 70,
  "acePct": 0.02107164358819988,
  "doubleFaults": 0,
  "doubleFaultPct": 0
}