{
  "wins": [
    {
      "shotType": "BACKHAND",
      "total": 62,
      "winnerRate": 0.3548387096774194,
      "adjustedEffectiveness": -0.0026742436904562683
    },
    {
      "shotType": "BACKHAND_SLICE",
      "total": 18,
      "winnerRate": 0.2777777777777778,
      "adjustedEffectiveness": -0.07973517559009785
    },
    {
      "shotType": "FOREHAND",
      "total": 98,
      "winnerRate": 0.3673469387755102,
      "adjustedEffectiveness": 0.009833985407634582
    },
    {
      "shotType": "SERVE",
      "total": 97,
      "winnerRate": 0.4536082474226804,
      "adjustedEffectiveness": 0.09609529405480477
    }
  ],
  "losses": []
}