{
  "totalServePoints": 103,
  "firstServeIn": 72,
  "firstServeInPct": 0.6990291262135923,
  "firstServeWon": 49,
  "firstServeWinPct": 0.6805555555555556,
  "secondServeTotal": 31,
  "secondServeWon": 16,
  "secondServeWinPct": 0.5161290322580645,
  "aces": 9,
  "acePct": 0.08737864077669903,
  "doubleFaults": 0,
  "doubleFaultPct": 0
}