{
  "totalServePoints": 8912,
  "firstServeIn": 5613,
  "firstServeInPct": 0.6298249551166966,
  "firstServeWon": 3974,
  "firstServeWinPct": 0.7079992873686086,
  "secondServeTotal": 3299,
  "secondServeWon": 1548,
  "secondServeWinPct": 0.4692331009396787,
  "aces": 625,
  "acePct": 0.07013016157989228,
  "doubleFaults": 0,
  "doubleFaultPct": 0
}