{
  "totalServePoints": 842,
  "firstServeIn": 507,
  "firstServeInPct": 0.6021377672209026,
  "firstServeWon": 334,
  "firstServeWinPct": 0.6587771203155819,
  "secondServeTotal": 335,
  "secondServeWon": 174,
  "secondServeWinPct": 0.5194029850746269,
  "aces": 37,
  "acePct": 0.043942992874109264,
  "doubleFaults": 0,
  "doubleFaultPct": 0
}