{
  "wins": [],
  "losses": [
    {
      "shotType": "BACKHAND",
      "total": 38,
      "winnerRate": 0.42105263157894735,
      "adjustedEffectiveness": 0.06022788931090611
    },
    {
      "shotType": "FOREHAND",
      "total": 61,
      "winnerRate": 0.14754098360655737,
      "adjustedEffectiveness": -0.21328375866148386
    },
    {
      "shotType": "SERVE",
      "total": 48,
      "winnerRate": 0.4583333333333333,
      "adjustedEffectiveness": 0.09750859106529208
    }
  ]
}