{
  "totalServePoints": 69,
  "firstServeIn": 46,
  "firstServeInPct": 0.6666666666666666,
  "firstServeWon": 38,
  "firstServeWinPct": 0.8260869565217391,
  "secondServeTotal": 23,
  "secondServeWon": 14,
  "secondServeWinPct": 0.6086956521739131,
  "aces": 15,
  "acePct": 0.21739130434782608,
  "doubleFaults": 0,
  "doubleFaultPct": 0
}