{
  "totalServePoints": 851,
  "firstServeIn": 590,
  "firstServeInPct": 0.6933019976498237,
  "firstServeWon": 410,
  "firstServeWinPct": 0.6949152542372882,
  "secondServeTotal": 261,
  "secondServeWon": 136,
  "secondServeWinPct": 0.5210727969348659,
  "aces": 51,
  "acePct": 0.05992949471210341,
  "doubleFaults": 0,
  "doubleFaultPct": 0
}