{
  "totalServePoints": 7286,
  "firstServeIn": 4771,
  "firstServeInPct": 0.6548174581388965,
  "firstServeWon": 3711,
  "firstServeWinPct": 0.7778243554810312,
  "secondServeTotal": 2515,
  "secondServeWon": 1298,
  "secondServeWinPct": 0.51610337972167,
  "aces": 970,
  "acePct": 0.13313203403788088,
  "doubleFaults": 0,
  "doubleFaultPct": 0
}