{
  "totalServePoints": 1022,
  "firstServeIn": 685,
  "firstServeInPct": 0.6702544031311155,
  "firstServeWon": 423,
  "firstServeWinPct": 0.6175182481751825,
  "secondServeTotal": 337,
  "secondServeWon": 171,
  "secondServeWinPct": 0.5074183976261127,
  "aces": 26,
  "acePct": 0.025440313111545987,
  "doubleFaults": 0,
  "doubleFaultPct": 0
}