{
  "winning": [
    {
      "sequence": [
        "BACKHAND_LEFT",
        "BACKHAND_CENTER"
      ],
      "total": 17,
      "winnerRate": 0.4117647058823529,
      "uplift": 0.018246187363834376,
      "rankScore": 0.05169534151736547
    }
  ],
  "losing": [
    {
      "sequence": [
        "FOREHAND_RIGHT",
        "FOREHAND_RIGHT"
      ],
      "total": 19,
      "winnerRate": 0.2631578947368421,
      "uplift": -0.13036062378167645,
      "rankScore": -0.3838389020112198
    }
  ]
}