{
  "totalServePoints": 224,
  "firstServeIn": 141,
  "firstServeInPct": 0.6294642857142857,
  "firstServeWon": 90,
  "firstServeWinPct": 0.6382978723404256,
  "secondServeTotal": 83,
  "secondServeWon": 38,
  "secondServeWinPct": 0.4578313253012048,
  "aces": 9,
  "acePct": 0.04017857142857143,
  "doubleFaults": 0,
  "doubleFaultPct": 0
}