{
  "totalServePoints": 134,
  "firstServeIn": 87,
  "firstServeInPct": 0.6492537313432836,
  "firstServeWon": 65,
  "firstServeWinPct": 0.7471264367816092,
  "secondServeTotal": 47,
  "secondServeWon": 26,
  "secondServeWinPct": 0.5531914893617021,
  "aces": 18,
  "acePct": 0.13432835820895522,
  "doubleFaults": 0,
  "doubleFaultPct": 0
}