{
  "totalServePoints": 792,
  "firstServeIn": 525,
  "firstServeInPct": 0.6628787878787878,
  "firstServeWon": 426,
  "firstServeWinPct": 0.8114285714285714,
  "secondServeTotal": 267,
  "secondServeWon": 147,
  "secondServeWinPct": 0.550561797752809,
  "aces": 190,
  "acePct": 0.2398989898989899,
  "doubleFaults": 0,
  "doubleFaultPct": 0
}