{
  "winning": [
    {
      "sequence": [
        "FOREHAND_RIGHT",
        "FOREHAND_RIGHT"
      ],
      "total": 16,
      "winnerRate": 0.5,
      "uplift": 0.1716981132075472,
      "rankScore": 0.47604825230909453
    },
    {
      "sequence": [
        "FOREHAND_LEFT",
        "BACKHAND_LEFT"
      ],
      "total": 17,
      "winnerRate": 0.47058823529411764,
      "uplift": 0.14228634850166483,
      "rankScore": 0.40312758125195
    },
    {
      "sequence": [
        "BACKHAND_LEFT",
        "BACKHAND_LEFT"
      ],
      "total": 15,
      "winnerRate": 0.4666666666666667,
      "uplift": 0.13836477987421386,
      "rankScore": 0.3746987699638279
    }
  ],
  "losing": [
    {
      "sequence": [
        "FOREHAND_CENTER",
        "FOREHAND_CENTER"
      ],
      "total": 19,
      "winnerRate": 0.21052631578947367,
      "uplift": -0.11777557100297914,
      "rankScore": -0.3467829820547565
    }
  ]
}