{
  "totalServePoints": 5754,
  "firstServeIn": 3509,
  "firstServeInPct": 0.6098366353840806,
  "firstServeWon": 2461,
  "firstServeWinPct": 0.701339412938159,
  "secondServeTotal": 2245,
  "secondServeWon": 1155,
  "secondServeWinPct": 0.5144766146993318,
  "aces": 329,
  "acePct": 0.057177615571776155,
  "doubleFaults": 0,
  "doubleFaultPct": 0
}