{
  "wins": [],
  "losses": [
    {
      "shotType": "BACKHAND",
      "total": 108,
      "winnerRate": 0.37037037037037035,
      "adjustedEffectiveness": -0.03141534391534395
    },
    {
      "shotType": "FOREHAND",
      "total": 105,
      "winnerRate": 0.38095238095238093,
      "adjustedEffectiveness": -0.02083333333333337
    },
    {
      "shotType": "SERVE",
      "total": 56,
      "winnerRate": 0.375,
      "adjustedEffectiveness": -0.0267857142857143
    }
  ]
}