{
  "totalServePoints": 604,
  "firstServeIn": 345,
  "firstServeInPct": 0.5711920529801324,
  "firstServeWon": 238,
  "firstServeWinPct": 0.6898550724637681,
  "secondServeTotal": 259,
  "secondServeWon": 126,
  "secondServeWinPct": 0.4864864864864865,
  "aces": 26,
  "acePct": 0.04304635761589404,
  "doubleFaults": 0,
  "doubleFaultPct": 0
}