{
  "winning": [
    {
      "sequence": [
        "BACKHAND_LEFT",
        "BACKHAND_LEFT"
      ],
      "total": 27,
      "winnerRate": 0.4074074074074074,
      "uplift": 0.03143841515934537,
      "rankScore": 0.10361588769091983
    },
    {
      "sequence": [
        "BACKHAND_CENTER",
        "FOREHAND_LEFT"
      ],
      "total": 15,
      "winnerRate": 0.4,
      "uplift": 0.024031007751938005,
      "rankScore": 0.06507717537532448
    },
    {
      "sequence": [
        "BACKHAND_LEFT",
        "BACKHAND_LEFT",
        "BACKHAND_LEFT"
      ],
      "total": 15,
      "winnerRate": 0.4,
      "uplift": 0.024031007751938005,
      "rankScore": 0.06507717537532448
    }
  ],
  "losing": [
    {
      "sequence": [
        "FOREHAND_LEFT",
        "BACKHAND_CENTER"
      ],
      "total": 19,
      "winnerRate": 0.3157894736842105,
      "uplift": -0.06017951856385151,
      "rankScore": -0.17719492020687477
    }
  ]
}