{
  "totalServePoints": 141,
  "firstServeIn": 86,
  "firstServeInPct": 0.6099290780141844,
  "firstServeWon": 62,
  "firstServeWinPct": 0.7209302325581395,
  "secondServeTotal": 55,
  "secondServeWon": 29,
  "secondServeWinPct": 0.5272727272727272,
  "aces": 4,
  "acePct": 0.028368794326241134,
  "doubleFaults": 0,
  "doubleFaultPct": 0
}