{
  "totalServePoints": 490,
  "firstServeIn": 305,
  "firstServeInPct": 0.6224489795918368,
  "firstServeWon": 227,
  "firstServeWinPct": 0.7442622950819672,
  "secondServeTotal": 185,
  "secondServeWon": 93,
  "secondServeWinPct": 0.5027027027027027,
  "aces": 29,
  "acePct": 0.05918367346938776,
  "doubleFaults": 0,
  "doubleFaultPct": 0
}