{
  "wins": [
    {
      "shotType": "BACKHAND",
      "total": 55,
      "winnerRate": 0.4727272727272727,
      "adjustedEffectiveness": 0.07828282828282829
    },
    {
      "shotType": "FOREHAND",
      "total": 75,
      "winnerRate": 0.5066666666666667,
      "adjustedEffectiveness": 0.11222222222222228
    },
    {
      "shotType": "SERVE",
      "total": 90,
      "winnerRate": 0.4666666666666667,
      "adjustedEffectiveness": 0.07222222222222224
    }
  ],
  "losses": []
}