{
  "totalServePoints": 88,
  "firstServeIn": 61,
  "firstServeInPct": 0.6931818181818182,
  "firstServeWon": 44,
  "firstServeWinPct": 0.7213114754098361,
  "secondServeTotal": 27,
  "secondServeWon": 13,
  "secondServeWinPct": 0.48148148148148145,
  "aces": 7,
  "acePct": 0.07954545454545454,
  "doubleFaults": 0,
  "doubleFaultPct": 0
}