{
  "totalServePoints": 522,
  "firstServeIn": 346,
  "firstServeInPct": 0.6628352490421456,
  "firstServeWon": 235,
  "firstServeWinPct": 0.6791907514450867,
  "secondServeTotal": 176,
  "secondServeWon": 94,
  "secondServeWinPct": 0.5340909090909091,
  "aces": 26,
  "acePct": 0.04980842911877394,
  "doubleFaults": 0,
  "doubleFaultPct": 0
}