{
  "totalServePoints": 328,
  "firstServeIn": 204,
  "firstServeInPct": 0.6219512195121951,
  "firstServeWon": 125,
  "firstServeWinPct": 0.6127450980392157,
  "secondServeTotal": 124,
  "secondServeWon": 51,
  "secondServeWinPct": 0.4112903225806452,
  "aces": 14,
  "acePct": 0.042682926829268296,
  "doubleFaults": 0,
  "doubleFaultPct": 0
}