{
  "totalServePoints": 2233,
  "firstServeIn": 1399,
  "firstServeInPct": 0.6265114196148679,
  "firstServeWon": 1055,
  "firstServeWinPct": 0.7541100786275912,
  "secondServeTotal": 834,
  "secondServeWon": 455,
  "secondServeWinPct": 0.5455635491606715,
  "aces": 181,
  "acePct": 0.08105687416032244,
  "doubleFaults": 0,
  "doubleFaultPct": 0
}