{
  "totalServePoints": 21074,
  "firstServeIn": 13192,
  "firstServeInPct": 0.6259846256050109,
  "firstServeWon": 9923,
  "firstServeWinPct": 0.7521983020012128,
  "secondServeTotal": 7882,
  "secondServeWon": 4011,
  "secondServeWinPct": 0.5088809946714032,
  "aces": 2223,
  "acePct": 0.10548543228622947,
  "doubleFaults": 0,
  "doubleFaultPct": 0
}