{
  "wins": [],
  "losses": [
    {
      "shotType": "BACKHAND",
      "total": 38,
      "winnerRate": 0.2631578947368421,
      "adjustedEffectiveness": -0.1434811094125355
    },
    {
      "shotType": "BACKHAND_SLICE",
      "total": 18,
      "winnerRate": 0.16666666666666666,
      "adjustedEffectiveness": -0.23997233748271093
    },
    {
      "shotType": "FOREHAND",
      "total": 96,
      "winnerRate": 0.3333333333333333,
      "adjustedEffectiveness": -0.07330567081604428
    },
    {
      "shotType": "SERVE",
      "total": 120,
      "winnerRate": 0.5083333333333333,
      "adjustedEffectiveness": 0.10169432918395571
    }
  ]
}