{
  "totalServePoints": 134,
  "firstServeIn": 77,
  "firstServeInPct": 0.5746268656716418,
  "firstServeWon": 54,
  "firstServeWinPct": 0.7012987012987013,
  "secondServeTotal": 57,
  "secondServeWon": 25,
  "secondServeWinPct": 0.43859649122807015,
  "aces": 3,
  "acePct": 0.022388059701492536,
  "doubleFaults": 0,
  "doubleFaultPct": 0
}