{
  "winning": [
    {
      "sequence": [
        "FOREHAND_RIGHT",
        "FOREHAND_CENTER"
      ],
      "total": 15,
      "winnerRate": 0.6,
      "uplift": 0.2024590163934426,
      "rankScore": 0.5482691800592179
    },
    {
      "sequence": [
        "FOREHAND_LEFT",
        "BACKHAND_LEFT"
      ],
      "total": 21,
      "winnerRate": 0.5238095238095238,
      "uplift": 0.12626854020296646,
      "rankScore": 0.38442740382651347
    },
    {
      "sequence": [
        "FOREHAND_RIGHT",
        "FOREHAND_RIGHT"
      ],
      "total": 16,
      "winnerRate": 0.5,
      "uplift": 0.10245901639344263,
      "rankScore": 0.2840767133442399
    },
    {
      "sequence": [
        "FOREHAND_LEFT",
        "BACKHAND_CENTER"
      ],
      "total": 19,
      "winnerRate": 0.42105263157894735,
      "uplift": 0.02351164797238997,
      "rankScore": 0.06922861275434464
    }
  ],
  "losing": []
}