{
  "totalServePoints": 120,
  "firstServeIn": 71,
  "firstServeInPct": 0.5916666666666667,
  "firstServeWon": 49,
  "firstServeWinPct": 0.6901408450704225,
  "secondServeTotal": 49,
  "secondServeWon": 26,
  "secondServeWinPct": 0.5306122448979592,
  "aces": 7,
  "acePct": 0.058333333333333334,
  "doubleFaults": 0,
  "doubleFaultPct": 0
}