{
  "winning": [
    {
      "sequence": [
        "T",
        "BACKHAND_CENTER"
      ],
      "total": 17,
      "winnerRate": 0.47058823529411764,
      "uplift": 0.12355627182379803,
      "rankScore": 0.3500612780730216
    }
  ],
  "losing": []
}