{
  "totalServePoints": 163,
  "firstServeIn": 104,
  "firstServeInPct": 0.6380368098159509,
  "firstServeWon": 69,
  "firstServeWinPct": 0.6634615384615384,
  "secondServeTotal": 59,
  "secondServeWon": 30,
  "secondServeWinPct": 0.5084745762711864,
  "aces": 3,
  "acePct": 0.018404907975460124,
  "doubleFaults": 0,
  "doubleFaultPct": 0
}