{
  "wins": [
    {
      "shotType": "BACKHAND",
      "total": 41,
      "winnerRate": 0.3170731707317073,
      "adjustedEffectiveness": -0.02095499828237718
    },
    {
      "shotType": "FOREHAND",
      "total": 42,
      "winnerRate": 0.4523809523809524,
      "adjustedEffectiveness": 0.11435278336686788
    },
    {
      "shotType": "SERVE",
      "total": 71,
      "winnerRate": 0.39436619718309857,
      "adjustedEffectiveness": 0.056338028169014065
    }
  ],
  "losses": []
}