{
  "totalServePoints": 65,
  "firstServeIn": 38,
  "firstServeInPct": 0.5846153846153846,
  "firstServeWon": 24,
  "firstServeWinPct": 0.631578947368421,
  "secondServeTotal": 27,
  "secondServeWon": 17,
  "secondServeWinPct": 0.6296296296296297,
  "aces": 4,
  "acePct": 0.06153846153846154,
  "doubleFaults": 0,
  "doubleFaultPct": 0
}