{
  "totalServePoints": 24487,
  "firstServeIn": 16709,
  "firstServeInPct": 0.6823620696696207,
  "firstServeWon": 11963,
  "firstServeWinPct": 0.7159614578969418,
  "secondServeTotal": 7778,
  "secondServeWon": 4396,
  "secondServeWinPct": 0.565183851889946,
  "aces": 1113,
  "acePct": 0.04545268918201495,
  "doubleFaults": 0,
  "doubleFaultPct": 0
}