{
  "totalServePoints": 49,
  "firstServeIn": 28,
  "firstServeInPct": 0.5714285714285714,
  "firstServeWon": 24,
  "firstServeWinPct": 0.8571428571428571,
  "secondServeTotal": 21,
  "secondServeWon": 13,
  "secondServeWinPct": 0.6190476190476191,
  "aces": 11,
  "acePct": 0.22448979591836735,
  "doubleFaults": 0,
  "doubleFaultPct": 0
}