{
  "totalServePoints": 1338,
  "firstServeIn": 810,
  "firstServeInPct": 0.6053811659192825,
  "firstServeWon": 572,
  "firstServeWinPct": 0.7061728395061728,
  "secondServeTotal": 528,
  "secondServeWon": 279,
  "secondServeWinPct": 0.5284090909090909,
  "aces": 105,
  "acePct": 0.07847533632286996,
  "doubleFaults": 0,
  "doubleFaultPct": 0
}