{
  "totalServePoints": 583,
  "firstServeIn": 382,
  "firstServeInPct": 0.6552315608919382,
  "firstServeWon": 279,
  "firstServeWinPct": 0.7303664921465969,
  "secondServeTotal": 201,
  "secondServeWon": 87,
  "secondServeWinPct": 0.43283582089552236,
  "aces": 37,
  "acePct": 0.0634648370497427,
  "doubleFaults": 0,
  "doubleFaultPct": 0
}