{
  "totalServePoints": 1747,
  "firstServeIn": 977,
  "firstServeInPct": 0.5592444190040069,
  "firstServeWon": 662,
  "firstServeWinPct": 0.6775844421699079,
  "secondServeTotal": 770,
  "secondServeWon": 381,
  "secondServeWinPct": 0.4948051948051948,
  "aces": 104,
  "acePct": 0.059530623926731537,
  "doubleFaults": 0,
  "doubleFaultPct": 0
}