{
  "totalServePoints": 7092,
  "firstServeIn": 4275,
  "firstServeInPct": 0.6027918781725888,
  "firstServeWon": 3186,
  "firstServeWinPct": 0.7452631578947368,
  "secondServeTotal": 2817,
  "secondServeWon": 1414,
  "secondServeWinPct": 0.5019524316648917,
  "aces": 675,
  "acePct": 0.09517766497461928,
  "doubleFaults": 0,
  "doubleFaultPct": 0
}