{
  "totalServePoints": 2246,
  "firstServeIn": 1427,
  "firstServeInPct": 0.6353517364203027,
  "firstServeWon": 1080,
  "firstServeWinPct": 0.7568325157673441,
  "secondServeTotal": 819,
  "secondServeWon": 412,
  "secondServeWinPct": 0.503052503052503,
  "aces": 281,
  "acePct": 0.12511130899376668,
  "doubleFaults": 0,
  "doubleFaultPct": 0
}