{
  "totalServePoints": 2707,
  "firstServeIn": 1682,
  "firstServeInPct": 0.6213520502401182,
  "firstServeWon": 1245,
  "firstServeWinPct": 0.7401902497027348,
  "secondServeTotal": 1025,
  "secondServeWon": 484,
  "secondServeWinPct": 0.4721951219512195,
  "aces": 295,
  "acePct": 0.10897672700406354,
  "doubleFaults": 0,
  "doubleFaultPct": 0
}