{
  "totalServePoints": 4990,
  "firstServeIn": 3336,
  "firstServeInPct": 0.6685370741482966,
  "firstServeWon": 2143,
  "firstServeWinPct": 0.6423860911270983,
  "secondServeTotal": 1654,
  "secondServeWon": 819,
  "secondServeWinPct": 0.4951632406287787,
  "aces": 176,
  "acePct": 0.035270541082164326,
  "doubleFaults": 0,
  "doubleFaultPct": 0
}