{
  "wins": [],
  "losses": [
    {
      "shotType": "BACKHAND",
      "total": 60,
      "winnerRate": 0.45,
      "adjustedEffectiveness": 0.016473988439306364
    },
    {
      "shotType": "FOREHAND",
      "total": 80,
      "winnerRate": 0.25,
      "adjustedEffectiveness": -0.18352601156069365
    },
    {
      "shotType": "SERVE",
      "total": 86,
      "winnerRate": 0.5465116279069767,
      "adjustedEffectiveness": 0.11298561634628307
    }
  ]
}