{
  "totalServePoints": 17243,
  "firstServeIn": 11016,
  "firstServeInPct": 0.6388679464130371,
  "firstServeWon": 8539,
  "firstServeWinPct": 0.7751452432824982,
  "secondServeTotal": 6227,
  "secondServeWon": 3269,
  "secondServeWinPct": 0.5249718965794122,
  "aces": 2568,
  "acePct": 0.1489300005799455,
  "doubleFaults": 0,
  "doubleFaultPct": 0
}