{
  "winning": [
    {
      "sequence": [
        "BACKHAND_SLICE_CENTER",
        "FOREHAND_RIGHT"
      ],
      "total": 21,
      "winnerRate": 0.47619047619047616,
      "uplift": 0.07117255504352277,
      "rankScore": 0.21668644078011043
    },
    {
      "sequence": [
        "WIDE",
        "BACKHAND_SLICE_CENTER"
      ],
      "total": 22,
      "winnerRate": 0.45454545454545453,
      "uplift": 0.04952753339850113,
      "rankScore": 0.1530917083448889
    }
  ],
  "losing": []
}