{
  "totalServePoints": 133,
  "firstServeIn": 81,
  "firstServeInPct": 0.6090225563909775,
  "firstServeWon": 54,
  "firstServeWinPct": 0.6666666666666666,
  "secondServeTotal": 52,
  "secondServeWon": 32,
  "secondServeWinPct": 0.6153846153846154,
  "aces": 9,
  "acePct": 0.06766917293233082,
  "doubleFaults": 0,
  "doubleFaultPct": 0
}