{
  "wins": [
    {
      "shotType": "FOREHAND",
      "total": 24,
      "winnerRate": 0.5,
      "adjustedEffectiveness": 0.047058823529411764
    },
    {
      "shotType": "SERVE",
      "total": 35,
      "winnerRate": 0.4857142857142857,
      "adjustedEffectiveness": 0.032773109243697474
    }
  ],
  "losses": [
    {
      "shotType": "BACKHAND",
      "total": 55,
      "winnerRate": 0.34545454545454546,
      "adjustedEffectiveness": -0.10748663101604278
    },
    {
      "shotType": "FOREHAND",
      "total": 63,
      "winnerRate": 0.36507936507936506,
      "adjustedEffectiveness": -0.08786181139122318
    },
    {
      "shotType": "SERVE",
      "total": 50,
      "winnerRate": 0.6,
      "adjustedEffectiveness": 0.14705882352941174
    }
  ]
}