{
  "totalServePoints": 11197,
  "firstServeIn": 6508,
  "firstServeInPct": 0.5812271144056443,
  "firstServeWon": 4753,
  "firstServeWinPct": 0.7303318992009834,
  "secondServeTotal": 4689,
  "secondServeWon": 2504,
  "secondServeWinPct": 0.5340157816165494,
  "aces": 974,
  "acePct": 0.08698758596052514,
  "doubleFaults": 0,
  "doubleFaultPct": 0
}