{
  "winning": [
    {
      "sequence": [
        "FOREHAND_LEFT",
        "BACKHAND_LEFT"
      ],
      "total": 20,
      "winnerRate": 0.45,
      "uplift": 0.007377049180327888,
      "rankScore": 0.02209966431310327
    }
  ],
  "losing": []
}