{
  "wins": [
    {
      "shotType": "BACKHAND",
      "total": 23,
      "winnerRate": 0.391304347826087,
      "adjustedEffectiveness": -0.01266916210768787
    },
    {
      "shotType": "BACKHAND_SLICE",
      "total": 19,
      "winnerRate": 0.5789473684210527,
      "adjustedEffectiveness": 0.1749738584872778
    },
    {
      "shotType": "FOREHAND",
      "total": 44,
      "winnerRate": 0.5681818181818182,
      "adjustedEffectiveness": 0.1642083082480434
    },
    {
      "shotType": "SERVE",
      "total": 76,
      "winnerRate": 0.47368421052631576,
      "adjustedEffectiveness": 0.06971070059254092
    }
  ],
  "losses": []
}