{
  "totalServePoints": 90,
  "firstServeIn": 52,
  "firstServeInPct": 0.5777777777777777,
  "firstServeWon": 34,
  "firstServeWinPct": 0.6538461538461539,
  "secondServeTotal": 38,
  "secondServeWon": 17,
  "secondServeWinPct": 0.4473684210526316,
  "aces": 6,
  "acePct": 0.06666666666666667,
  "doubleFaults": 0,
  "doubleFaultPct": 0
}