{
  "totalServePoints": 252,
  "firstServeIn": 162,
  "firstServeInPct": 0.6428571428571429,
  "firstServeWon": 121,
  "firstServeWinPct": 0.7469135802469136,
  "secondServeTotal": 90,
  "secondServeWon": 45,
  "secondServeWinPct": 0.5,
  "aces": 27,
  "acePct": 0.10714285714285714,
  "doubleFaults": 0,
  "doubleFaultPct": 0
}