{
  "winning": [
    {
      "sequence": [
        "FOREHAND_RIGHT",
        "FOREHAND_RIGHT"
      ],
      "total": 22,
      "winnerRate": 0.7272727272727273,
      "uplift": 0.3717171717171717,
      "rankScore": 1.148993558420061
    },
    {
      "sequence": [
        "BACKHAND_LEFT",
        "BACKHAND_LEFT"
      ],
      "total": 16,
      "winnerRate": 0.75,
      "uplift": 0.39444444444444443,
      "rankScore": 1.0936322182168026
    }
  ],
  "losing": []
}