{
  "totalServePoints": 249,
  "firstServeIn": 150,
  "firstServeInPct": 0.6024096385542169,
  "firstServeWon": 109,
  "firstServeWinPct": 0.7266666666666667,
  "secondServeTotal": 99,
  "secondServeWon": 55,
  "secondServeWinPct": 0.5555555555555556,
  "aces": 24,
  "acePct": 0.0963855421686747,
  "doubleFaults": 0,
  "doubleFaultPct": 0
}