{
  "winning": [
    {
      "sequence": [
        "FOREHAND_RIGHT",
        "FOREHAND_RIGHT"
      ],
      "total": 18,
      "winnerRate": 0.4444444444444444,
      "uplift": 0.05297157622739018,
      "rankScore": 0.15310754789889244
    }
  ],
  "losing": []
}