{
  "wins": [],
  "losses": [
    {
      "shotType": "BACKHAND",
      "total": 33,
      "winnerRate": 0.18181818181818182,
      "adjustedEffectiveness": -0.17883755588673622
    },
    {
      "shotType": "FOREHAND",
      "total": 48,
      "winnerRate": 0.25,
      "adjustedEffectiveness": -0.11065573770491804
    },
    {
      "shotType": "SERVE",
      "total": 61,
      "winnerRate": 0.4918032786885246,
      "adjustedEffectiveness": 0.13114754098360654
    }
  ]
}