{
  "totalServePoints": 63,
  "firstServeIn": 33,
  "firstServeInPct": 0.5238095238095238,
  "firstServeWon": 30,
  "firstServeWinPct": 0.9090909090909091,
  "secondServeTotal": 30,
  "secondServeWon": 14,
  "secondServeWinPct": 0.4666666666666667,
  "aces": 4,
  "acePct": 0.06349206349206349,
  "doubleFaults": 0,
  "doubleFaultPct": 0
}