{
  "winning": [
    {
      "sequence": [
        "BACKHAND_CENTER",
        "BACKHAND_CENTER"
      ],
      "total": 17,
      "winnerRate": 0.5882352941176471,
      "uplift": 0.15073529411764708,
      "rankScore": 0.4270652467143562
    }
  ],
  "losing": [
    {
      "sequence": [
        "FOREHAND_LEFT",
        "BACKHAND_LEFT"
      ],
      "total": 15,
      "winnerRate": 0.4,
      "uplift": -0.03749999999999998,
      "rankScore": -0.10155188254133282
    }
  ]
}