{
  "totalServePoints": 122,
  "firstServeIn": 87,
  "firstServeInPct": 0.7131147540983607,
  "firstServeWon": 55,
  "firstServeWinPct": 0.632183908045977,
  "secondServeTotal": 35,
  "secondServeWon": 20,
  "secondServeWinPct": 0.5714285714285714,
  "aces": 6,
  "acePct": 0.04918032786885246,
  "doubleFaults": 0,
  "doubleFaultPct": 0
}