{
  "totalServePoints": 158,
  "firstServeIn": 98,
  "firstServeInPct": 0.620253164556962,
  "firstServeWon": 69,
  "firstServeWinPct": 0.7040816326530612,
  "secondServeTotal": 60,
  "secondServeWon": 28,
  "secondServeWinPct": 0.4666666666666667,
  "aces": 4,
  "acePct": 0.02531645569620253,
  "doubleFaults": 0,
  "doubleFaultPct": 0
}