{
  "totalServePoints": 1366,
  "firstServeIn": 872,
  "firstServeInPct": 0.6383601756954612,
  "firstServeWon": 597,
  "firstServeWinPct": 0.6846330275229358,
  "secondServeTotal": 494,
  "secondServeWon": 229,
  "secondServeWinPct": 0.46356275303643724,
  "aces": 78,
  "acePct": 0.05710102489019034,
  "doubleFaults": 0,
  "doubleFaultPct": 0
}