{
  "wins": [
    {
      "shotType": "BACKHAND",
      "total": 58,
      "winnerRate": 0.27586206896551724,
      "adjustedEffectiveness": -0.17150635208711434
    },
    {
      "shotType": "BACKHAND_SLICE",
      "total": 16,
      "winnerRate": 0.1875,
      "adjustedEffectiveness": -0.2598684210526316
    },
    {
      "shotType": "FOREHAND",
      "total": 92,
      "winnerRate": 0.3695652173913043,
      "adjustedEffectiveness": -0.07780320366132726
    },
    {
      "shotType": "SERVE",
      "total": 95,
      "winnerRate": 0.5578947368421052,
      "adjustedEffectiveness": 0.11052631578947364
    }
  ],
  "losses": []
}