{
  "winning": [],
  "losing": [
    {
      "sequence": [
        "FOREHAND_RIGHT",
        "FOREHAND_RIGHT"
      ],
      "total": 34,
      "winnerRate": 0.29411764705882354,
      "uplift": -0.15325077399380804,
      "rankScore": -0.5404174797786377
    },
    {
      "sequence": [
        "FOREHAND_RIGHT",
        "FOREHAND_RIGHT",
        "FOREHAND_RIGHT"
      ],
      "total": 15,
      "winnerRate": 0.26666666666666666,
      "uplift": -0.18070175438596492,
      "rankScore": -0.48934942230443446
    }
  ]
}