{
  "totalServePoints": 374,
  "firstServeIn": 211,
  "firstServeInPct": 0.5641711229946524,
  "firstServeWon": 129,
  "firstServeWinPct": 0.6113744075829384,
  "secondServeTotal": 163,
  "secondServeWon": 76,
  "secondServeWinPct": 0.4662576687116564,
  "aces": 24,
  "acePct": 0.06417112299465241,
  "doubleFaults": 0,
  "doubleFaultPct": 0
}