{
  "wins": [
    {
      "shotType": "BACKHAND",
      "total": 64,
      "winnerRate": 0.34375,
      "adjustedEffectiveness": -0.013825757575757602
    },
    {
      "shotType": "BACKHAND_SLICE",
      "total": 15,
      "winnerRate": 0.4,
      "adjustedEffectiveness": 0.04242424242424242
    },
    {
      "shotType": "FOREHAND",
      "total": 74,
      "winnerRate": 0.40540540540540543,
      "adjustedEffectiveness": 0.047829647829647826
    },
    {
      "shotType": "SERVE",
      "total": 83,
      "winnerRate": 0.43373493975903615,
      "adjustedEffectiveness": 0.07615918218327855
    }
  ],
  "losses": []
}