{
  "winning": [
    {
      "sequence": [
        "FOREHAND_LEFT",
        "FOREHAND_LEFT"
      ],
      "total": 18,
      "winnerRate": 0.4444444444444444,
      "uplift": 0.08686868686868682,
      "rankScore": 0.2510827991707778
    }
  ],
  "losing": []
}