{
  "totalServePoints": 70,
  "firstServeIn": 39,
  "firstServeInPct": 0.5571428571428572,
  "firstServeWon": 32,
  "firstServeWinPct": 0.8205128205128205,
  "secondServeTotal": 31,
  "secondServeWon": 13,
  "secondServeWinPct": 0.41935483870967744,
  "aces": 5,
  "acePct": 0.07142857142857142,
  "doubleFaults": 0,
  "doubleFaultPct": 0
}