{
  "winning": [
    {
      "sequence": [
        "FOREHAND_LEFT",
        "BACKHAND_LEFT"
      ],
      "total": 18,
      "winnerRate": 0.4444444444444444,
      "uplift": 0.01717171717171717,
      "rankScore": 0.04963264634771192
    }
  ],
  "losing": []
}