{
  "winning": [
    {
      "sequence": [
        "FOREHAND_LEFT",
        "BACKHAND_LEFT"
      ],
      "total": 18,
      "winnerRate": 0.3888888888888889,
      "uplift": 0.008520790729379668,
      "rankScore": 0.024628252879142453
    }
  ],
  "losing": []
}