{
  "totalServePoints": 151,
  "firstServeIn": 94,
  "firstServeInPct": 0.6225165562913907,
  "firstServeWon": 82,
  "firstServeWinPct": 0.8723404255319149,
  "secondServeTotal": 57,
  "secondServeWon": 23,
  "secondServeWinPct": 0.40350877192982454,
  "aces": 34,
  "acePct": 0.2251655629139073,
  "doubleFaults": 0,
  "doubleFaultPct": 0
}