{
  "totalServePoints": 274,
  "firstServeIn": 151,
  "firstServeInPct": 0.551094890510949,
  "firstServeWon": 116,
  "firstServeWinPct": 0.7682119205298014,
  "secondServeTotal": 123,
  "secondServeWon": 56,
  "secondServeWinPct": 0.45528455284552843,
  "aces": 20,
  "acePct": 0.072992700729927,
  "doubleFaults": 0,
  "doubleFaultPct": 0
}