{
  "totalServePoints": 54,
  "firstServeIn": 31,
  "firstServeInPct": 0.5740740740740741,
  "firstServeWon": 21,
  "firstServeWinPct": 0.6774193548387096,
  "secondServeTotal": 23,
  "secondServeWon": 10,
  "secondServeWinPct": 0.43478260869565216,
  "aces": 7,
  "acePct": 0.12962962962962962,
  "doubleFaults": 0,
  "doubleFaultPct": 0
}