{
  "totalServePoints": 1602,
  "firstServeIn": 909,
  "firstServeInPct": 0.5674157303370787,
  "firstServeWon": 669,
  "firstServeWinPct": 0.735973597359736,
  "secondServeTotal": 693,
  "secondServeWon": 345,
  "secondServeWinPct": 0.49783549783549785,
  "aces": 143,
  "acePct": 0.08926342072409488,
  "doubleFaults": 0,
  "doubleFaultPct": 0
}