{
  "winning": [
    {
      "sequence": [
        "FOREHAND_CENTER",
        "FOREHAND_CENTER"
      ],
      "total": 15,
      "winnerRate": 0.7333333333333333,
      "uplift": 0.33892773892773886,
      "rankScore": 0.9178333315623806
    },
    {
      "sequence": [
        "FOREHAND_LEFT",
        "BACKHAND_LEFT"
      ],
      "total": 18,
      "winnerRate": 0.4444444444444444,
      "uplift": 0.05003885003885,
      "rankScore": 0.14463087894989343
    }
  ],
  "losing": [
    {
      "sequence": [
        "FOREHAND_LEFT",
        "BACKHAND_CENTER"
      ],
      "total": 15,
      "winnerRate": 0.3333333333333333,
      "uplift": -0.0610722610722611,
      "rankScore": -0.16538674887850335
    }
  ]
}