{
  "totalServePoints": 357,
  "firstServeIn": 216,
  "firstServeInPct": 0.6050420168067226,
  "firstServeWon": 150,
  "firstServeWinPct": 0.6944444444444444,
  "secondServeTotal": 141,
  "secondServeWon": 67,
  "secondServeWinPct": 0.475177304964539,
  "aces": 22,
  "acePct": 0.06162464985994398,
  "doubleFaults": 0,
  "doubleFaultPct": 0
}