{
  "totalServePoints": 6371,
  "firstServeIn": 4033,
  "firstServeInPct": 0.6330246429132005,
  "firstServeWon": 2876,
  "firstServeWinPct": 0.713116786511282,
  "secondServeTotal": 2338,
  "secondServeWon": 1085,
  "secondServeWinPct": 0.46407185628742514,
  "aces": 489,
  "acePct": 0.07675404175168733,
  "doubleFaults": 0,
  "doubleFaultPct": 0
}