{
  "winning": [
    {
      "sequence": [
        "BACKHAND_CENTER",
        "FOREHAND_RIGHT"
      ],
      "total": 17,
      "winnerRate": 0.5882352941176471,
      "uplift": 0.20127877237851666,
      "rankScore": 0.5702657037780672
    }
  ],
  "losing": [
    {
      "sequence": [
        "WIDE",
        "BACKHAND_LEFT"
      ],
      "total": 17,
      "winnerRate": 0.29411764705882354,
      "uplift": -0.09283887468030688,
      "rankScore": -0.26303233859140823
    }
  ]
}