{
  "totalServePoints": 1307,
  "firstServeIn": 712,
  "firstServeInPct": 0.5447589900535578,
  "firstServeWon": 479,
  "firstServeWinPct": 0.672752808988764,
  "secondServeTotal": 595,
  "secondServeWon": 292,
  "secondServeWinPct": 0.4907563025210084,
  "aces": 76,
  "acePct": 0.05814843152257077,
  "doubleFaults": 0,
  "doubleFaultPct": 0
}