{
  "winning": [
    {
      "sequence": [
        "T",
        "BACKHAND_CENTER"
      ],
      "total": 16,
      "winnerRate": 0.5625,
      "uplift": 0.1736111111111111,
      "rankScore": 0.4813522087221842
    }
  ],
  "losing": [
    {
      "sequence": [
        "FOREHAND_RIGHT",
        "FOREHAND_RIGHT"
      ],
      "total": 22,
      "winnerRate": 0.18181818181818182,
      "uplift": -0.20707070707070707,
      "rankScore": -0.6400643464024796
    },
    {
      "sequence": [
        "FOREHAND_RIGHT",
        "FOREHAND_CENTER"
      ],
      "total": 17,
      "winnerRate": 0.29411764705882354,
      "uplift": -0.09477124183006536,
      "rankScore": -0.2685071469857198
    },
    {
      "sequence": [
        "FOREHAND_CENTER",
        "FOREHAND_LEFT"
      ],
      "total": 16,
      "winnerRate": 0.3125,
      "uplift": -0.0763888888888889,
      "rankScore": -0.21179497183776108
    }
  ]
}