{
  "totalServePoints": 716,
  "firstServeIn": 447,
  "firstServeInPct": 0.6243016759776536,
  "firstServeWon": 329,
  "firstServeWinPct": 0.7360178970917226,
  "secondServeTotal": 269,
  "secondServeWon": 157,
  "secondServeWinPct": 0.5836431226765799,
  "aces": 69,
  "acePct": 0.09636871508379888,
  "doubleFaults": 0,
  "doubleFaultPct": 0
}