{
  "totalServePoints": 493,
  "firstServeIn": 318,
  "firstServeInPct": 0.6450304259634888,
  "firstServeWon": 203,
  "firstServeWinPct": 0.6383647798742138,
  "secondServeTotal": 175,
  "secondServeWon": 84,
  "secondServeWinPct": 0.48,
  "aces": 10,
  "acePct": 0.02028397565922921,
  "doubleFaults": 0,
  "doubleFaultPct": 0
}