{
  "totalServePoints": 5399,
  "firstServeIn": 3286,
  "firstServeInPct": 0.6086312280051861,
  "firstServeWon": 2249,
  "firstServeWinPct": 0.684418746195983,
  "secondServeTotal": 2113,
  "secondServeWon": 1087,
  "secondServeWinPct": 0.5144344533838144,
  "aces": 324,
  "acePct": 0.06001111316910539,
  "doubleFaults": 0,
  "doubleFaultPct": 0
}