{
  "wins": [
    {
      "shotType": "BACKHAND",
      "total": 38,
      "winnerRate": 0.3157894736842105,
      "adjustedEffectiveness": -0.12057416267942583
    },
    {
      "shotType": "FOREHAND",
      "total": 51,
      "winnerRate": 0.35294117647058826,
      "adjustedEffectiveness": -0.08342245989304808
    },
    {
      "shotType": "SERVE",
      "total": 55,
      "winnerRate": 0.5272727272727272,
      "adjustedEffectiveness": 0.09090909090909088
    }
  ],
  "losses": []
}