{
  "totalServePoints": 213,
  "firstServeIn": 130,
  "firstServeInPct": 0.6103286384976526,
  "firstServeWon": 76,
  "firstServeWinPct": 0.5846153846153846,
  "secondServeTotal": 83,
  "secondServeWon": 32,
  "secondServeWinPct": 0.3855421686746988,
  "aces": 5,
  "acePct": 0.023474178403755867,
  "doubleFaults": 0,
  "doubleFaultPct": 0
}