{
  "totalServePoints": 6577,
  "firstServeIn": 4352,
  "firstServeInPct": 0.6616998631594952,
  "firstServeWon": 3438,
  "firstServeWinPct": 0.7899816176470589,
  "secondServeTotal": 2225,
  "secondServeWon": 1292,
  "secondServeWinPct": 0.5806741573033708,
  "aces": 725,
  "acePct": 0.11023262885814201,
  "doubleFaults": 0,
  "doubleFaultPct": 0
}