{
  "totalServePoints": 673,
  "firstServeIn": 463,
  "firstServeInPct": 0.687964338781575,
  "firstServeWon": 305,
  "firstServeWinPct": 0.6587473002159827,
  "secondServeTotal": 210,
  "secondServeWon": 90,
  "secondServeWinPct": 0.42857142857142855,
  "aces": 36,
  "acePct": 0.05349182763744428,
  "doubleFaults": 0,
  "doubleFaultPct": 0
}