{
  "wins": [
    {
      "shotType": "BACKHAND",
      "total": 75,
      "winnerRate": 0.37333333333333335,
      "adjustedEffectiveness": 0.04503144654088054
    },
    {
      "shotType": "BACKHAND_SLICE",
      "total": 16,
      "winnerRate": 0.3125,
      "adjustedEffectiveness": -0.015801886792452813
    },
    {
      "shotType": "FOREHAND",
      "total": 95,
      "winnerRate": 0.37894736842105264,
      "adjustedEffectiveness": 0.05064548162859983
    },
    {
      "shotType": "SERVE",
      "total": 133,
      "winnerRate": 0.3383458646616541,
      "adjustedEffectiveness": 0.010043977869201304
    }
  ],
  "losses": []
}