{
  "totalServePoints": 142,
  "firstServeIn": 89,
  "firstServeInPct": 0.6267605633802817,
  "firstServeWon": 57,
  "firstServeWinPct": 0.6404494382022472,
  "secondServeTotal": 53,
  "secondServeWon": 25,
  "secondServeWinPct": 0.4716981132075472,
  "aces": 5,
  "acePct": 0.035211267605633804,
  "doubleFaults": 0,
  "doubleFaultPct": 0
}