{
  "totalServePoints": 13241,
  "firstServeIn": 8318,
  "firstServeInPct": 0.6282002869873876,
  "firstServeWon": 6204,
  "firstServeWinPct": 0.7458523683577784,
  "secondServeTotal": 4923,
  "secondServeWon": 2445,
  "secondServeWinPct": 0.49664838513101767,
  "aces": 1140,
  "acePct": 0.0860962162978627,
  "doubleFaults": 0,
  "doubleFaultPct": 0
}