{
  "totalServePoints": 1485,
  "firstServeIn": 959,
  "firstServeInPct": 0.6457912457912458,
  "firstServeWon": 599,
  "firstServeWinPct": 0.6246089676746611,
  "secondServeTotal": 526,
  "secondServeWon": 264,
  "secondServeWinPct": 0.5019011406844106,
  "aces": 34,
  "acePct": 0.022895622895622896,
  "doubleFaults": 0,
  "doubleFaultPct": 0
}