{
  "wins": [],
  "losses": [
    {
      "shotType": "BACKHAND",
      "total": 17,
      "winnerRate": 0.47058823529411764,
      "adjustedEffectiveness": 0.08665966386554619
    },
    {
      "shotType": "BACKHAND_SLICE",
      "total": 20,
      "winnerRate": 0.2,
      "adjustedEffectiveness": -0.18392857142857144
    },
    {
      "shotType": "FOREHAND",
      "total": 50,
      "winnerRate": 0.34,
      "adjustedEffectiveness": -0.04392857142857143
    },
    {
      "shotType": "SERVE",
      "total": 56,
      "winnerRate": 0.42857142857142855,
      "adjustedEffectiveness": 0.044642857142857095
    }
  ]
}