{
  "totalServePoints": 2595,
  "firstServeIn": 1705,
  "firstServeInPct": 0.6570327552986512,
  "firstServeWon": 1341,
  "firstServeWinPct": 0.7865102639296188,
  "secondServeTotal": 890,
  "secondServeWon": 482,
  "secondServeWinPct": 0.5415730337078651,
  "aces": 503,
  "acePct": 0.19383429672447014,
  "doubleFaults": 0,
  "doubleFaultPct": 0
}