{
  "totalServePoints": 361,
  "firstServeIn": 205,
  "firstServeInPct": 0.5678670360110804,
  "firstServeWon": 147,
  "firstServeWinPct": 0.7170731707317073,
  "secondServeTotal": 156,
  "secondServeWon": 74,
  "secondServeWinPct": 0.47435897435897434,
  "aces": 26,
  "acePct": 0.07202216066481995,
  "doubleFaults": 0,
  "doubleFaultPct": 0
}