{
  "winning": [
    {
      "sequence": [
        "FOREHAND_LEFT",
        "BACKHAND_LEFT"
      ],
      "total": 21,
      "winnerRate": 0.42857142857142855,
      "uplift": 0.024316109422492405,
      "rankScore": 0.07403094073491608
    }
  ],
  "losing": [
    {
      "sequence": [
        "BACKHAND_LEFT",
        "BACKHAND_LEFT"
      ],
      "total": 33,
      "winnerRate": 0.2727272727272727,
      "uplift": -0.13152804642166344,
      "rankScore": -0.45988880885826044
    },
    {
      "sequence": [
        "BACKHAND_LEFT",
        "BACKHAND_LEFT",
        "BACKHAND_LEFT"
      ],
      "total": 18,
      "winnerRate": 0.2777777777777778,
      "uplift": -0.12647754137115835,
      "rankScore": -0.36556711358733984
    },
    {
      "sequence": [
        "FOREHAND_RIGHT",
        "FOREHAND_RIGHT"
      ],
      "total": 24,
      "winnerRate": 0.375,
      "uplift": -0.029255319148936143,
      "rankScore": -0.09297497907932811
    }
  ]
}