{
  "totalServePoints": 155,
  "firstServeIn": 103,
  "firstServeInPct": 0.6645161290322581,
  "firstServeWon": 69,
  "firstServeWinPct": 0.6699029126213593,
  "secondServeTotal": 52,
  "secondServeWon": 21,
  "secondServeWinPct": 0.40384615384615385,
  "aces": 11,
  "acePct": 0.07096774193548387,
  "doubleFaults": 0,
  "doubleFaultPct": 0
}