{
  "totalServePoints": 334,
  "firstServeIn": 222,
  "firstServeInPct": 0.6646706586826348,
  "firstServeWon": 137,
  "firstServeWinPct": 0.6171171171171171,
  "secondServeTotal": 112,
  "secondServeWon": 50,
  "secondServeWinPct": 0.44642857142857145,
  "aces": 24,
  "acePct": 0.0718562874251497,
  "doubleFaults": 0,
  "doubleFaultPct": 0
}