{
  "totalServePoints": 3319,
  "firstServeIn": 1930,
  "firstServeInPct": 0.5815004519433564,
  "firstServeWon": 1310,
  "firstServeWinPct": 0.6787564766839378,
  "secondServeTotal": 1389,
  "secondServeWon": 691,
  "secondServeWinPct": 0.4974802015838733,
  "aces": 134,
  "acePct": 0.040373606507984335,
  "doubleFaults": 0,
  "doubleFaultPct": 0
}