{
  "totalServePoints": 379,
  "firstServeIn": 257,
  "firstServeInPct": 0.6781002638522428,
  "firstServeWon": 185,
  "firstServeWinPct": 0.7198443579766537,
  "secondServeTotal": 122,
  "secondServeWon": 66,
  "secondServeWinPct": 0.5409836065573771,
  "aces": 21,
  "acePct": 0.055408970976253295,
  "doubleFaults": 0,
  "doubleFaultPct": 0
}