{
  "winning": [],
  "losing": [
    {
      "sequence": [
        "FOREHAND_LEFT_DEEP",
        "BACKHAND_LEFT_DEEP"
      ],
      "total": 15,
      "winnerRate": 0.2,
      "uplift": -0.21206030150753769,
      "rankScore": -0.5742699421432828
    },
    {
      "sequence": [
        "BACKHAND_LEFT",
        "BACKHAND_LEFT"
      ],
      "total": 15,
      "winnerRate": 0.2,
      "uplift": -0.21206030150753769,
      "rankScore": -0.5742699421432828
    },
    {
      "sequence": [
        "FOREHAND_LEFT",
        "BACKHAND_LEFT"
      ],
      "total": 19,
      "winnerRate": 0.3684210526315789,
      "uplift": -0.04363924887595877,
      "rankScore": -0.12849310541191827
    },
    {
      "sequence": [
        "FOREHAND_CENTER_DEEP",
        "FOREHAND_LEFT_DEEP"
      ],
      "total": 15,
      "winnerRate": 0.4,
      "uplift": -0.012060301507537674,
      "rankScore": -0.032659901922840684
    }
  ]
}