{
  "totalServePoints": 307,
  "firstServeIn": 189,
  "firstServeInPct": 0.6156351791530945,
  "firstServeWon": 127,
  "firstServeWinPct": 0.671957671957672,
  "secondServeTotal": 118,
  "secondServeWon": 60,
  "secondServeWinPct": 0.5084745762711864,
  "aces": 11,
  "acePct": 0.035830618892508145,
  "doubleFaults": 0,
  "doubleFaultPct": 0
}