{
  "totalServePoints": 319,
  "firstServeIn": 205,
  "firstServeInPct": 0.6426332288401254,
  "firstServeWon": 143,
  "firstServeWinPct": 0.697560975609756,
  "secondServeTotal": 114,
  "secondServeWon": 55,
  "secondServeWinPct": 0.4824561403508772,
  "aces": 22,
  "acePct": 0.06896551724137931,
  "doubleFaults": 0,
  "doubleFaultPct": 0
}