{
  "wins": [],
  "losses": [
    {
      "shotType": "BACKHAND",
      "total": 94,
      "winnerRate": 0.3723404255319149,
      "adjustedEffectiveness": -0.04573867051328284
    },
    {
      "shotType": "FOREHAND",
      "total": 132,
      "winnerRate": 0.4393939393939394,
      "adjustedEffectiveness": 0.021314843348741674
    },
    {
      "shotType": "SERVE",
      "total": 88,
      "winnerRate": 0.5454545454545454,
      "adjustedEffectiveness": 0.1273754494093477
    }
  ]
}