{
  "totalServePoints": 97,
  "firstServeIn": 73,
  "firstServeInPct": 0.7525773195876289,
  "firstServeWon": 56,
  "firstServeWinPct": 0.7671232876712328,
  "secondServeTotal": 24,
  "secondServeWon": 7,
  "secondServeWinPct": 0.2916666666666667,
  "aces": 3,
  "acePct": 0.030927835051546393,
  "doubleFaults": 0,
  "doubleFaultPct": 0
}