{
  "totalServePoints": 593,
  "firstServeIn": 405,
  "firstServeInPct": 0.6829679595278246,
  "firstServeWon": 286,
  "firstServeWinPct": 0.7061728395061728,
  "secondServeTotal": 188,
  "secondServeWon": 103,
  "secondServeWinPct": 0.5478723404255319,
  "aces": 41,
  "acePct": 0.06913996627318718,
  "doubleFaults": 0,
  "doubleFaultPct": 0
}