{
  "totalServePoints": 5050,
  "firstServeIn": 3281,
  "firstServeInPct": 0.6497029702970297,
  "firstServeWon": 2393,
  "firstServeWinPct": 0.7293508076805851,
  "secondServeTotal": 1769,
  "secondServeWon": 907,
  "secondServeWinPct": 0.5127190503109101,
  "aces": 523,
  "acePct": 0.10356435643564356,
  "doubleFaults": 0,
  "doubleFaultPct": 0
}