{
  "totalServePoints": 7916,
  "firstServeIn": 4859,
  "firstServeInPct": 0.6138201111672562,
  "firstServeWon": 3587,
  "firstServeWinPct": 0.7382177402757769,
  "secondServeTotal": 3057,
  "secondServeWon": 1493,
  "secondServeWinPct": 0.48838730781812234,
  "aces": 812,
  "acePct": 0.10257705912076806,
  "doubleFaults": 0,
  "doubleFaultPct": 0
}