{
  "wins": [],
  "losses": [
    {
      "shotType": "BACKHAND",
      "total": 69,
      "winnerRate": 0.42028985507246375,
      "adjustedEffectiveness": -0.010089891762979308
    },
    {
      "shotType": "FOREHAND",
      "total": 95,
      "winnerRate": 0.42105263157894735,
      "adjustedEffectiveness": -0.00932711525649571
    },
    {
      "shotType": "SERVE",
      "total": 39,
      "winnerRate": 0.5384615384615384,
      "adjustedEffectiveness": 0.10808179162609538
    }
  ]
}