{
  "wins": [
    {
      "shotType": "BACKHAND",
      "total": 25,
      "winnerRate": 0.44,
      "adjustedEffectiveness": -0.021538461538461562
    },
    {
      "shotType": "FOREHAND",
      "total": 26,
      "winnerRate": 0.5,
      "adjustedEffectiveness": 0.038461538461538436
    },
    {
      "shotType": "SERVE",
      "total": 39,
      "winnerRate": 0.5641025641025641,
      "adjustedEffectiveness": 0.10256410256410253
    }
  ],
  "losses": []
}