{
  "winning": [],
  "losing": [
    {
      "sequence": [
        "FOREHAND_RIGHT",
        "FOREHAND_RIGHT"
      ],
      "total": 15,
      "winnerRate": 0.06666666666666667,
      "uplift": -0.3271157167530225,
      "rankScore": -0.8858457825367161
    },
    {
      "sequence": [
        "FOREHAND_LEFT",
        "BACKHAND_SLICE_LEFT"
      ],
      "total": 17,
      "winnerRate": 0.23529411764705882,
      "uplift": -0.1584882657726303,
      "rankScore": -0.44903106946334426
    }
  ]
}