{
  "totalServePoints": 184,
  "firstServeIn": 100,
  "firstServeInPct": 0.5434782608695652,
  "firstServeWon": 67,
  "firstServeWinPct": 0.67,
  "secondServeTotal": 84,
  "secondServeWon": 35,
  "secondServeWinPct": 0.4166666666666667,
  "aces": 6,
  "acePct": 0.03260869565217391,
  "doubleFaults": 0,
  "doubleFaultPct": 0
}