{
  "totalServePoints": 1286,
  "firstServeIn": 783,
  "firstServeInPct": 0.6088646967340591,
  "firstServeWon": 491,
  "firstServeWinPct": 0.6270753512132823,
  "secondServeTotal": 503,
  "secondServeWon": 235,
  "secondServeWinPct": 0.4671968190854871,
  "aces": 49,
  "acePct": 0.038102643856920686,
  "doubleFaults": 0,
  "doubleFaultPct": 0
}