{
  "wins": [],
  "losses": [
    {
      "shotType": "BACKHAND",
      "total": 38,
      "winnerRate": 0.39473684210526316,
      "adjustedEffectiveness": 0.046910755148741434
    },
    {
      "shotType": "FOREHAND",
      "total": 66,
      "winnerRate": 0.2878787878787879,
      "adjustedEffectiveness": -0.05994729907773383
    },
    {
      "shotType": "SERVE",
      "total": 57,
      "winnerRate": 0.3333333333333333,
      "adjustedEffectiveness": -0.014492753623188415
    }
  ]
}