{
  "wins": [],
  "losses": [
    {
      "shotType": "BACKHAND",
      "total": 37,
      "winnerRate": 0.43243243243243246,
      "adjustedEffectiveness": -0.014376078205865395
    },
    {
      "shotType": "BACKHAND_SLICE",
      "total": 23,
      "winnerRate": 0.43478260869565216,
      "adjustedEffectiveness": -0.01202590194264569
    },
    {
      "shotType": "FOREHAND",
      "total": 101,
      "winnerRate": 0.5445544554455446,
      "adjustedEffectiveness": 0.09774594480724674
    },
    {
      "shotType": "SERVE",
      "total": 47,
      "winnerRate": 0.425531914893617,
      "adjustedEffectiveness": -0.021276595744680826
    }
  ]
}