{
  "winning": [
    {
      "sequence": [
        "FOREHAND_RIGHT",
        "FOREHAND_RIGHT"
      ],
      "total": 16,
      "winnerRate": 0.5625,
      "uplift": 0.11569148936170215,
      "rankScore": 0.320764918663379
    },
    {
      "sequence": [
        "FOREHAND_LEFT",
        "BACKHAND_CENTER"
      ],
      "total": 17,
      "winnerRate": 0.5294117647058824,
      "uplift": 0.08260325406758451,
      "rankScore": 0.23403264168674634
    }
  ],
  "losing": [
    {
      "sequence": [
        "FOREHAND_LEFT",
        "BACKHAND_SLICE_LEFT"
      ],
      "total": 16,
      "winnerRate": 0.3125,
      "uplift": -0.13430851063829785,
      "rankScore": -0.3723822618965663
    }
  ]
}