{
  "totalServePoints": 346,
  "firstServeIn": 238,
  "firstServeInPct": 0.6878612716763006,
  "firstServeWon": 128,
  "firstServeWinPct": 0.5378151260504201,
  "secondServeTotal": 108,
  "secondServeWon": 49,
  "secondServeWinPct": 0.4537037037037037,
  "aces": 9,
  "acePct": 0.02601156069364162,
  "doubleFaults": 0,
  "doubleFaultPct": 0
}