{
  "totalServePoints": 59,
  "firstServeIn": 46,
  "firstServeInPct": 0.7796610169491526,
  "firstServeWon": 33,
  "firstServeWinPct": 0.717391304347826,
  "secondServeTotal": 13,
  "secondServeWon": 8,
  "secondServeWinPct": 0.6153846153846154,
  "aces": 2,
  "acePct": 0.03389830508474576,
  "doubleFaults": 0,
  "doubleFaultPct": 0
}