{
  "totalServePoints": 658,
  "firstServeIn": 396,
  "firstServeInPct": 0.601823708206687,
  "firstServeWon": 275,
  "firstServeWinPct": 0.6944444444444444,
  "secondServeTotal": 262,
  "secondServeWon": 115,
  "secondServeWinPct": 0.4389312977099237,
  "aces": 39,
  "acePct": 0.05927051671732523,
  "doubleFaults": 0,
  "doubleFaultPct": 0
}