{
  "winning": [
    {
      "sequence": [
        "FOREHAND_LEFT",
        "BACKHAND_LEFT"
      ],
      "total": 20,
      "winnerRate": 0.45,
      "uplift": 0.08716814159292036,
      "rankScore": 0.2611324149956355
    }
  ],
  "losing": [
    {
      "sequence": [
        "BACKHAND_LEFT",
        "BACKHAND_LEFT"
      ],
      "total": 27,
      "winnerRate": 0.2962962962962963,
      "uplift": -0.06653556211078338,
      "rankScore": -0.21929035850504067
    }
  ]
}