{
  "totalServePoints": 49,
  "firstServeIn": 27,
  "firstServeInPct": 0.5510204081632653,
  "firstServeWon": 19,
  "firstServeWinPct": 0.7037037037037037,
  "secondServeTotal": 22,
  "secondServeWon": 15,
  "secondServeWinPct": 0.6818181818181818,
  "aces": 5,
  "acePct": 0.10204081632653061,
  "doubleFaults": 0,
  "doubleFaultPct": 0
}