{
  "totalServePoints": 171,
  "firstServeIn": 112,
  "firstServeInPct": 0.6549707602339181,
  "firstServeWon": 77,
  "firstServeWinPct": 0.6875,
  "secondServeTotal": 59,
  "secondServeWon": 26,
  "secondServeWinPct": 0.4406779661016949,
  "aces": 11,
  "acePct": 0.06432748538011696,
  "doubleFaults": 0,
  "doubleFaultPct": 0
}