{
  "totalServePoints": 266,
  "firstServeIn": 169,
  "firstServeInPct": 0.6353383458646616,
  "firstServeWon": 106,
  "firstServeWinPct": 0.6272189349112426,
  "secondServeTotal": 97,
  "secondServeWon": 47,
  "secondServeWinPct": 0.4845360824742268,
  "aces": 2,
  "acePct": 0.007518796992481203,
  "doubleFaults": 0,
  "doubleFaultPct": 0
}