{
  "totalServePoints": 1783,
  "firstServeIn": 1017,
  "firstServeInPct": 0.5703869882220975,
  "firstServeWon": 724,
  "firstServeWinPct": 0.711897738446411,
  "secondServeTotal": 766,
  "secondServeWon": 398,
  "secondServeWinPct": 0.5195822454308094,
  "aces": 109,
  "acePct": 0.061132922041503085,
  "doubleFaults": 0,
  "doubleFaultPct": 0
}