{
  "totalServePoints": 131,
  "firstServeIn": 79,
  "firstServeInPct": 0.6030534351145038,
  "firstServeWon": 58,
  "firstServeWinPct": 0.7341772151898734,
  "secondServeTotal": 52,
  "secondServeWon": 24,
  "secondServeWinPct": 0.46153846153846156,
  "aces": 16,
  "acePct": 0.12213740458015267,
  "doubleFaults": 0,
  "doubleFaultPct": 0
}