{
  "wins": [
    {
      "shotType": "BACKHAND",
      "total": 43,
      "winnerRate": 0.46511627906976744,
      "adjustedEffectiveness": 0.05415737496017842
    },
    {
      "shotType": "BACKHAND_SLICE",
      "total": 41,
      "winnerRate": 0.4146341463414634,
      "adjustedEffectiveness": 0.003675242231874376
    },
    {
      "shotType": "FOREHAND",
      "total": 70,
      "winnerRate": 0.4,
      "adjustedEffectiveness": -0.010958904109588996
    },
    {
      "shotType": "SERVE",
      "total": 73,
      "winnerRate": 0.4246575342465753,
      "adjustedEffectiveness": 0.0136986301369863
    }
  ],
  "losses": []
}