{
  "totalServePoints": 84,
  "firstServeIn": 55,
  "firstServeInPct": 0.6547619047619048,
  "firstServeWon": 35,
  "firstServeWinPct": 0.6363636363636364,
  "secondServeTotal": 29,
  "secondServeWon": 17,
  "secondServeWinPct": 0.5862068965517241,
  "aces": 1,
  "acePct": 0.011904761904761904,
  "doubleFaults": 0,
  "doubleFaultPct": 0
}