{
  "wins": [
    {
      "shotType": "BACKHAND",
      "total": 36,
      "winnerRate": 0.2777777777777778,
      "adjustedEffectiveness": -0.09259259259259256
    },
    {
      "shotType": "BACKHAND_SLICE",
      "total": 19,
      "winnerRate": 0.2631578947368421,
      "adjustedEffectiveness": -0.10721247563352826
    },
    {
      "shotType": "FOREHAND",
      "total": 44,
      "winnerRate": 0.38636363636363635,
      "adjustedEffectiveness": 0.015993265993266004
    },
    {
      "shotType": "SERVE",
      "total": 54,
      "winnerRate": 0.46296296296296297,
      "adjustedEffectiveness": 0.09259259259259262
    }
  ],
  "losses": []
}