{
  "xgb_brier_full_test": 0.18296781182289124,
  "lgb_brier_full_test": 0.18204736824061576,
  "ft_brier_full_test": "skipped",
  "avg_ensemble_brier_full_test": 0.1821623381942687,
  "stacked_brier_2023h2": 0.18067354717835957,
  "n_features": 152,
  "train_size": 1755370,
  "test_size": 127928,
  "temporal_split": "2023-01-01"
}