{
  "xgb_brier_full_test": 0.1887240707874298,
  "lgb_brier_full_test": 0.18803931165335397,
  "ft_brier_full_test": "skipped",
  "avg_ensemble_brier_full_test": 0.18802619094092551,
  "stacked_brier_2023h2": 0.18734625866450758,
  "n_features": 168,
  "train_size": 1705340,
  "test_size": 133964,
  "temporal_split": "2023-01-01"
}