{
  "xgb_brier_full_test": 0.18696261942386627,
  "lgb_brier_full_test": 0.18606096425424465,
  "ft_brier_full_test": "skipped",
  "avg_ensemble_brier_full_test": 0.1861776292958569,
  "stacked_brier_2023h2": 0.18442981842270237,
  "n_features": 168,
  "train_size": 1705340,
  "test_size": 127928,
  "temporal_split": "2023-01-01"
}