{
  "type": "stacked",
  "coef": [
    [
      2.9070335539479593,
      1.851588563154627
    ]
  ],
  "intercept": [
    -2.3798636688862893
  ],
  "model_names": [
    "lightgbm",
    "xgboost"
  ]
}