{
  "totalServePoints": 259,
  "firstServeIn": 168,
  "firstServeInPct": 0.6486486486486487,
  "firstServeWon": 105,
  "firstServeWinPct": 0.625,
  "secondServeTotal": 91,
  "secondServeWon": 39,
  "secondServeWinPct": 0.42857142857142855,
  "aces": 6,
  "acePct": 0.023166023166023165,
  "doubleFaults": 0,
  "doubleFaultPct": 0
}