{
  "wins": [
    {
      "shotType": "BACKHAND",
      "total": 67,
      "winnerRate": 0.44776119402985076,
      "adjustedEffectiveness": 0.060477957035631136
    },
    {
      "shotType": "FOREHAND",
      "total": 71,
      "winnerRate": 0.28169014084507044,
      "adjustedEffectiveness": -0.10559309614914919
    },
    {
      "shotType": "SERVE",
      "total": 87,
      "winnerRate": 0.4942528735632184,
      "adjustedEffectiveness": 0.10696963656899877
    }
  ],
  "losses": []
}