{
  "totalServePoints": 95,
  "firstServeIn": 62,
  "firstServeInPct": 0.6526315789473685,
  "firstServeWon": 41,
  "firstServeWinPct": 0.6612903225806451,
  "secondServeTotal": 33,
  "secondServeWon": 16,
  "secondServeWinPct": 0.48484848484848486,
  "aces": 3,
  "acePct": 0.031578947368421054,
  "doubleFaults": 0,
  "doubleFaultPct": 0
}