{
  "wins": [
    {
      "shotType": "BACKHAND",
      "total": 60,
      "winnerRate": 0.3333333333333333,
      "adjustedEffectiveness": -0.002873563218390829
    },
    {
      "shotType": "FOREHAND",
      "total": 75,
      "winnerRate": 0.44,
      "adjustedEffectiveness": 0.10379310344827586
    },
    {
      "shotType": "SERVE",
      "total": 58,
      "winnerRate": 0.43103448275862066,
      "adjustedEffectiveness": 0.09482758620689652
    }
  ],
  "losses": []
}