{
  "totalServePoints": 1585,
  "firstServeIn": 949,
  "firstServeInPct": 0.5987381703470032,
  "firstServeWon": 616,
  "firstServeWinPct": 0.649104320337197,
  "secondServeTotal": 636,
  "secondServeWon": 312,
  "secondServeWinPct": 0.49056603773584906,
  "aces": 48,
  "acePct": 0.03028391167192429,
  "doubleFaults": 0,
  "doubleFaultPct": 0
}