{
  "totalServePoints": 2090,
  "firstServeIn": 1439,
  "firstServeInPct": 0.6885167464114833,
  "firstServeWon": 993,
  "firstServeWinPct": 0.6900625434329395,
  "secondServeTotal": 651,
  "secondServeWon": 341,
  "secondServeWinPct": 0.5238095238095238,
  "aces": 121,
  "acePct": 0.05789473684210526,
  "doubleFaults": 0,
  "doubleFaultPct": 0
}