{
  "totalServePoints": 828,
  "firstServeIn": 467,
  "firstServeInPct": 0.5640096618357487,
  "firstServeWon": 354,
  "firstServeWinPct": 0.7580299785867237,
  "secondServeTotal": 361,
  "secondServeWon": 183,
  "secondServeWinPct": 0.5069252077562327,
  "aces": 93,
  "acePct": 0.11231884057971014,
  "doubleFaults": 0,
  "doubleFaultPct": 0
}