{
  "totalServePoints": 260,
  "firstServeIn": 162,
  "firstServeInPct": 0.6230769230769231,
  "firstServeWon": 130,
  "firstServeWinPct": 0.8024691358024691,
  "secondServeTotal": 98,
  "secondServeWon": 55,
  "secondServeWinPct": 0.5612244897959183,
  "aces": 39,
  "acePct": 0.15,
  "doubleFaults": 0,
  "doubleFaultPct": 0
}