{
  "totalServePoints": 118,
  "firstServeIn": 61,
  "firstServeInPct": 0.5169491525423728,
  "firstServeWon": 54,
  "firstServeWinPct": 0.8852459016393442,
  "secondServeTotal": 57,
  "secondServeWon": 35,
  "secondServeWinPct": 0.6140350877192983,
  "aces": 11,
  "acePct": 0.09322033898305085,
  "doubleFaults": 0,
  "doubleFaultPct": 0
}