{
  "totalServePoints": 177,
  "firstServeIn": 107,
  "firstServeInPct": 0.6045197740112994,
  "firstServeWon": 75,
  "firstServeWinPct": 0.7009345794392523,
  "secondServeTotal": 70,
  "secondServeWon": 27,
  "secondServeWinPct": 0.38571428571428573,
  "aces": 12,
  "acePct": 0.06779661016949153,
  "doubleFaults": 0,
  "doubleFaultPct": 0
}