{
  "wins": [],
  "losses": [
    {
      "shotType": "BACKHAND",
      "total": 72,
      "winnerRate": 0.3055555555555556,
      "adjustedEffectiveness": -0.12361111111111106
    },
    {
      "shotType": "FOREHAND",
      "total": 96,
      "winnerRate": 0.4270833333333333,
      "adjustedEffectiveness": -0.002083333333333326
    },
    {
      "shotType": "SERVE",
      "total": 120,
      "winnerRate": 0.5333333333333333,
      "adjustedEffectiveness": 0.10416666666666669
    }
  ]
}