{
  "totalServePoints": 114,
  "firstServeIn": 78,
  "firstServeInPct": 0.6842105263157895,
  "firstServeWon": 53,
  "firstServeWinPct": 0.6794871794871795,
  "secondServeTotal": 36,
  "secondServeWon": 17,
  "secondServeWinPct": 0.4722222222222222,
  "aces": 12,
  "acePct": 0.10526315789473684,
  "doubleFaults": 0,
  "doubleFaultPct": 0
}