{
  "totalServePoints": 15551,
  "firstServeIn": 9781,
  "firstServeInPct": 0.6289627676676741,
  "firstServeWon": 7414,
  "firstServeWinPct": 0.7580002044780697,
  "secondServeTotal": 5770,
  "secondServeWon": 3047,
  "secondServeWinPct": 0.5280762564991335,
  "aces": 1372,
  "acePct": 0.08822583756671597,
  "doubleFaults": 0,
  "doubleFaultPct": 0
}