{
  "wins": [
    {
      "shotType": "BACKHAND",
      "total": 46,
      "winnerRate": 0.3695652173913043,
      "adjustedEffectiveness": 0.06633941093969142
    },
    {
      "shotType": "FOREHAND",
      "total": 80,
      "winnerRate": 0.4,
      "adjustedEffectiveness": 0.09677419354838712
    },
    {
      "shotType": "SERVE",
      "total": 78,
      "winnerRate": 0.358974358974359,
      "adjustedEffectiveness": 0.055748552522746075
    }
  ],
  "losses": []
}