{
  "totalServePoints": 65,
  "firstServeIn": 42,
  "firstServeInPct": 0.6461538461538462,
  "firstServeWon": 32,
  "firstServeWinPct": 0.7619047619047619,
  "secondServeTotal": 23,
  "secondServeWon": 10,
  "secondServeWinPct": 0.43478260869565216,
  "aces": 3,
  "acePct": 0.046153846153846156,
  "doubleFaults": 0,
  "doubleFaultPct": 0
}