{
  "totalServePoints": 573,
  "firstServeIn": 383,
  "firstServeInPct": 0.6684118673647469,
  "firstServeWon": 244,
  "firstServeWinPct": 0.6370757180156658,
  "secondServeTotal": 190,
  "secondServeWon": 96,
  "secondServeWinPct": 0.5052631578947369,
  "aces": 8,
  "acePct": 0.013961605584642234,
  "doubleFaults": 0,
  "doubleFaultPct": 0
}