{
  "wins": [
    {
      "shotType": "BACKHAND",
      "total": 80,
      "winnerRate": 0.4375,
      "adjustedEffectiveness": 0.003537735849056589
    },
    {
      "shotType": "BACKHAND_SLICE",
      "total": 35,
      "winnerRate": 0.42857142857142855,
      "adjustedEffectiveness": -0.005390835579514863
    },
    {
      "shotType": "FOREHAND",
      "total": 103,
      "winnerRate": 0.46601941747572817,
      "adjustedEffectiveness": 0.03205715332478476
    },
    {
      "shotType": "SERVE",
      "total": 80,
      "winnerRate": 0.5125,
      "adjustedEffectiveness": 0.07853773584905654
    }
  ],
  "losses": []
}