{
  "wins": [
    {
      "shotType": "BACKHAND_SLICE",
      "total": 19,
      "winnerRate": 0.21052631578947367,
      "adjustedEffectiveness": -0.15656229180546305
    },
    {
      "shotType": "FOREHAND",
      "total": 35,
      "winnerRate": 0.34285714285714286,
      "adjustedEffectiveness": -0.024231464737793862
    },
    {
      "shotType": "SERVE",
      "total": 40,
      "winnerRate": 0.4,
      "adjustedEffectiveness": 0.0329113924050633
    }
  ],
  "losses": []
}