{
  "totalServePoints": 807,
  "firstServeIn": 465,
  "firstServeInPct": 0.5762081784386617,
  "firstServeWon": 341,
  "firstServeWinPct": 0.7333333333333333,
  "secondServeTotal": 342,
  "secondServeWon": 163,
  "secondServeWinPct": 0.4766081871345029,
  "aces": 60,
  "acePct": 0.07434944237918216,
  "doubleFaults": 0,
  "doubleFaultPct": 0
}