{
  "wins": [],
  "losses": [
    {
      "shotType": "BACKHAND",
      "total": 58,
      "winnerRate": 0.43103448275862066,
      "adjustedEffectiveness": 0.05043746783324754
    },
    {
      "shotType": "FOREHAND",
      "total": 82,
      "winnerRate": 0.35365853658536583,
      "adjustedEffectiveness": -0.026938478340007288
    },
    {
      "shotType": "SERVE",
      "total": 67,
      "winnerRate": 0.40298507462686567,
      "adjustedEffectiveness": 0.022388059701492546
    }
  ]
}