{
  "wins": [
    {
      "shotType": "BACKHAND",
      "total": 36,
      "winnerRate": 0.4444444444444444,
      "adjustedEffectiveness": -0.004708097928436961
    },
    {
      "shotType": "BACKHAND_SLICE",
      "total": 21,
      "winnerRate": 0.23809523809523808,
      "adjustedEffectiveness": -0.2110573042776433
    },
    {
      "shotType": "FOREHAND",
      "total": 68,
      "winnerRate": 0.4411764705882353,
      "adjustedEffectiveness": -0.0079760717846461
    },
    {
      "shotType": "SERVE",
      "total": 59,
      "winnerRate": 0.5423728813559322,
      "adjustedEffectiveness": 0.09322033898305082
    }
  ],
  "losses": []
}