{
  "winning": [],
  "losing": [
    {
      "sequence": [
        "FOREHAND_CENTER",
        "FOREHAND_CENTER"
      ],
      "total": 18,
      "winnerRate": 0.2777777777777778,
      "uplift": -0.1713747645951036,
      "rankScore": -0.49533677960179096
    }
  ]
}