{
  "totalServePoints": 69,
  "firstServeIn": 36,
  "firstServeInPct": 0.5217391304347826,
  "firstServeWon": 24,
  "firstServeWinPct": 0.6666666666666666,
  "secondServeTotal": 33,
  "secondServeWon": 12,
  "secondServeWinPct": 0.36363636363636365,
  "aces": 2,
  "acePct": 0.028985507246376812,
  "doubleFaults": 0,
  "doubleFaultPct": 0
}