{
  "totalServePoints": 102,
  "firstServeIn": 71,
  "firstServeInPct": 0.696078431372549,
  "firstServeWon": 55,
  "firstServeWinPct": 0.7746478873239436,
  "secondServeTotal": 31,
  "secondServeWon": 18,
  "secondServeWinPct": 0.5806451612903226,
  "aces": 12,
  "acePct": 0.11764705882352941,
  "doubleFaults": 0,
  "doubleFaultPct": 0
}