{
  "wins": [],
  "losses": [
    {
      "shotType": "BACKHAND",
      "total": 67,
      "winnerRate": 0.3880597014925373,
      "adjustedEffectiveness": -0.04672290720311484
    },
    {
      "shotType": "FOREHAND",
      "total": 93,
      "winnerRate": 0.5483870967741935,
      "adjustedEffectiveness": 0.11360448807854134
    },
    {
      "shotType": "SERVE",
      "total": 57,
      "winnerRate": 0.543859649122807,
      "adjustedEffectiveness": 0.10907704042715488
    }
  ]
}