{
  "winning": [
    {
      "sequence": [
        "FOREHAND_LEFT",
        "BACKHAND_CENTER"
      ],
      "total": 22,
      "winnerRate": 0.5454545454545454,
      "uplift": 0.11067193675889325,
      "rankScore": 0.3420916549171258
    }
  ],
  "losing": []
}