{
  "wins": [
    {
      "shotType": "BACKHAND",
      "total": 52,
      "winnerRate": 0.3076923076923077,
      "adjustedEffectiveness": -0.09881175734834269
    },
    {
      "shotType": "FOREHAND",
      "total": 48,
      "winnerRate": 0.2916666666666667,
      "adjustedEffectiveness": -0.11483739837398371
    },
    {
      "shotType": "SERVE",
      "total": 62,
      "winnerRate": 0.5,
      "adjustedEffectiveness": 0.0934959349593496
    }
  ],
  "losses": []
}