{
  "totalServePoints": 59,
  "firstServeIn": 44,
  "firstServeInPct": 0.7457627118644068,
  "firstServeWon": 28,
  "firstServeWinPct": 0.6363636363636364,
  "secondServeTotal": 15,
  "secondServeWon": 7,
  "secondServeWinPct": 0.4666666666666667,
  "aces": 2,
  "acePct": 0.03389830508474576,
  "doubleFaults": 0,
  "doubleFaultPct": 0
}