{
  "totalServePoints": 60,
  "firstServeIn": 37,
  "firstServeInPct": 0.6166666666666667,
  "firstServeWon": 19,
  "firstServeWinPct": 0.5135135135135135,
  "secondServeTotal": 23,
  "secondServeWon": 7,
  "secondServeWinPct": 0.30434782608695654,
  "aces": 1,
  "acePct": 0.016666666666666666,
  "doubleFaults": 0,
  "doubleFaultPct": 0
}