{
  "totalServePoints": 3470,
  "firstServeIn": 1981,
  "firstServeInPct": 0.5708933717579251,
  "firstServeWon": 1391,
  "firstServeWinPct": 0.7021706208985361,
  "secondServeTotal": 1489,
  "secondServeWon": 684,
  "secondServeWinPct": 0.45936870382807254,
  "aces": 204,
  "acePct": 0.058789625360230545,
  "doubleFaults": 0,
  "doubleFaultPct": 0
}