{
  "wins": [],
  "losses": [
    {
      "shotType": "BACKHAND",
      "total": 51,
      "winnerRate": 0.6862745098039216,
      "adjustedEffectiveness": 0.22162804515745693
    },
    {
      "shotType": "FOREHAND",
      "total": 41,
      "winnerRate": 0.36585365853658536,
      "adjustedEffectiveness": -0.09879280610987928
    },
    {
      "shotType": "SERVE",
      "total": 49,
      "winnerRate": 0.5102040816326531,
      "adjustedEffectiveness": 0.04555761698618843
    }
  ]
}