{
  "totalServePoints": 54,
  "firstServeIn": 31,
  "firstServeInPct": 0.5740740740740741,
  "firstServeWon": 18,
  "firstServeWinPct": 0.5806451612903226,
  "secondServeTotal": 23,
  "secondServeWon": 8,
  "secondServeWinPct": 0.34782608695652173,
  "aces": 1,
  "acePct": 0.018518518518518517,
  "doubleFaults": 0,
  "doubleFaultPct": 0
}