{
  "totalServePoints": 352,
  "firstServeIn": 207,
  "firstServeInPct": 0.5880681818181818,
  "firstServeWon": 134,
  "firstServeWinPct": 0.6473429951690821,
  "secondServeTotal": 145,
  "secondServeWon": 72,
  "secondServeWinPct": 0.496551724137931,
  "aces": 14,
  "acePct": 0.03977272727272727,
  "doubleFaults": 0,
  "doubleFaultPct": 0
}