{
  "totalServePoints": 1135,
  "firstServeIn": 728,
  "firstServeInPct": 0.641409691629956,
  "firstServeWon": 521,
  "firstServeWinPct": 0.7156593406593407,
  "secondServeTotal": 407,
  "secondServeWon": 196,
  "secondServeWinPct": 0.48157248157248156,
  "aces": 132,
  "acePct": 0.11629955947136564,
  "doubleFaults": 0,
  "doubleFaultPct": 0
}