{
  "totalServePoints": 671,
  "firstServeIn": 402,
  "firstServeInPct": 0.5991058122205664,
  "firstServeWon": 314,
  "firstServeWinPct": 0.7810945273631841,
  "secondServeTotal": 269,
  "secondServeWon": 132,
  "secondServeWinPct": 0.49070631970260226,
  "aces": 65,
  "acePct": 0.09687034277198212,
  "doubleFaults": 0,
  "doubleFaultPct": 0
}