{
  "totalServePoints": 240,
  "firstServeIn": 186,
  "firstServeInPct": 0.775,
  "firstServeWon": 144,
  "firstServeWinPct": 0.7741935483870968,
  "secondServeTotal": 54,
  "secondServeWon": 31,
  "secondServeWinPct": 0.5740740740740741,
  "aces": 22,
  "acePct": 0.09166666666666666,
  "doubleFaults": 0,
  "doubleFaultPct": 0
}