{
  "totalServePoints": 417,
  "firstServeIn": 250,
  "firstServeInPct": 0.5995203836930456,
  "firstServeWon": 167,
  "firstServeWinPct": 0.668,
  "secondServeTotal": 167,
  "secondServeWon": 96,
  "secondServeWinPct": 0.5748502994011976,
  "aces": 36,
  "acePct": 0.08633093525179857,
  "doubleFaults": 0,
  "doubleFaultPct": 0
}