{
  "totalServePoints": 133,
  "firstServeIn": 73,
  "firstServeInPct": 0.5488721804511278,
  "firstServeWon": 60,
  "firstServeWinPct": 0.821917808219178,
  "secondServeTotal": 60,
  "secondServeWon": 28,
  "secondServeWinPct": 0.4666666666666667,
  "aces": 14,
  "acePct": 0.10526315789473684,
  "doubleFaults": 0,
  "doubleFaultPct": 0
}