{
  "totalServePoints": 1297,
  "firstServeIn": 814,
  "firstServeInPct": 0.6276021588280648,
  "firstServeWon": 646,
  "firstServeWinPct": 0.7936117936117936,
  "secondServeTotal": 483,
  "secondServeWon": 260,
  "secondServeWinPct": 0.5383022774327122,
  "aces": 142,
  "acePct": 0.1094834232845027,
  "doubleFaults": 0,
  "doubleFaultPct": 0
}