{
  "wins": [
    {
      "shotType": "BACKHAND",
      "total": 47,
      "winnerRate": 0.2978723404255319,
      "adjustedEffectiveness": -0.08718513083883589
    },
    {
      "shotType": "FOREHAND",
      "total": 48,
      "winnerRate": 0.5416666666666666,
      "adjustedEffectiveness": 0.15660919540229884
    },
    {
      "shotType": "SERVE",
      "total": 87,
      "winnerRate": 0.47126436781609193,
      "adjustedEffectiveness": 0.08620689655172414
    }
  ],
  "losses": []
}