{
  "totalServePoints": 92,
  "firstServeIn": 48,
  "firstServeInPct": 0.5217391304347826,
  "firstServeWon": 33,
  "firstServeWinPct": 0.6875,
  "secondServeTotal": 44,
  "secondServeWon": 23,
  "secondServeWinPct": 0.5227272727272727,
  "aces": 6,
  "acePct": 0.06521739130434782,
  "doubleFaults": 0,
  "doubleFaultPct": 0
}