{
  "wins": [],
  "losses": [
    {
      "shotType": "BACKHAND",
      "total": 44,
      "winnerRate": 0.2727272727272727,
      "adjustedEffectiveness": -0.09900047596382677
    },
    {
      "shotType": "FOREHAND",
      "total": 83,
      "winnerRate": 0.30120481927710846,
      "adjustedEffectiveness": -0.07052292941399102
    },
    {
      "shotType": "SERVE",
      "total": 95,
      "winnerRate": 0.4421052631578947,
      "adjustedEffectiveness": 0.07037751446679524
    }
  ]
}