{
  "totalServePoints": 102,
  "firstServeIn": 69,
  "firstServeInPct": 0.6764705882352942,
  "firstServeWon": 40,
  "firstServeWinPct": 0.5797101449275363,
  "secondServeTotal": 33,
  "secondServeWon": 19,
  "secondServeWinPct": 0.5757575757575758,
  "aces": 7,
  "acePct": 0.06862745098039216,
  "doubleFaults": 0,
  "doubleFaultPct": 0
}