{
  "wins": [],
  "losses": [
    {
      "shotType": "BACKHAND",
      "total": 46,
      "winnerRate": 0.3695652173913043,
      "adjustedEffectiveness": 0.020050654284508196
    },
    {
      "shotType": "FOREHAND",
      "total": 75,
      "winnerRate": 0.41333333333333333,
      "adjustedEffectiveness": 0.0638187702265372
    },
    {
      "shotType": "SERVE",
      "total": 51,
      "winnerRate": 0.3137254901960784,
      "adjustedEffectiveness": -0.0357890729107177
    }
  ]
}