{
  "winning": [
    {
      "sequence": [
        "FOREHAND_LEFT",
        "BACKHAND_LEFT"
      ],
      "total": 20,
      "winnerRate": 0.4,
      "uplift": 0.050485436893203894,
      "rankScore": 0.15124085264544423
    }
  ],
  "losing": []
}