{
  "wins": [
    {
      "shotType": "BACKHAND",
      "total": 48,
      "winnerRate": 0.3333333333333333,
      "adjustedEffectiveness": -0.0892857142857143
    },
    {
      "shotType": "FOREHAND",
      "total": 65,
      "winnerRate": 0.27692307692307694,
      "adjustedEffectiveness": -0.14569597069597068
    },
    {
      "shotType": "SERVE",
      "total": 84,
      "winnerRate": 0.5,
      "adjustedEffectiveness": 0.07738095238095238
    }
  ],
  "losses": []
}