{
  "totalServePoints": 87,
  "firstServeIn": 51,
  "firstServeInPct": 0.5862068965517241,
  "firstServeWon": 38,
  "firstServeWinPct": 0.7450980392156863,
  "secondServeTotal": 36,
  "secondServeWon": 17,
  "secondServeWinPct": 0.4722222222222222,
  "aces": 10,
  "acePct": 0.11494252873563218,
  "doubleFaults": 0,
  "doubleFaultPct": 0
}