{
  "totalServePoints": 311,
  "firstServeIn": 210,
  "firstServeInPct": 0.6752411575562701,
  "firstServeWon": 143,
  "firstServeWinPct": 0.680952380952381,
  "secondServeTotal": 101,
  "secondServeWon": 47,
  "secondServeWinPct": 0.46534653465346537,
  "aces": 12,
  "acePct": 0.03858520900321544,
  "doubleFaults": 0,
  "doubleFaultPct": 0
}