{
  "winning": [],
  "losing": [
    {
      "sequence": [
        "FOREHAND_LEFT_DEEP",
        "BACKHAND_LEFT_DEEP"
      ],
      "total": 16,
      "winnerRate": 0.0625,
      "uplift": -0.3111559139784946,
      "rankScore": -0.8627073779549856
    },
    {
      "sequence": [
        "BACKHAND_LEFT_DEEP",
        "BACKHAND_LEFT_DEEP"
      ],
      "total": 18,
      "winnerRate": 0.16666666666666666,
      "uplift": -0.20698924731182797,
      "rankScore": -0.5982758746182921
    }
  ]
}