{
  "totalServePoints": 199,
  "firstServeIn": 124,
  "firstServeInPct": 0.6231155778894473,
  "firstServeWon": 80,
  "firstServeWinPct": 0.6451612903225806,
  "secondServeTotal": 75,
  "secondServeWon": 31,
  "secondServeWinPct": 0.41333333333333333,
  "aces": 10,
  "acePct": 0.05025125628140704,
  "doubleFaults": 0,
  "doubleFaultPct": 0
}