{
  "totalServePoints": 1186,
  "firstServeIn": 635,
  "firstServeInPct": 0.5354131534569984,
  "firstServeWon": 440,
  "firstServeWinPct": 0.6929133858267716,
  "secondServeTotal": 551,
  "secondServeWon": 271,
  "secondServeWinPct": 0.49183303085299457,
  "aces": 89,
  "acePct": 0.07504215851602024,
  "doubleFaults": 0,
  "doubleFaultPct": 0
}