{
  "totalServePoints": 17960,
  "firstServeIn": 11236,
  "firstServeInPct": 0.6256124721603563,
  "firstServeWon": 8736,
  "firstServeWinPct": 0.77750088999644,
  "secondServeTotal": 6724,
  "secondServeWon": 3778,
  "secondServeWinPct": 0.5618679357525282,
  "aces": 1858,
  "acePct": 0.10345211581291759,
  "doubleFaults": 0,
  "doubleFaultPct": 0
}