{
  "totalServePoints": 385,
  "firstServeIn": 227,
  "firstServeInPct": 0.5896103896103896,
  "firstServeWon": 160,
  "firstServeWinPct": 0.7048458149779736,
  "secondServeTotal": 158,
  "secondServeWon": 85,
  "secondServeWinPct": 0.5379746835443038,
  "aces": 33,
  "acePct": 0.08571428571428572,
  "doubleFaults": 0,
  "doubleFaultPct": 0
}