{
  "winning": [
    {
      "sequence": [
        "WIDE",
        "BACKHAND_CENTER"
      ],
      "total": 16,
      "winnerRate": 0.5,
      "uplift": 0.11160714285714285,
      "rankScore": 0.3094407056071184
    },
    {
      "sequence": [
        "FOREHAND_RIGHT",
        "BACKHAND_RIGHT"
      ],
      "total": 19,
      "winnerRate": 0.42105263157894735,
      "uplift": 0.032659774436090194,
      "rankScore": 0.09616471290040761
    }
  ],
  "losing": []
}