{
  "winning": [
    {
      "sequence": [
        "WIDE",
        "FOREHAND_CENTER_FORCED_ERROR"
      ],
      "total": 21,
      "winnerRate": 0.6190476190476191,
      "uplift": 0.2323676985704819,
      "rankScore": 0.7074486720999851
    }
  ],
  "losing": [
    {
      "sequence": [
        "T",
        "FOREHAND_CENTER_BASELINE"
      ],
      "total": 15,
      "winnerRate": 0.3333333333333333,
      "uplift": -0.05334658714380386,
      "rankScore": -0.1444652360428946
    }
  ]
}