{
  "totalServePoints": 510,
  "firstServeIn": 350,
  "firstServeInPct": 0.6862745098039216,
  "firstServeWon": 257,
  "firstServeWinPct": 0.7342857142857143,
  "secondServeTotal": 160,
  "secondServeWon": 77,
  "secondServeWinPct": 0.48125,
  "aces": 48,
  "acePct": 0.09411764705882353,
  "doubleFaults": 0,
  "doubleFaultPct": 0
}