{
  "totalServePoints": 448,
  "firstServeIn": 233,
  "firstServeInPct": 0.5200892857142857,
  "firstServeWon": 171,
  "firstServeWinPct": 0.7339055793991416,
  "secondServeTotal": 215,
  "secondServeWon": 124,
  "secondServeWinPct": 0.5767441860465117,
  "aces": 24,
  "acePct": 0.05357142857142857,
  "doubleFaults": 0,
  "doubleFaultPct": 0
}