{
  "totalServePoints": 1399,
  "firstServeIn": 880,
  "firstServeInPct": 0.6290207290922087,
  "firstServeWon": 577,
  "firstServeWinPct": 0.6556818181818181,
  "secondServeTotal": 519,
  "secondServeWon": 276,
  "secondServeWinPct": 0.5317919075144508,
  "aces": 63,
  "acePct": 0.04503216583273767,
  "doubleFaults": 0,
  "doubleFaultPct": 0
}