{
  "totalServePoints": 769,
  "firstServeIn": 492,
  "firstServeInPct": 0.6397919375812744,
  "firstServeWon": 325,
  "firstServeWinPct": 0.6605691056910569,
  "secondServeTotal": 277,
  "secondServeWon": 144,
  "secondServeWinPct": 0.51985559566787,
  "aces": 21,
  "acePct": 0.027308192457737322,
  "doubleFaults": 0,
  "doubleFaultPct": 0
}