{
  "totalServePoints": 361,
  "firstServeIn": 244,
  "firstServeInPct": 0.6759002770083102,
  "firstServeWon": 172,
  "firstServeWinPct": 0.7049180327868853,
  "secondServeTotal": 117,
  "secondServeWon": 67,
  "secondServeWinPct": 0.5726495726495726,
  "aces": 30,
  "acePct": 0.08310249307479224,
  "doubleFaults": 0,
  "doubleFaultPct": 0
}