{
  "totalServePoints": 1175,
  "firstServeIn": 662,
  "firstServeInPct": 0.563404255319149,
  "firstServeWon": 469,
  "firstServeWinPct": 0.7084592145015106,
  "secondServeTotal": 513,
  "secondServeWon": 261,
  "secondServeWinPct": 0.5087719298245614,
  "aces": 66,
  "acePct": 0.05617021276595745,
  "doubleFaults": 0,
  "doubleFaultPct": 0
}