{
  "totalServePoints": 840,
  "firstServeIn": 517,
  "firstServeInPct": 0.6154761904761905,
  "firstServeWon": 349,
  "firstServeWinPct": 0.6750483558994197,
  "secondServeTotal": 323,
  "secondServeWon": 171,
  "secondServeWinPct": 0.5294117647058824,
  "aces": 30,
  "acePct": 0.03571428571428571,
  "doubleFaults": 0,
  "doubleFaultPct": 0
}