{
  "totalServePoints": 276,
  "firstServeIn": 175,
  "firstServeInPct": 0.6340579710144928,
  "firstServeWon": 106,
  "firstServeWinPct": 0.6057142857142858,
  "secondServeTotal": 101,
  "secondServeWon": 57,
  "secondServeWinPct": 0.5643564356435643,
  "aces": 10,
  "acePct": 0.036231884057971016,
  "doubleFaults": 0,
  "doubleFaultPct": 0
}