{
  "totalServePoints": 607,
  "firstServeIn": 345,
  "firstServeInPct": 0.5683690280065898,
  "firstServeWon": 213,
  "firstServeWinPct": 0.6173913043478261,
  "secondServeTotal": 262,
  "secondServeWon": 126,
  "secondServeWinPct": 0.48091603053435117,
  "aces": 34,
  "acePct": 0.05601317957166392,
  "doubleFaults": 0,
  "doubleFaultPct": 0
}