{
  "totalServePoints": 4248,
  "firstServeIn": 2419,
  "firstServeInPct": 0.5694444444444444,
  "firstServeWon": 1813,
  "firstServeWinPct": 0.7494832575444399,
  "secondServeTotal": 1829,
  "secondServeWon": 872,
  "secondServeWinPct": 0.476763258611263,
  "aces": 380,
  "acePct": 0.08945386064030132,
  "doubleFaults": 0,
  "doubleFaultPct": 0
}