{
  "wins": [],
  "losses": [
    {
      "shotType": "BACKHAND",
      "total": 79,
      "winnerRate": 0.5443037974683544,
      "adjustedEffectiveness": 0.12538487854943553
    },
    {
      "shotType": "BACKHAND_SLICE",
      "total": 17,
      "winnerRate": 0.29411764705882354,
      "adjustedEffectiveness": -0.12480127186009538
    },
    {
      "shotType": "FOREHAND",
      "total": 80,
      "winnerRate": 0.45,
      "adjustedEffectiveness": 0.031081081081081097
    },
    {
      "shotType": "SERVE",
      "total": 74,
      "winnerRate": 0.47297297297297297,
      "adjustedEffectiveness": 0.05405405405405406
    }
  ]
}