{
  "totalServePoints": 77,
  "firstServeIn": 46,
  "firstServeInPct": 0.5974025974025974,
  "firstServeWon": 31,
  "firstServeWinPct": 0.6739130434782609,
  "secondServeTotal": 31,
  "secondServeWon": 16,
  "secondServeWinPct": 0.5161290322580645,
  "aces": 1,
  "acePct": 0.012987012987012988,
  "doubleFaults": 0,
  "doubleFaultPct": 0
}