{
  "wins": [
    {
      "shotType": "SERVE",
      "total": 28,
      "winnerRate": 0.42857142857142855,
      "adjustedEffectiveness": 0.0357142857142857
    }
  ],
  "losses": []
}