{
  "wins": [],
  "losses": [
    {
      "shotType": "BACKHAND",
      "total": 58,
      "winnerRate": 0.3620689655172414,
      "adjustedEffectiveness": 0.04082544220117923
    },
    {
      "shotType": "BACKHAND_SLICE",
      "total": 25,
      "winnerRate": 0.48,
      "adjustedEffectiveness": 0.15875647668393783
    },
    {
      "shotType": "FOREHAND",
      "total": 69,
      "winnerRate": 0.37681159420289856,
      "adjustedEffectiveness": 0.05556807088683641
    },
    {
      "shotType": "SERVE",
      "total": 96,
      "winnerRate": 0.4270833333333333,
      "adjustedEffectiveness": 0.10583981001727116
    }
  ]
}