{
  "totalServePoints": 1240,
  "firstServeIn": 762,
  "firstServeInPct": 0.614516129032258,
  "firstServeWon": 551,
  "firstServeWinPct": 0.7230971128608924,
  "secondServeTotal": 478,
  "secondServeWon": 247,
  "secondServeWinPct": 0.5167364016736402,
  "aces": 150,
  "acePct": 0.12096774193548387,
  "doubleFaults": 0,
  "doubleFaultPct": 0
}