{
  "totalServePoints": 87,
  "firstServeIn": 68,
  "firstServeInPct": 0.7816091954022989,
  "firstServeWon": 41,
  "firstServeWinPct": 0.6029411764705882,
  "secondServeTotal": 19,
  "secondServeWon": 8,
  "secondServeWinPct": 0.42105263157894735,
  "aces": 3,
  "acePct": 0.034482758620689655,
  "doubleFaults": 0,
  "doubleFaultPct": 0
}