{
  "totalServePoints": 1452,
  "firstServeIn": 886,
  "firstServeInPct": 0.6101928374655647,
  "firstServeWon": 580,
  "firstServeWinPct": 0.654627539503386,
  "secondServeTotal": 566,
  "secondServeWon": 281,
  "secondServeWinPct": 0.49646643109540634,
  "aces": 80,
  "acePct": 0.05509641873278237,
  "doubleFaults": 0,
  "doubleFaultPct": 0
}