{
  "totalServePoints": 46,
  "firstServeIn": 34,
  "firstServeInPct": 0.7391304347826086,
  "firstServeWon": 19,
  "firstServeWinPct": 0.5588235294117647,
  "secondServeTotal": 12,
  "secondServeWon": 7,
  "secondServeWinPct": 0.5833333333333334,
  "aces": 3,
  "acePct": 0.06521739130434782,
  "doubleFaults": 0,
  "doubleFaultPct": 0
}