{
  "totalServePoints": 720,
  "firstServeIn": 490,
  "firstServeInPct": 0.6805555555555556,
  "firstServeWon": 394,
  "firstServeWinPct": 0.8040816326530612,
  "secondServeTotal": 230,
  "secondServeWon": 115,
  "secondServeWinPct": 0.5,
  "aces": 155,
  "acePct": 0.2152777777777778,
  "doubleFaults": 0,
  "doubleFaultPct": 0
}