{
  "wins": [],
  "losses": [
    {
      "shotType": "BACKHAND",
      "total": 45,
      "winnerRate": 0.28888888888888886,
      "adjustedEffectiveness": -0.13719806763285025
    },
    {
      "shotType": "BACKHAND_SLICE",
      "total": 27,
      "winnerRate": 0.14814814814814814,
      "adjustedEffectiveness": -0.277938808373591
    },
    {
      "shotType": "FOREHAND",
      "total": 90,
      "winnerRate": 0.34444444444444444,
      "adjustedEffectiveness": -0.08164251207729467
    },
    {
      "shotType": "SERVE",
      "total": 57,
      "winnerRate": 0.5087719298245614,
      "adjustedEffectiveness": 0.08268497330282232
    }
  ]
}