{
  "totalServePoints": 382,
  "firstServeIn": 206,
  "firstServeInPct": 0.5392670157068062,
  "firstServeWon": 155,
  "firstServeWinPct": 0.7524271844660194,
  "secondServeTotal": 176,
  "secondServeWon": 93,
  "secondServeWinPct": 0.5284090909090909,
  "aces": 52,
  "acePct": 0.13612565445026178,
  "doubleFaults": 0,
  "doubleFaultPct": 0
}