{
  "wins": [
    {
      "shotType": "BACKHAND",
      "total": 98,
      "winnerRate": 0.46938775510204084,
      "adjustedEffectiveness": 0.038276643990929726
    },
    {
      "shotType": "FOREHAND",
      "total": 112,
      "winnerRate": 0.5357142857142857,
      "adjustedEffectiveness": 0.10460317460317459
    },
    {
      "shotType": "SERVE",
      "total": 113,
      "winnerRate": 0.5575221238938053,
      "adjustedEffectiveness": 0.12641101278269418
    }
  ],
  "losses": []
}