{
  "totalServePoints": 120,
  "firstServeIn": 76,
  "firstServeInPct": 0.6333333333333333,
  "firstServeWon": 58,
  "firstServeWinPct": 0.7631578947368421,
  "secondServeTotal": 44,
  "secondServeWon": 29,
  "secondServeWinPct": 0.6590909090909091,
  "aces": 2,
  "acePct": 0.016666666666666666,
  "doubleFaults": 0,
  "doubleFaultPct": 0
}