{
  "winning": [
    {
      "sequence": [
        "FOREHAND_LEFT",
        "BACKHAND_CENTER"
      ],
      "total": 18,
      "winnerRate": 0.4444444444444444,
      "uplift": 0.03757283504118947,
      "rankScore": 0.10859946126714541
    },
    {
      "sequence": [
        "FOREHAND_RIGHT",
        "FOREHAND_RIGHT"
      ],
      "total": 23,
      "winnerRate": 0.43478260869565216,
      "uplift": 0.02791099929239721,
      "rankScore": 0.08751477684211403
    }
  ],
  "losing": [
    {
      "sequence": [
        "BACKHAND_SLICE_LEFT",
        "BACKHAND_SLICE_LEFT"
      ],
      "total": 16,
      "winnerRate": 0.0625,
      "uplift": -0.34437160940325495,
      "rankScore": -0.9548008404910276
    },
    {
      "sequence": [
        "FOREHAND_LEFT",
        "BACKHAND_LEFT"
      ],
      "total": 23,
      "winnerRate": 0.2608695652173913,
      "uplift": -0.14600204418586366,
      "rankScore": -0.45778856505860765
    },
    {
      "sequence": [
        "BACKHAND_CENTER",
        "FOREHAND_LEFT"
      ],
      "total": 15,
      "winnerRate": 0.4,
      "uplift": -0.00687160940325493,
      "rankScore": -0.018608663226380353
    }
  ]
}