{
  "totalServePoints": 289,
  "firstServeIn": 170,
  "firstServeInPct": 0.5882352941176471,
  "firstServeWon": 119,
  "firstServeWinPct": 0.7,
  "secondServeTotal": 119,
  "secondServeWon": 57,
  "secondServeWinPct": 0.4789915966386555,
  "aces": 19,
  "acePct": 0.0657439446366782,
  "doubleFaults": 0,
  "doubleFaultPct": 0
}