{
  "totalServePoints": 542,
  "firstServeIn": 307,
  "firstServeInPct": 0.566420664206642,
  "firstServeWon": 189,
  "firstServeWinPct": 0.6156351791530945,
  "secondServeTotal": 235,
  "secondServeWon": 109,
  "secondServeWinPct": 0.46382978723404256,
  "aces": 30,
  "acePct": 0.055350553505535055,
  "doubleFaults": 0,
  "doubleFaultPct": 0
}