{
  "wins": [],
  "losses": [
    {
      "shotType": "BACKHAND",
      "total": 92,
      "winnerRate": 0.30434782608695654,
      "adjustedEffectiveness": -0.06013815522145466
    },
    {
      "shotType": "BACKHAND_SLICE",
      "total": 22,
      "winnerRate": 0.18181818181818182,
      "adjustedEffectiveness": -0.18266779949022938
    },
    {
      "shotType": "FOREHAND",
      "total": 93,
      "winnerRate": 0.27956989247311825,
      "adjustedEffectiveness": -0.08491608883529295
    },
    {
      "shotType": "SERVE",
      "total": 160,
      "winnerRate": 0.43125,
      "adjustedEffectiveness": 0.06676401869158882
    }
  ]
}