{
  "totalServePoints": 86,
  "firstServeIn": 60,
  "firstServeInPct": 0.6976744186046512,
  "firstServeWon": 25,
  "firstServeWinPct": 0.4166666666666667,
  "secondServeTotal": 26,
  "secondServeWon": 11,
  "secondServeWinPct": 0.4230769230769231,
  "aces": 2,
  "acePct": 0.023255813953488372,
  "doubleFaults": 0,
  "doubleFaultPct": 0
}