{
  "totalServePoints": 56,
  "firstServeIn": 33,
  "firstServeInPct": 0.5892857142857143,
  "firstServeWon": 21,
  "firstServeWinPct": 0.6363636363636364,
  "secondServeTotal": 23,
  "secondServeWon": 11,
  "secondServeWinPct": 0.4782608695652174,
  "aces": 1,
  "acePct": 0.017857142857142856,
  "doubleFaults": 0,
  "doubleFaultPct": 0
}