{
  "totalServePoints": 57,
  "firstServeIn": 34,
  "firstServeInPct": 0.5964912280701754,
  "firstServeWon": 23,
  "firstServeWinPct": 0.6764705882352942,
  "secondServeTotal": 23,
  "secondServeWon": 7,
  "secondServeWinPct": 0.30434782608695654,
  "aces": 5,
  "acePct": 0.08771929824561403,
  "doubleFaults": 0,
  "doubleFaultPct": 0
}