{
  "totalServePoints": 52,
  "firstServeIn": 38,
  "firstServeInPct": 0.7307692307692307,
  "firstServeWon": 25,
  "firstServeWinPct": 0.6578947368421053,
  "secondServeTotal": 14,
  "secondServeWon": 5,
  "secondServeWinPct": 0.35714285714285715,
  "aces": 1,
  "acePct": 0.019230769230769232,
  "doubleFaults": 0,
  "doubleFaultPct": 0
}