{
  "totalServePoints": 1551,
  "firstServeIn": 972,
  "firstServeInPct": 0.6266924564796905,
  "firstServeWon": 666,
  "firstServeWinPct": 0.6851851851851852,
  "secondServeTotal": 579,
  "secondServeWon": 320,
  "secondServeWinPct": 0.5526770293609672,
  "aces": 72,
  "acePct": 0.04642166344294004,
  "doubleFaults": 0,
  "doubleFaultPct": 0
}