{
  "totalServePoints": 7678,
  "firstServeIn": 5360,
  "firstServeInPct": 0.6980984631414431,
  "firstServeWon": 4154,
  "firstServeWinPct": 0.775,
  "secondServeTotal": 2318,
  "secondServeWon": 1255,
  "secondServeWinPct": 0.5414150129421915,
  "aces": 1558,
  "acePct": 0.20291742641312843,
  "doubleFaults": 0,
  "doubleFaultPct": 0
}