{
  "totalServePoints": 281,
  "firstServeIn": 172,
  "firstServeInPct": 0.6120996441281139,
  "firstServeWon": 124,
  "firstServeWinPct": 0.7209302325581395,
  "secondServeTotal": 109,
  "secondServeWon": 45,
  "secondServeWinPct": 0.41284403669724773,
  "aces": 21,
  "acePct": 0.07473309608540925,
  "doubleFaults": 0,
  "doubleFaultPct": 0
}