{
  "wins": [],
  "losses": [
    {
      "shotType": "BACKHAND",
      "total": 34,
      "winnerRate": 0.2647058823529412,
      "adjustedEffectiveness": -0.043470218275989625
    },
    {
      "shotType": "BACKHAND_SLICE",
      "total": 39,
      "winnerRate": 0.10256410256410256,
      "adjustedEffectiveness": -0.20561199806482824
    },
    {
      "shotType": "FOREHAND",
      "total": 57,
      "winnerRate": 0.3684210526315789,
      "adjustedEffectiveness": 0.06024495200264812
    },
    {
      "shotType": "SERVE",
      "total": 79,
      "winnerRate": 0.43037974683544306,
      "adjustedEffectiveness": 0.12220364620651225
    }
  ]
}