{
  "totalServePoints": 1184,
  "firstServeIn": 835,
  "firstServeInPct": 0.7052364864864865,
  "firstServeWon": 646,
  "firstServeWinPct": 0.7736526946107785,
  "secondServeTotal": 349,
  "secondServeWon": 158,
  "secondServeWinPct": 0.45272206303724927,
  "aces": 147,
  "acePct": 0.1241554054054054,
  "doubleFaults": 0,
  "doubleFaultPct": 0
}