{
  "winning": [],
  "losing": [
    {
      "sequence": [
        "FOREHAND_LEFT",
        "BACKHAND_LEFT"
      ],
      "total": 17,
      "winnerRate": 0.35294117647058826,
      "uplift": -0.034512698068157155,
      "rankScore": -0.09778183670608605
    }
  ]
}