{
  "totalServePoints": 1513,
  "firstServeIn": 909,
  "firstServeInPct": 0.6007931262392597,
  "firstServeWon": 656,
  "firstServeWinPct": 0.7216721672167217,
  "secondServeTotal": 604,
  "secondServeWon": 334,
  "secondServeWinPct": 0.5529801324503312,
  "aces": 83,
  "acePct": 0.05485789821546596,
  "doubleFaults": 0,
  "doubleFaultPct": 0
}