{
  "wins": [],
  "losses": [
    {
      "shotType": "BACKHAND",
      "total": 116,
      "winnerRate": 0.46551724137931033,
      "adjustedEffectiveness": 0.0646551724137931
    },
    {
      "shotType": "BACKHAND_SLICE",
      "total": 17,
      "winnerRate": 0.4117647058823529,
      "adjustedEffectiveness": 0.010902636916835684
    },
    {
      "shotType": "FOREHAND",
      "total": 116,
      "winnerRate": 0.4827586206896552,
      "adjustedEffectiveness": 0.08189655172413796
    },
    {
      "shotType": "SERVE",
      "total": 116,
      "winnerRate": 0.41379310344827586,
      "adjustedEffectiveness": 0.012931034482758619
    }
  ]
}