{
  "totalServePoints": 332,
  "firstServeIn": 207,
  "firstServeInPct": 0.6234939759036144,
  "firstServeWon": 125,
  "firstServeWinPct": 0.6038647342995169,
  "secondServeTotal": 125,
  "secondServeWon": 62,
  "secondServeWinPct": 0.496,
  "aces": 14,
  "acePct": 0.04216867469879518,
  "doubleFaults": 0,
  "doubleFaultPct": 0
}