{
  "winning": [
    {
      "sequence": [
        "BACKHAND_CENTER",
        "FOREHAND_RIGHT"
      ],
      "total": 17,
      "winnerRate": 0.4117647058823529,
      "uplift": 0.03986387943607195,
      "rankScore": 0.11294287516412722
    }
  ],
  "losing": [
    {
      "sequence": [
        "BACKHAND_LEFT",
        "BACKHAND_LEFT"
      ],
      "total": 23,
      "winnerRate": 0.08695652173913043,
      "uplift": -0.28494430470715054,
      "rankScore": -0.8934412192712237
    },
    {
      "sequence": [
        "FOREHAND_RIGHT",
        "FOREHAND_LEFT"
      ],
      "total": 15,
      "winnerRate": 0.2,
      "uplift": -0.17190082644628096,
      "rankScore": -0.46551606762748726
    },
    {
      "sequence": [
        "FOREHAND_LEFT",
        "BACKHAND_LEFT"
      ],
      "total": 22,
      "winnerRate": 0.2727272727272727,
      "uplift": -0.09917355371900827,
      "rankScore": -0.30654966479586604
    }
  ]
}