{
  "totalServePoints": 180,
  "firstServeIn": 111,
  "firstServeInPct": 0.6166666666666667,
  "firstServeWon": 64,
  "firstServeWinPct": 0.5765765765765766,
  "secondServeTotal": 69,
  "secondServeWon": 30,
  "secondServeWinPct": 0.43478260869565216,
  "aces": 7,
  "acePct": 0.03888888888888889,
  "doubleFaults": 0,
  "doubleFaultPct": 0
}