{
  "wins": [],
  "losses": [
    {
      "shotType": "BACKHAND",
      "total": 63,
      "winnerRate": 0.42857142857142855,
      "adjustedEffectiveness": 0.047619047619047616
    },
    {
      "shotType": "BACKHAND_SLICE",
      "total": 16,
      "winnerRate": 0.1875,
      "adjustedEffectiveness": -0.19345238095238093
    },
    {
      "shotType": "FOREHAND",
      "total": 91,
      "winnerRate": 0.45054945054945056,
      "adjustedEffectiveness": 0.06959706959706963
    },
    {
      "shotType": "SERVE",
      "total": 84,
      "winnerRate": 0.35714285714285715,
      "adjustedEffectiveness": -0.02380952380952378
    }
  ]
}