{
  "totalServePoints": 75,
  "firstServeIn": 47,
  "firstServeInPct": 0.6266666666666667,
  "firstServeWon": 31,
  "firstServeWinPct": 0.6595744680851063,
  "secondServeTotal": 28,
  "secondServeWon": 13,
  "secondServeWinPct": 0.4642857142857143,
  "aces": 7,
  "acePct": 0.09333333333333334,
  "doubleFaults": 0,
  "doubleFaultPct": 0
}