{
  "totalServePoints": 59,
  "firstServeIn": 38,
  "firstServeInPct": 0.6440677966101694,
  "firstServeWon": 25,
  "firstServeWinPct": 0.6578947368421053,
  "secondServeTotal": 21,
  "secondServeWon": 8,
  "secondServeWinPct": 0.38095238095238093,
  "aces": 6,
  "acePct": 0.1016949152542373,
  "doubleFaults": 0,
  "doubleFaultPct": 0
}