{
  "wins": [],
  "losses": [
    {
      "shotType": "BACKHAND",
      "total": 18,
      "winnerRate": 0.3888888888888889,
      "adjustedEffectiveness": 0.00835791543756148
    },
    {
      "shotType": "FOREHAND",
      "total": 38,
      "winnerRate": 0.5526315789473685,
      "adjustedEffectiveness": 0.17210060549604106
    },
    {
      "shotType": "SERVE",
      "total": 56,
      "winnerRate": 0.48214285714285715,
      "adjustedEffectiveness": 0.10161188369152974
    }
  ]
}