{
  "totalServePoints": 1304,
  "firstServeIn": 844,
  "firstServeInPct": 0.647239263803681,
  "firstServeWon": 647,
  "firstServeWinPct": 0.7665876777251185,
  "secondServeTotal": 460,
  "secondServeWon": 223,
  "secondServeWinPct": 0.48478260869565215,
  "aces": 170,
  "acePct": 0.1303680981595092,
  "doubleFaults": 0,
  "doubleFaultPct": 0
}