{
  "totalServePoints": 95,
  "firstServeIn": 64,
  "firstServeInPct": 0.6736842105263158,
  "firstServeWon": 41,
  "firstServeWinPct": 0.640625,
  "secondServeTotal": 31,
  "secondServeWon": 10,
  "secondServeWinPct": 0.3225806451612903,
  "aces": 3,
  "acePct": 0.031578947368421054,
  "doubleFaults": 0,
  "doubleFaultPct": 0
}