{
  "totalServePoints": 558,
  "firstServeIn": 332,
  "firstServeInPct": 0.5949820788530465,
  "firstServeWon": 207,
  "firstServeWinPct": 0.6234939759036144,
  "secondServeTotal": 226,
  "secondServeWon": 108,
  "secondServeWinPct": 0.4778761061946903,
  "aces": 9,
  "acePct": 0.016129032258064516,
  "doubleFaults": 0,
  "doubleFaultPct": 0
}