{
  "winning": [
    {
      "sequence": [
        "BACKHAND_CENTER",
        "FOREHAND_RIGHT"
      ],
      "total": 18,
      "winnerRate": 0.5,
      "uplift": 0.048302872062663205,
      "rankScore": 0.13961325723519338
    },
    {
      "sequence": [
        "BACKHAND_LEFT",
        "BACKHAND_LEFT"
      ],
      "total": 27,
      "winnerRate": 0.48148148148148145,
      "uplift": 0.02978435354414466,
      "rankScore": 0.09816437044089867
    }
  ],
  "losing": [
    {
      "sequence": [
        "FOREHAND_RIGHT",
        "FOREHAND_RIGHT"
      ],
      "total": 29,
      "winnerRate": 0.3793103448275862,
      "uplift": -0.07238678310975061,
      "rankScore": -0.24374771291159855
    }
  ]
}