{
  "totalServePoints": 3828,
  "firstServeIn": 2278,
  "firstServeInPct": 0.5950888192267503,
  "firstServeWon": 1717,
  "firstServeWinPct": 0.753731343283582,
  "secondServeTotal": 1550,
  "secondServeWon": 706,
  "secondServeWinPct": 0.45548387096774196,
  "aces": 551,
  "acePct": 0.14393939393939395,
  "doubleFaults": 0,
  "doubleFaultPct": 0
}