{
  "winning": [
    {
      "sequence": [
        "BACKHAND_LEFT",
        "BACKHAND_LEFT"
      ],
      "total": 18,
      "winnerRate": 0.6111111111111112,
      "uplift": 0.059386973180076685,
      "rankScore": 0.17165043006663064
    }
  ],
  "losing": []
}