{
  "totalServePoints": 1865,
  "firstServeIn": 1180,
  "firstServeInPct": 0.6327077747989276,
  "firstServeWon": 787,
  "firstServeWinPct": 0.6669491525423729,
  "secondServeTotal": 685,
  "secondServeWon": 344,
  "secondServeWinPct": 0.5021897810218978,
  "aces": 56,
  "acePct": 0.030026809651474532,
  "doubleFaults": 0,
  "doubleFaultPct": 0
}