{
  "totalServePoints": 1647,
  "firstServeIn": 1063,
  "firstServeInPct": 0.6454159077109897,
  "firstServeWon": 724,
  "firstServeWinPct": 0.6810912511759172,
  "secondServeTotal": 584,
  "secondServeWon": 300,
  "secondServeWinPct": 0.5136986301369864,
  "aces": 90,
  "acePct": 0.0546448087431694,
  "doubleFaults": 0,
  "doubleFaultPct": 0
}