{
  "winning": [
    {
      "sequence": [
        "FOREHAND_RIGHT",
        "FOREHAND_LEFT"
      ],
      "total": 17,
      "winnerRate": 0.47058823529411764,
      "uplift": 0.10600490196078433,
      "rankScore": 0.3003345027706651
    }
  ],
  "losing": [
    {
      "sequence": [
        "FOREHAND_LEFT",
        "BACKHAND_LEFT"
      ],
      "total": 16,
      "winnerRate": 0.25,
      "uplift": -0.11458333333333331,
      "rankScore": -0.3176924577566415
    },
    {
      "sequence": [
        "FOREHAND_RIGHT",
        "FOREHAND_RIGHT"
      ],
      "total": 24,
      "winnerRate": 0.3333333333333333,
      "uplift": -0.03125,
      "rankScore": -0.0993141821983733
    }
  ]
}