{
  "totalServePoints": 469,
  "firstServeIn": 260,
  "firstServeInPct": 0.5543710021321961,
  "firstServeWon": 174,
  "firstServeWinPct": 0.6692307692307692,
  "secondServeTotal": 209,
  "secondServeWon": 99,
  "secondServeWinPct": 0.47368421052631576,
  "aces": 23,
  "acePct": 0.04904051172707889,
  "doubleFaults": 0,
  "doubleFaultPct": 0
}