{
  "totalServePoints": 532,
  "firstServeIn": 341,
  "firstServeInPct": 0.6409774436090225,
  "firstServeWon": 252,
  "firstServeWinPct": 0.7390029325513197,
  "secondServeTotal": 191,
  "secondServeWon": 76,
  "secondServeWinPct": 0.39790575916230364,
  "aces": 50,
  "acePct": 0.09398496240601503,
  "doubleFaults": 0,
  "doubleFaultPct": 0
}