{
  "winning": [
    {
      "sequence": [
        "FOREHAND_LEFT",
        "BACKHAND_SLICE_LEFT"
      ],
      "total": 18,
      "winnerRate": 0.4444444444444444,
      "uplift": 0.05617010816125856,
      "rankScore": 0.1623524942672746
    }
  ],
  "losing": [
    {
      "sequence": [
        "WIDE",
        "BACKHAND_SLICE_CENTER_DEEP"
      ],
      "total": 18,
      "winnerRate": 0.3333333333333333,
      "uplift": -0.054941002949852547,
      "rankScore": -0.15879992327674367
    },
    {
      "sequence": [
        "T",
        "BACKHAND_SLICE_CENTER_DEEP"
      ],
      "total": 18,
      "winnerRate": 0.3333333333333333,
      "uplift": -0.054941002949852547,
      "rankScore": -0.15879992327674367
    }
  ]
}