{
  "wins": [
    {
      "shotType": "BACKHAND",
      "total": 16,
      "winnerRate": 0.4375,
      "adjustedEffectiveness": 0.03209459459459457
    },
    {
      "shotType": "FOREHAND",
      "total": 34,
      "winnerRate": 0.35294117647058826,
      "adjustedEffectiveness": -0.05246422893481717
    },
    {
      "shotType": "SERVE",
      "total": 56,
      "winnerRate": 0.48214285714285715,
      "adjustedEffectiveness": 0.07673745173745172
    }
  ],
  "losses": []
}