{
  "totalServePoints": 55,
  "firstServeIn": 36,
  "firstServeInPct": 0.6545454545454545,
  "firstServeWon": 23,
  "firstServeWinPct": 0.6388888888888888,
  "secondServeTotal": 19,
  "secondServeWon": 9,
  "secondServeWinPct": 0.47368421052631576,
  "aces": 7,
  "acePct": 0.12727272727272726,
  "doubleFaults": 0,
  "doubleFaultPct": 0
}