{
  "totalServePoints": 972,
  "firstServeIn": 628,
  "firstServeInPct": 0.6460905349794238,
  "firstServeWon": 450,
  "firstServeWinPct": 0.7165605095541401,
  "secondServeTotal": 344,
  "secondServeWon": 192,
  "secondServeWinPct": 0.5581395348837209,
  "aces": 87,
  "acePct": 0.08950617283950617,
  "doubleFaults": 0,
  "doubleFaultPct": 0
}