{
  "totalServePoints": 1173,
  "firstServeIn": 695,
  "firstServeInPct": 0.5924978687127025,
  "firstServeWon": 528,
  "firstServeWinPct": 0.7597122302158273,
  "secondServeTotal": 478,
  "secondServeWon": 231,
  "secondServeWinPct": 0.48326359832635984,
  "aces": 135,
  "acePct": 0.11508951406649616,
  "doubleFaults": 0,
  "doubleFaultPct": 0
}