{
  "winning": [
    {
      "sequence": [
        "BACKHAND_SLICE_CENTER",
        "FOREHAND_LEFT"
      ],
      "total": 17,
      "winnerRate": 0.5294117647058824,
      "uplift": 0.17518833146337554,
      "rankScore": 0.49634591842497905
    },
    {
      "sequence": [
        "FOREHAND_RIGHT",
        "FOREHAND_RIGHT"
      ],
      "total": 15,
      "winnerRate": 0.4,
      "uplift": 0.0457765667574932,
      "rankScore": 0.1239652408133982
    },
    {
      "sequence": [
        "FOREHAND_LEFT",
        "BACKHAND_SLICE_CENTER"
      ],
      "total": 22,
      "winnerRate": 0.36363636363636365,
      "uplift": 0.009412930393856822,
      "rankScore": 0.02909576745791825
    }
  ],
  "losing": [
    {
      "sequence": [
        "BACKHAND_SLICE_LEFT",
        "FOREHAND_LEFT"
      ],
      "total": 18,
      "winnerRate": 0.1111111111111111,
      "uplift": -0.24311232213139572,
      "rankScore": -0.7026849898851408
    },
    {
      "sequence": [
        "FOREHAND_LEFT",
        "BACKHAND_SLICE_LEFT"
      ],
      "total": 34,
      "winnerRate": 0.29411764705882354,
      "uplift": -0.060105786183683285,
      "rankScore": -0.2119546716991602
    }
  ]
}