{
  "totalServePoints": 178,
  "firstServeIn": 119,
  "firstServeInPct": 0.6685393258426966,
  "firstServeWon": 76,
  "firstServeWinPct": 0.6386554621848739,
  "secondServeTotal": 59,
  "secondServeWon": 27,
  "secondServeWinPct": 0.4576271186440678,
  "aces": 9,
  "acePct": 0.05056179775280899,
  "doubleFaults": 0,
  "doubleFaultPct": 0
}