{
  "totalServePoints": 903,
  "firstServeIn": 496,
  "firstServeInPct": 0.5492801771871539,
  "firstServeWon": 333,
  "firstServeWinPct": 0.6713709677419355,
  "secondServeTotal": 407,
  "secondServeWon": 186,
  "secondServeWinPct": 0.457002457002457,
  "aces": 73,
  "acePct": 0.08084163898117387,
  "doubleFaults": 0,
  "doubleFaultPct": 0
}