{
  "wins": [
    {
      "shotType": "BACKHAND",
      "total": 91,
      "winnerRate": 0.4175824175824176,
      "adjustedEffectiveness": 0.03233651594307335
    },
    {
      "shotType": "FOREHAND",
      "total": 135,
      "winnerRate": 0.4740740740740741,
      "adjustedEffectiveness": 0.08882817243472985
    },
    {
      "shotType": "SERVE",
      "total": 61,
      "winnerRate": 0.4098360655737705,
      "adjustedEffectiveness": 0.024590163934426257
    }
  ],
  "losses": []
}