{
  "wins": [],
  "losses": [
    {
      "shotType": "BACKHAND",
      "total": 52,
      "winnerRate": 0.36538461538461536,
      "adjustedEffectiveness": -0.07070561017929439
    },
    {
      "shotType": "FOREHAND",
      "total": 63,
      "winnerRate": 0.5238095238095238,
      "adjustedEffectiveness": 0.08771929824561409
    },
    {
      "shotType": "SERVE",
      "total": 66,
      "winnerRate": 0.48484848484848486,
      "adjustedEffectiveness": 0.04875825928457511
    }
  ]
}