{
  "totalServePoints": 188,
  "firstServeIn": 118,
  "firstServeInPct": 0.6276595744680851,
  "firstServeWon": 83,
  "firstServeWinPct": 0.7033898305084746,
  "secondServeTotal": 70,
  "secondServeWon": 35,
  "secondServeWinPct": 0.5,
  "aces": 9,
  "acePct": 0.047872340425531915,
  "doubleFaults": 0,
  "doubleFaultPct": 0
}