{
  "totalServePoints": 209,
  "firstServeIn": 114,
  "firstServeInPct": 0.5454545454545454,
  "firstServeWon": 72,
  "firstServeWinPct": 0.631578947368421,
  "secondServeTotal": 95,
  "secondServeWon": 50,
  "secondServeWinPct": 0.5263157894736842,
  "aces": 10,
  "acePct": 0.04784688995215311,
  "doubleFaults": 0,
  "doubleFaultPct": 0
}