{
  "wins": [],
  "losses": [
    {
      "shotType": "BACKHAND",
      "total": 54,
      "winnerRate": 0.3888888888888889,
      "adjustedEffectiveness": -0.012980269989615767
    },
    {
      "shotType": "FOREHAND",
      "total": 43,
      "winnerRate": 0.3023255813953488,
      "adjustedEffectiveness": -0.09954357748315584
    },
    {
      "shotType": "SERVE",
      "total": 53,
      "winnerRate": 0.4339622641509434,
      "adjustedEffectiveness": 0.03209310527243875
    }
  ]
}