{
  "totalServePoints": 60,
  "firstServeIn": 41,
  "firstServeInPct": 0.6833333333333333,
  "firstServeWon": 30,
  "firstServeWinPct": 0.7317073170731707,
  "secondServeTotal": 19,
  "secondServeWon": 8,
  "secondServeWinPct": 0.42105263157894735,
  "aces": 1,
  "acePct": 0.016666666666666666,
  "doubleFaults": 0,
  "doubleFaultPct": 0
}