{
  "totalServePoints": 442,
  "firstServeIn": 260,
  "firstServeInPct": 0.5882352941176471,
  "firstServeWon": 168,
  "firstServeWinPct": 0.6461538461538462,
  "secondServeTotal": 182,
  "secondServeWon": 81,
  "secondServeWinPct": 0.44505494505494503,
  "aces": 18,
  "acePct": 0.04072398190045249,
  "doubleFaults": 0,
  "doubleFaultPct": 0
}