{
  "totalServePoints": 2569,
  "firstServeIn": 1427,
  "firstServeInPct": 0.5554690541066563,
  "firstServeWon": 1030,
  "firstServeWinPct": 0.7217939733707078,
  "secondServeTotal": 1142,
  "secondServeWon": 566,
  "secondServeWinPct": 0.4956217162872154,
  "aces": 225,
  "acePct": 0.08758271701050993,
  "doubleFaults": 0,
  "doubleFaultPct": 0
}