{
  "totalServePoints": 310,
  "firstServeIn": 201,
  "firstServeInPct": 0.6483870967741936,
  "firstServeWon": 130,
  "firstServeWinPct": 0.6467661691542289,
  "secondServeTotal": 109,
  "secondServeWon": 68,
  "secondServeWinPct": 0.6238532110091743,
  "aces": 13,
  "acePct": 0.041935483870967745,
  "doubleFaults": 0,
  "doubleFaultPct": 0
}