{
  "totalServePoints": 3725,
  "firstServeIn": 2158,
  "firstServeInPct": 0.5793288590604027,
  "firstServeWon": 1570,
  "firstServeWinPct": 0.7275254865616312,
  "secondServeTotal": 1567,
  "secondServeWon": 770,
  "secondServeWinPct": 0.4913848117421825,
  "aces": 304,
  "acePct": 0.08161073825503355,
  "doubleFaults": 0,
  "doubleFaultPct": 0
}