{
  "winning": [],
  "losing": [
    {
      "sequence": [
        "FOREHAND_CENTER",
        "BACKHAND_CENTER"
      ],
      "total": 17,
      "winnerRate": 0.35294117647058826,
      "uplift": -0.05827377680043977,
      "rankScore": -0.1651020420395595
    },
    {
      "sequence": [
        "FOREHAND_CENTER",
        "FOREHAND_CENTER"
      ],
      "total": 24,
      "winnerRate": 0.375,
      "uplift": -0.03621495327102803,
      "rankScore": -0.1150930709588625
    }
  ]
}