{
  "totalServePoints": 65,
  "firstServeIn": 42,
  "firstServeInPct": 0.6461538461538462,
  "firstServeWon": 17,
  "firstServeWinPct": 0.40476190476190477,
  "secondServeTotal": 23,
  "secondServeWon": 13,
  "secondServeWinPct": 0.5652173913043478,
  "aces": 1,
  "acePct": 0.015384615384615385,
  "doubleFaults": 0,
  "doubleFaultPct": 0
}