{
  "wins": [
    {
      "shotType": "BACKHAND",
      "total": 67,
      "winnerRate": 0.43283582089552236,
      "adjustedEffectiveness": -0.011608623548922059
    },
    {
      "shotType": "BACKHAND_SLICE",
      "total": 25,
      "winnerRate": 0.24,
      "adjustedEffectiveness": -0.20444444444444443
    },
    {
      "shotType": "FOREHAND",
      "total": 78,
      "winnerRate": 0.3974358974358974,
      "adjustedEffectiveness": -0.04700854700854701
    },
    {
      "shotType": "SERVE",
      "total": 72,
      "winnerRate": 0.5277777777777778,
      "adjustedEffectiveness": 0.08333333333333337
    }
  ],
  "losses": []
}