{
  "totalServePoints": 71,
  "firstServeIn": 49,
  "firstServeInPct": 0.6901408450704225,
  "firstServeWon": 37,
  "firstServeWinPct": 0.7551020408163265,
  "secondServeTotal": 22,
  "secondServeWon": 7,
  "secondServeWinPct": 0.3181818181818182,
  "aces": 4,
  "acePct": 0.056338028169014086,
  "doubleFaults": 0,
  "doubleFaultPct": 0
}