{
  "totalServePoints": 398,
  "firstServeIn": 234,
  "firstServeInPct": 0.5879396984924623,
  "firstServeWon": 143,
  "firstServeWinPct": 0.6111111111111112,
  "secondServeTotal": 164,
  "secondServeWon": 70,
  "secondServeWinPct": 0.4268292682926829,
  "aces": 10,
  "acePct": 0.02512562814070352,
  "doubleFaults": 0,
  "doubleFaultPct": 0
}