{
  "winning": [],
  "losing": [
    {
      "sequence": [
        "FOREHAND_RIGHT",
        "FOREHAND_RIGHT"
      ],
      "total": 17,
      "winnerRate": 0.11764705882352941,
      "uplift": -0.288257000217061,
      "rankScore": -0.8166935795325929
    },
    {
      "sequence": [
        "FOREHAND_LEFT",
        "BACKHAND_LEFT"
      ],
      "total": 23,
      "winnerRate": 0.34782608695652173,
      "uplift": -0.058077972084068674,
      "rankScore": -0.18210314554249196
    }
  ]
}