{
  "totalServePoints": 151,
  "firstServeIn": 72,
  "firstServeInPct": 0.4768211920529801,
  "firstServeWon": 49,
  "firstServeWinPct": 0.6805555555555556,
  "secondServeTotal": 79,
  "secondServeWon": 42,
  "secondServeWinPct": 0.5316455696202531,
  "aces": 5,
  "acePct": 0.033112582781456956,
  "doubleFaults": 0,
  "doubleFaultPct": 0
}