{
  "totalServePoints": 396,
  "firstServeIn": 206,
  "firstServeInPct": 0.5202020202020202,
  "firstServeWon": 144,
  "firstServeWinPct": 0.6990291262135923,
  "secondServeTotal": 190,
  "secondServeWon": 89,
  "secondServeWinPct": 0.46842105263157896,
  "aces": 23,
  "acePct": 0.05808080808080808,
  "doubleFaults": 0,
  "doubleFaultPct": 0
}