{
  "totalServePoints": 1393,
  "firstServeIn": 876,
  "firstServeInPct": 0.6288585786073223,
  "firstServeWon": 688,
  "firstServeWinPct": 0.7853881278538812,
  "secondServeTotal": 517,
  "secondServeWon": 266,
  "secondServeWinPct": 0.5145067698259188,
  "aces": 195,
  "acePct": 0.1399856424982053,
  "doubleFaults": 0,
  "doubleFaultPct": 0
}