{
  "totalServePoints": 51,
  "firstServeIn": 37,
  "firstServeInPct": 0.7254901960784313,
  "firstServeWon": 23,
  "firstServeWinPct": 0.6216216216216216,
  "secondServeTotal": 14,
  "secondServeWon": 10,
  "secondServeWinPct": 0.7142857142857143,
  "aces": 4,
  "acePct": 0.0784313725490196,
  "doubleFaults": 0,
  "doubleFaultPct": 0
}