{
  "wins": [
    {
      "shotType": "BACKHAND",
      "total": 32,
      "winnerRate": 0.34375,
      "adjustedEffectiveness": -0.11913209606986902
    },
    {
      "shotType": "BACKHAND_SLICE",
      "total": 19,
      "winnerRate": 0.05263157894736842,
      "adjustedEffectiveness": -0.4102505171225006
    },
    {
      "shotType": "FOREHAND",
      "total": 48,
      "winnerRate": 0.4375,
      "adjustedEffectiveness": -0.02538209606986902
    },
    {
      "shotType": "SERVE",
      "total": 115,
      "winnerRate": 0.6347826086956522,
      "adjustedEffectiveness": 0.17190051262578315
    }
  ],
  "losses": []
}