{
  "totalServePoints": 2369,
  "firstServeIn": 1386,
  "firstServeInPct": 0.5850569860700717,
  "firstServeWon": 978,
  "firstServeWinPct": 0.7056277056277056,
  "secondServeTotal": 983,
  "secondServeWon": 494,
  "secondServeWinPct": 0.5025432349949135,
  "aces": 149,
  "acePct": 0.06289573659772056,
  "doubleFaults": 0,
  "doubleFaultPct": 0
}