{
  "totalServePoints": 470,
  "firstServeIn": 309,
  "firstServeInPct": 0.6574468085106383,
  "firstServeWon": 202,
  "firstServeWinPct": 0.6537216828478964,
  "secondServeTotal": 161,
  "secondServeWon": 78,
  "secondServeWinPct": 0.484472049689441,
  "aces": 39,
  "acePct": 0.08297872340425531,
  "doubleFaults": 0,
  "doubleFaultPct": 0
}