{
  "totalServePoints": 504,
  "firstServeIn": 285,
  "firstServeInPct": 0.5654761904761905,
  "firstServeWon": 170,
  "firstServeWinPct": 0.5964912280701754,
  "secondServeTotal": 219,
  "secondServeWon": 105,
  "secondServeWinPct": 0.4794520547945205,
  "aces": 14,
  "acePct": 0.027777777777777776,
  "doubleFaults": 0,
  "doubleFaultPct": 0
}