{
  "totalServePoints": 587,
  "firstServeIn": 367,
  "firstServeInPct": 0.6252129471890971,
  "firstServeWon": 251,
  "firstServeWinPct": 0.6839237057220708,
  "secondServeTotal": 220,
  "secondServeWon": 112,
  "secondServeWinPct": 0.509090909090909,
  "aces": 33,
  "acePct": 0.056218057921635436,
  "doubleFaults": 0,
  "doubleFaultPct": 0
}