{
  "totalServePoints": 23800,
  "firstServeIn": 15424,
  "firstServeInPct": 0.6480672268907564,
  "firstServeWon": 11536,
  "firstServeWinPct": 0.7479253112033195,
  "secondServeTotal": 8376,
  "secondServeWon": 4724,
  "secondServeWinPct": 0.563992359121299,
  "aces": 1868,
  "acePct": 0.0784873949579832,
  "doubleFaults": 0,
  "doubleFaultPct": 0
}