{
  "totalServePoints": 2335,
  "firstServeIn": 1680,
  "firstServeInPct": 0.7194860813704497,
  "firstServeWon": 1099,
  "firstServeWinPct": 0.6541666666666667,
  "secondServeTotal": 655,
  "secondServeWon": 320,
  "secondServeWinPct": 0.48854961832061067,
  "aces": 48,
  "acePct": 0.020556745182012847,
  "doubleFaults": 0,
  "doubleFaultPct": 0
}