{
  "wins": [
    {
      "shotType": "BACKHAND",
      "total": 45,
      "winnerRate": 0.3111111111111111,
      "adjustedEffectiveness": -0.12437275985663082
    },
    {
      "shotType": "FOREHAND",
      "total": 52,
      "winnerRate": 0.3269230769230769,
      "adjustedEffectiveness": -0.10856079404466501
    },
    {
      "shotType": "SERVE",
      "total": 62,
      "winnerRate": 0.5806451612903226,
      "adjustedEffectiveness": 0.14516129032258068
    }
  ],
  "losses": []
}