{
  "totalServePoints": 65,
  "firstServeIn": 32,
  "firstServeInPct": 0.49230769230769234,
  "firstServeWon": 22,
  "firstServeWinPct": 0.6875,
  "secondServeTotal": 33,
  "secondServeWon": 18,
  "secondServeWinPct": 0.5454545454545454,
  "aces": 6,
  "acePct": 0.09230769230769231,
  "doubleFaults": 0,
  "doubleFaultPct": 0
}