{
  "wins": [
    {
      "shotType": "BACKHAND",
      "total": 37,
      "winnerRate": 0.2702702702702703,
      "adjustedEffectiveness": -0.21544401544401542
    },
    {
      "shotType": "FOREHAND",
      "total": 82,
      "winnerRate": 0.3780487804878049,
      "adjustedEffectiveness": -0.10766550522648083
    },
    {
      "shotType": "SERVE",
      "total": 53,
      "winnerRate": 0.5471698113207547,
      "adjustedEffectiveness": 0.061455525606469
    }
  ],
  "losses": []
}