{
  "totalServePoints": 1508,
  "firstServeIn": 974,
  "firstServeInPct": 0.6458885941644562,
  "firstServeWon": 750,
  "firstServeWinPct": 0.7700205338809035,
  "secondServeTotal": 534,
  "secondServeWon": 252,
  "secondServeWinPct": 0.47191011235955055,
  "aces": 232,
  "acePct": 0.15384615384615385,
  "doubleFaults": 0,
  "doubleFaultPct": 0
}