{
  "totalServePoints": 318,
  "firstServeIn": 220,
  "firstServeInPct": 0.6918238993710691,
  "firstServeWon": 154,
  "firstServeWinPct": 0.7,
  "secondServeTotal": 98,
  "secondServeWon": 55,
  "secondServeWinPct": 0.5612244897959183,
  "aces": 16,
  "acePct": 0.050314465408805034,
  "doubleFaults": 0,
  "doubleFaultPct": 0
}