{
  "winning": [
    {
      "sequence": [
        "BACKHAND_LEFT",
        "BACKHAND_LEFT"
      ],
      "total": 19,
      "winnerRate": 0.7894736842105263,
      "uplift": 0.40966599190283404,
      "rankScore": 1.2062365149975878
    },
    {
      "sequence": [
        "FOREHAND_RIGHT",
        "FOREHAND_LEFT"
      ],
      "total": 16,
      "winnerRate": 0.5,
      "uplift": 0.12019230769230771,
      "rankScore": 0.33324383680766606
    },
    {
      "sequence": [
        "FOREHAND_LEFT",
        "BACKHAND_LEFT"
      ],
      "total": 22,
      "winnerRate": 0.45454545454545453,
      "uplift": 0.07473776223776224,
      "rankScore": 0.2310175959459231
    }
  ],
  "losing": []
}