{
  "totalServePoints": 113,
  "firstServeIn": 69,
  "firstServeInPct": 0.6106194690265486,
  "firstServeWon": 48,
  "firstServeWinPct": 0.6956521739130435,
  "secondServeTotal": 44,
  "secondServeWon": 17,
  "secondServeWinPct": 0.38636363636363635,
  "aces": 6,
  "acePct": 0.05309734513274336,
  "doubleFaults": 0,
  "doubleFaultPct": 0
}