{
  "totalServePoints": 112,
  "firstServeIn": 73,
  "firstServeInPct": 0.6517857142857143,
  "firstServeWon": 58,
  "firstServeWinPct": 0.7945205479452054,
  "secondServeTotal": 39,
  "secondServeWon": 21,
  "secondServeWinPct": 0.5384615384615384,
  "aces": 30,
  "acePct": 0.26785714285714285,
  "doubleFaults": 0,
  "doubleFaultPct": 0
}