{
  "totalServePoints": 813,
  "firstServeIn": 523,
  "firstServeInPct": 0.6432964329643296,
  "firstServeWon": 370,
  "firstServeWinPct": 0.7074569789674953,
  "secondServeTotal": 290,
  "secondServeWon": 146,
  "secondServeWinPct": 0.503448275862069,
  "aces": 69,
  "acePct": 0.08487084870848709,
  "doubleFaults": 0,
  "doubleFaultPct": 0
}