{
  "totalServePoints": 991,
  "firstServeIn": 587,
  "firstServeInPct": 0.5923309788092835,
  "firstServeWon": 477,
  "firstServeWinPct": 0.8126064735945485,
  "secondServeTotal": 404,
  "secondServeWon": 212,
  "secondServeWinPct": 0.5247524752475248,
  "aces": 172,
  "acePct": 0.17356205852674067,
  "doubleFaults": 0,
  "doubleFaultPct": 0
}