{
  "totalServePoints": 143,
  "firstServeIn": 90,
  "firstServeInPct": 0.6293706293706294,
  "firstServeWon": 62,
  "firstServeWinPct": 0.6888888888888889,
  "secondServeTotal": 53,
  "secondServeWon": 25,
  "secondServeWinPct": 0.4716981132075472,
  "aces": 17,
  "acePct": 0.11888111888111888,
  "doubleFaults": 0,
  "doubleFaultPct": 0
}