{
  "totalServePoints": 3949,
  "firstServeIn": 2591,
  "firstServeInPct": 0.6561154722714612,
  "firstServeWon": 1743,
  "firstServeWinPct": 0.6727132381319954,
  "secondServeTotal": 1358,
  "secondServeWon": 693,
  "secondServeWinPct": 0.5103092783505154,
  "aces": 119,
  "acePct": 0.030134211192707015,
  "doubleFaults": 0,
  "doubleFaultPct": 0
}