{
  "totalServePoints": 1123,
  "firstServeIn": 653,
  "firstServeInPct": 0.5814781834372217,
  "firstServeWon": 476,
  "firstServeWinPct": 0.7289433384379785,
  "secondServeTotal": 470,
  "secondServeWon": 220,
  "secondServeWinPct": 0.46808510638297873,
  "aces": 136,
  "acePct": 0.12110418521816563,
  "doubleFaults": 0,
  "doubleFaultPct": 0
}