{
  "totalServePoints": 473,
  "firstServeIn": 274,
  "firstServeInPct": 0.5792811839323467,
  "firstServeWon": 203,
  "firstServeWinPct": 0.7408759124087592,
  "secondServeTotal": 199,
  "secondServeWon": 97,
  "secondServeWinPct": 0.48743718592964824,
  "aces": 27,
  "acePct": 0.05708245243128964,
  "doubleFaults": 0,
  "doubleFaultPct": 0
}