{
  "totalServePoints": 495,
  "firstServeIn": 286,
  "firstServeInPct": 0.5777777777777777,
  "firstServeWon": 220,
  "firstServeWinPct": 0.7692307692307693,
  "secondServeTotal": 209,
  "secondServeWon": 116,
  "secondServeWinPct": 0.5550239234449761,
  "aces": 52,
  "acePct": 0.10505050505050505,
  "doubleFaults": 0,
  "doubleFaultPct": 0
}