{
  "totalServePoints": 76,
  "firstServeIn": 47,
  "firstServeInPct": 0.618421052631579,
  "firstServeWon": 29,
  "firstServeWinPct": 0.6170212765957447,
  "secondServeTotal": 29,
  "secondServeWon": 18,
  "secondServeWinPct": 0.6206896551724138,
  "aces": 4,
  "acePct": 0.05263157894736842,
  "doubleFaults": 0,
  "doubleFaultPct": 0
}