{
  "wins": [
    {
      "shotType": "BACKHAND",
      "total": 31,
      "winnerRate": 0.3548387096774194,
      "adjustedEffectiveness": -0.05141129032258063
    },
    {
      "shotType": "FOREHAND",
      "total": 52,
      "winnerRate": 0.5,
      "adjustedEffectiveness": 0.09375
    },
    {
      "shotType": "SERVE",
      "total": 48,
      "winnerRate": 0.4583333333333333,
      "adjustedEffectiveness": 0.052083333333333315
    }
  ],
  "losses": []
}