{
  "winning": [],
  "losing": [
    {
      "sequence": [
        "FOREHAND_LEFT",
        "BACKHAND_LEFT"
      ],
      "total": 15,
      "winnerRate": 0.4,
      "uplift": -0.006249999999999978,
      "rankScore": -0.016925313756888754
    }
  ]
}