{
  "totalServePoints": 195,
  "firstServeIn": 92,
  "firstServeInPct": 0.4717948717948718,
  "firstServeWon": 68,
  "firstServeWinPct": 0.7391304347826086,
  "secondServeTotal": 103,
  "secondServeWon": 49,
  "secondServeWinPct": 0.47572815533980584,
  "aces": 10,
  "acePct": 0.05128205128205128,
  "doubleFaults": 0,
  "doubleFaultPct": 0
}