{
  "totalServePoints": 1099,
  "firstServeIn": 648,
  "firstServeInPct": 0.5896269335759782,
  "firstServeWon": 437,
  "firstServeWinPct": 0.6743827160493827,
  "secondServeTotal": 451,
  "secondServeWon": 204,
  "secondServeWinPct": 0.4523281596452328,
  "aces": 59,
  "acePct": 0.05368516833484986,
  "doubleFaults": 0,
  "doubleFaultPct": 0
}