{
  "totalServePoints": 871,
  "firstServeIn": 523,
  "firstServeInPct": 0.600459242250287,
  "firstServeWon": 352,
  "firstServeWinPct": 0.6730401529636711,
  "secondServeTotal": 348,
  "secondServeWon": 170,
  "secondServeWinPct": 0.4885057471264368,
  "aces": 62,
  "acePct": 0.0711825487944891,
  "doubleFaults": 0,
  "doubleFaultPct": 0
}