{
  "winning": [],
  "losing": [
    {
      "sequence": [
        "FOREHAND_LEFT",
        "BACKHAND_LEFT"
      ],
      "total": 15,
      "winnerRate": 0.4,
      "uplift": -0.016666666666666663,
      "rankScore": -0.04513417001837016
    }
  ]
}