{
  "totalServePoints": 622,
  "firstServeIn": 388,
  "firstServeInPct": 0.6237942122186495,
  "firstServeWon": 258,
  "firstServeWinPct": 0.6649484536082474,
  "secondServeTotal": 234,
  "secondServeWon": 104,
  "secondServeWinPct": 0.4444444444444444,
  "aces": 24,
  "acePct": 0.03858520900321544,
  "doubleFaults": 0,
  "doubleFaultPct": 0
}