{
  "winning": [],
  "losing": [
    {
      "sequence": [
        "BACKHAND_LEFT",
        "BACKHAND_LEFT"
      ],
      "total": 15,
      "winnerRate": 0.26666666666666666,
      "uplift": -0.12916666666666665,
      "rankScore": -0.34978981764236877
    }
  ]
}