{
  "winning": [],
  "losing": [
    {
      "sequence": [
        "BACKHAND_LEFT",
        "BACKHAND_LEFT"
      ],
      "total": 24,
      "winnerRate": 0.3333333333333333,
      "uplift": -0.0625,
      "rankScore": -0.1986283643967466
    }
  ]
}