{
  "winning": [
    {
      "sequence": [
        "BACKHAND_LEFT",
        "BACKHAND_LEFT"
      ],
      "total": 26,
      "winnerRate": 0.5,
      "uplift": 0.07189542483660133,
      "rankScore": 0.23424223475971448
    },
    {
      "sequence": [
        "WIDE",
        "FOREHAND_CENTER_DEEP"
      ],
      "total": 18,
      "winnerRate": 0.5,
      "uplift": 0.07189542483660133,
      "rankScore": 0.20780450546965895
    },
    {
      "sequence": [
        "FOREHAND_LEFT",
        "BACKHAND_LEFT"
      ],
      "total": 17,
      "winnerRate": 0.47058823529411764,
      "uplift": 0.04248366013071897,
      "rankScore": 0.12036527278670203
    }
  ],
  "losing": [
    {
      "sequence": [
        "FOREHAND_RIGHT",
        "FOREHAND_RIGHT"
      ],
      "total": 17,
      "winnerRate": 0.29411764705882354,
      "uplift": -0.13398692810457513,
      "rankScore": -0.37961355263498314
    },
    {
      "sequence": [
        "FOREHAND_RIGHT",
        "FOREHAND_LEFT"
      ],
      "total": 15,
      "winnerRate": 0.4,
      "uplift": -0.02810457516339865,
      "rankScore": -0.07610860042313389
    }
  ]
}