{
  "totalServePoints": 301,
  "firstServeIn": 181,
  "firstServeInPct": 0.6013289036544851,
  "firstServeWon": 125,
  "firstServeWinPct": 0.6906077348066298,
  "secondServeTotal": 120,
  "secondServeWon": 53,
  "secondServeWinPct": 0.44166666666666665,
  "aces": 15,
  "acePct": 0.04983388704318937,
  "doubleFaults": 0,
  "doubleFaultPct": 0
}