{
  "totalServePoints": 6973,
  "firstServeIn": 4316,
  "firstServeInPct": 0.6189588412448014,
  "firstServeWon": 3365,
  "firstServeWinPct": 0.7796570898980537,
  "secondServeTotal": 2657,
  "secondServeWon": 1387,
  "secondServeWinPct": 0.5220173127587505,
  "aces": 877,
  "acePct": 0.1257708303456188,
  "doubleFaults": 0,
  "doubleFaultPct": 0
}