{
  "totalServePoints": 52,
  "firstServeIn": 37,
  "firstServeInPct": 0.7115384615384616,
  "firstServeWon": 24,
  "firstServeWinPct": 0.6486486486486487,
  "secondServeTotal": 15,
  "secondServeWon": 5,
  "secondServeWinPct": 0.3333333333333333,
  "aces": 1,
  "acePct": 0.019230769230769232,
  "doubleFaults": 0,
  "doubleFaultPct": 0
}