{
  "totalServePoints": 614,
  "firstServeIn": 370,
  "firstServeInPct": 0.6026058631921825,
  "firstServeWon": 287,
  "firstServeWinPct": 0.7756756756756756,
  "secondServeTotal": 244,
  "secondServeWon": 116,
  "secondServeWinPct": 0.47540983606557374,
  "aces": 89,
  "acePct": 0.1449511400651466,
  "doubleFaults": 0,
  "doubleFaultPct": 0
}