{
  "winning": [
    {
      "sequence": [
        "BACKHAND_LEFT",
        "BACKHAND_LEFT"
      ],
      "total": 21,
      "winnerRate": 0.5238095238095238,
      "uplift": 0.14232804232804236,
      "rankScore": 0.43332091838497405
    },
    {
      "sequence": [
        "FOREHAND_LEFT",
        "BACKHAND_CENTER"
      ],
      "total": 22,
      "winnerRate": 0.4090909090909091,
      "uplift": 0.02760942760942764,
      "rankScore": 0.08534191285366403
    },
    {
      "sequence": [
        "BACKHAND_CENTER",
        "FOREHAND_CENTER"
      ],
      "total": 15,
      "winnerRate": 0.4,
      "uplift": 0.018518518518518545,
      "rankScore": 0.05014907779818915
    }
  ],
  "losing": [
    {
      "sequence": [
        "FOREHAND_RIGHT",
        "FOREHAND_CENTER"
      ],
      "total": 15,
      "winnerRate": 0.2,
      "uplift": -0.18148148148148147,
      "rankScore": -0.4914609624222529
    },
    {
      "sequence": [
        "FOREHAND_LEFT",
        "BACKHAND_LEFT"
      ],
      "total": 19,
      "winnerRate": 0.3157894736842105,
      "uplift": -0.06569200779727097,
      "rankScore": -0.19342610837799037
    }
  ]
}