{
  "winning": [],
  "losing": [
    {
      "sequence": [
        "FOREHAND_RIGHT",
        "FOREHAND_RIGHT"
      ],
      "total": 19,
      "winnerRate": 0.10526315789473684,
      "uplift": -0.2807017543859649,
      "rankScore": -0.8265091871344393
    }
  ]
}