{
  "wins": [],
  "losses": [
    {
      "shotType": "BACKHAND",
      "total": 43,
      "winnerRate": 0.4883720930232558,
      "adjustedEffectiveness": -0.017877906976744184
    },
    {
      "shotType": "FOREHAND",
      "total": 66,
      "winnerRate": 0.3939393939393939,
      "adjustedEffectiveness": -0.11231060606060606
    },
    {
      "shotType": "SERVE",
      "total": 80,
      "winnerRate": 0.6,
      "adjustedEffectiveness": 0.09375
    }
  ]
}