{
  "totalServePoints": 77,
  "firstServeIn": 47,
  "firstServeInPct": 0.6103896103896104,
  "firstServeWon": 28,
  "firstServeWinPct": 0.5957446808510638,
  "secondServeTotal": 30,
  "secondServeWon": 14,
  "secondServeWinPct": 0.4666666666666667,
  "aces": 1,
  "acePct": 0.012987012987012988,
  "doubleFaults": 0,
  "doubleFaultPct": 0
}