{
  "totalServePoints": 230,
  "firstServeIn": 155,
  "firstServeInPct": 0.6739130434782609,
  "firstServeWon": 101,
  "firstServeWinPct": 0.6516129032258065,
  "secondServeTotal": 75,
  "secondServeWon": 33,
  "secondServeWinPct": 0.44,
  "aces": 3,
  "acePct": 0.013043478260869565,
  "doubleFaults": 0,
  "doubleFaultPct": 0
}