{
  "totalServePoints": 346,
  "firstServeIn": 222,
  "firstServeInPct": 0.6416184971098265,
  "firstServeWon": 153,
  "firstServeWinPct": 0.6891891891891891,
  "secondServeTotal": 124,
  "secondServeWon": 56,
  "secondServeWinPct": 0.45161290322580644,
  "aces": 16,
  "acePct": 0.046242774566473986,
  "doubleFaults": 0,
  "doubleFaultPct": 0
}