{
  "totalServePoints": 61,
  "firstServeIn": 44,
  "firstServeInPct": 0.7213114754098361,
  "firstServeWon": 32,
  "firstServeWinPct": 0.7272727272727273,
  "secondServeTotal": 17,
  "secondServeWon": 6,
  "secondServeWinPct": 0.35294117647058826,
  "aces": 9,
  "acePct": 0.14754098360655737,
  "doubleFaults": 0,
  "doubleFaultPct": 0
}