{
  "wins": [
    {
      "shotType": "BACKHAND",
      "total": 152,
      "winnerRate": 0.34868421052631576,
      "adjustedEffectiveness": -0.041616020420566446
    },
    {
      "shotType": "BACKHAND_SLICE",
      "total": 26,
      "winnerRate": 0.19230769230769232,
      "adjustedEffectiveness": -0.1979925386391899
    },
    {
      "shotType": "FOREHAND",
      "total": 170,
      "winnerRate": 0.29411764705882354,
      "adjustedEffectiveness": -0.09618258388805867
    },
    {
      "shotType": "SERVE",
      "total": 217,
      "winnerRate": 0.4423963133640553,
      "adjustedEffectiveness": 0.05209608241717312
    }
  ],
  "losses": []
}