{
  "totalServePoints": 94,
  "firstServeIn": 52,
  "firstServeInPct": 0.5531914893617021,
  "firstServeWon": 33,
  "firstServeWinPct": 0.6346153846153846,
  "secondServeTotal": 42,
  "secondServeWon": 23,
  "secondServeWinPct": 0.5476190476190477,
  "aces": 9,
  "acePct": 0.09574468085106383,
  "doubleFaults": 0,
  "doubleFaultPct": 0
}