{
  "totalServePoints": 2554,
  "firstServeIn": 1543,
  "firstServeInPct": 0.6041503523884103,
  "firstServeWon": 1229,
  "firstServeWinPct": 0.79650032404407,
  "secondServeTotal": 1011,
  "secondServeWon": 596,
  "secondServeWinPct": 0.5895153313550939,
  "aces": 268,
  "acePct": 0.10493343774471417,
  "doubleFaults": 0,
  "doubleFaultPct": 0
}