{
  "totalServePoints": 1919,
  "firstServeIn": 1232,
  "firstServeInPct": 0.6420010422094841,
  "firstServeWon": 893,
  "firstServeWinPct": 0.7248376623376623,
  "secondServeTotal": 687,
  "secondServeWon": 361,
  "secondServeWinPct": 0.5254730713245997,
  "aces": 163,
  "acePct": 0.08494007295466388,
  "doubleFaults": 0,
  "doubleFaultPct": 0
}