{
  "wins": [
    {
      "shotType": "BACKHAND",
      "total": 26,
      "winnerRate": 0.3076923076923077,
      "adjustedEffectiveness": -0.08397435897435895
    },
    {
      "shotType": "FOREHAND",
      "total": 34,
      "winnerRate": 0.47058823529411764,
      "adjustedEffectiveness": 0.07892156862745098
    },
    {
      "shotType": "SERVE",
      "total": 60,
      "winnerRate": 0.55,
      "adjustedEffectiveness": 0.15833333333333338
    }
  ],
  "losses": []
}