{
  "totalServePoints": 9621,
  "firstServeIn": 6169,
  "firstServeInPct": 0.6412015383016318,
  "firstServeWon": 4638,
  "firstServeWinPct": 0.7518236343005349,
  "secondServeTotal": 3452,
  "secondServeWon": 1815,
  "secondServeWinPct": 0.5257821552723059,
  "aces": 990,
  "acePct": 0.1028999064546305,
  "doubleFaults": 0,
  "doubleFaultPct": 0
}