{
  "totalServePoints": 663,
  "firstServeIn": 433,
  "firstServeInPct": 0.6530920060331825,
  "firstServeWon": 311,
  "firstServeWinPct": 0.7182448036951501,
  "secondServeTotal": 230,
  "secondServeWon": 118,
  "secondServeWinPct": 0.5130434782608696,
  "aces": 59,
  "acePct": 0.0889894419306184,
  "doubleFaults": 0,
  "doubleFaultPct": 0
}