{
  "wins": [],
  "losses": [
    {
      "shotType": "BACKHAND",
      "total": 63,
      "winnerRate": 0.47619047619047616,
      "adjustedEffectiveness": 0.04636591478696739
    },
    {
      "shotType": "FOREHAND",
      "total": 71,
      "winnerRate": 0.39436619718309857,
      "adjustedEffectiveness": -0.03545836422041021
    },
    {
      "shotType": "SERVE",
      "total": 57,
      "winnerRate": 0.543859649122807,
      "adjustedEffectiveness": 0.11403508771929827
    }
  ]
}