{
  "winning": [
    {
      "sequence": [
        "BACKHAND_LEFT",
        "BACKHAND_LEFT",
        "BACKHAND_LEFT"
      ],
      "total": 20,
      "winnerRate": 0.65,
      "uplift": 0.22017543859649125,
      "rankScore": 0.6595866672474139
    },
    {
      "sequence": [
        "BACKHAND_LEFT",
        "BACKHAND_LEFT"
      ],
      "total": 35,
      "winnerRate": 0.5714285714285714,
      "uplift": 0.14160401002506262,
      "rankScore": 0.5034515425417339
    }
  ],
  "losing": []
}