{
  "totalServePoints": 46,
  "firstServeIn": 28,
  "firstServeInPct": 0.6086956521739131,
  "firstServeWon": 19,
  "firstServeWinPct": 0.6785714285714286,
  "secondServeTotal": 18,
  "secondServeWon": 12,
  "secondServeWinPct": 0.6666666666666666,
  "aces": 2,
  "acePct": 0.043478260869565216,
  "doubleFaults": 0,
  "doubleFaultPct": 0
}