{
  "totalServePoints": 1317,
  "firstServeIn": 810,
  "firstServeInPct": 0.6150341685649203,
  "firstServeWon": 554,
  "firstServeWinPct": 0.6839506172839506,
  "secondServeTotal": 507,
  "secondServeWon": 218,
  "secondServeWinPct": 0.42998027613412226,
  "aces": 62,
  "acePct": 0.047076689445709946,
  "doubleFaults": 0,
  "doubleFaultPct": 0
}