{
  "wins": [],
  "losses": [
    {
      "shotType": "BACKHAND",
      "total": 24,
      "winnerRate": 0.20833333333333334,
      "adjustedEffectiveness": -0.1398148148148148
    },
    {
      "shotType": "FOREHAND",
      "total": 27,
      "winnerRate": 0.25925925925925924,
      "adjustedEffectiveness": -0.0888888888888889
    },
    {
      "shotType": "SERVE",
      "total": 67,
      "winnerRate": 0.4626865671641791,
      "adjustedEffectiveness": 0.11453841901603096
    }
  ]
}