{
  "totalServePoints": 76,
  "firstServeIn": 37,
  "firstServeInPct": 0.4868421052631579,
  "firstServeWon": 31,
  "firstServeWinPct": 0.8378378378378378,
  "secondServeTotal": 39,
  "secondServeWon": 19,
  "secondServeWinPct": 0.48717948717948717,
  "aces": 5,
  "acePct": 0.06578947368421052,
  "doubleFaults": 0,
  "doubleFaultPct": 0
}