{
  "winning": [],
  "losing": [
    {
      "sequence": [
        "FOREHAND_RIGHT",
        "FOREHAND_RIGHT"
      ],
      "total": 21,
      "winnerRate": 0.2857142857142857,
      "uplift": -0.16722689075630254,
      "rankScore": -0.5091260210982868
    },
    {
      "sequence": [
        "BACKHAND_LEFT",
        "BACKHAND_LEFT"
      ],
      "total": 20,
      "winnerRate": 0.3,
      "uplift": -0.15294117647058825,
      "rankScore": -0.45817081830825745
    },
    {
      "sequence": [
        "WIDE",
        "FOREHAND_CENTER"
      ],
      "total": 16,
      "winnerRate": 0.4375,
      "uplift": -0.015441176470588236,
      "rankScore": -0.04281203174046721
    }
  ]
}