{
  "totalServePoints": 79,
  "firstServeIn": 57,
  "firstServeInPct": 0.7215189873417721,
  "firstServeWon": 45,
  "firstServeWinPct": 0.7894736842105263,
  "secondServeTotal": 22,
  "secondServeWon": 19,
  "secondServeWinPct": 0.8636363636363636,
  "aces": 3,
  "acePct": 0.0379746835443038,
  "doubleFaults": 0,
  "doubleFaultPct": 0
}