{
  "totalServePoints": 341,
  "firstServeIn": 207,
  "firstServeInPct": 0.6070381231671554,
  "firstServeWon": 138,
  "firstServeWinPct": 0.6666666666666666,
  "secondServeTotal": 134,
  "secondServeWon": 69,
  "secondServeWinPct": 0.5149253731343284,
  "aces": 22,
  "acePct": 0.06451612903225806,
  "doubleFaults": 0,
  "doubleFaultPct": 0
}