{
  "totalServePoints": 2331,
  "firstServeIn": 1384,
  "firstServeInPct": 0.5937365937365937,
  "firstServeWon": 975,
  "firstServeWinPct": 0.7044797687861272,
  "secondServeTotal": 947,
  "secondServeWon": 471,
  "secondServeWinPct": 0.49736008447729674,
  "aces": 145,
  "acePct": 0.0622050622050622,
  "doubleFaults": 0,
  "doubleFaultPct": 0
}