{
  "totalServePoints": 585,
  "firstServeIn": 312,
  "firstServeInPct": 0.5333333333333333,
  "firstServeWon": 206,
  "firstServeWinPct": 0.6602564102564102,
  "secondServeTotal": 273,
  "secondServeWon": 128,
  "secondServeWinPct": 0.46886446886446886,
  "aces": 30,
  "acePct": 0.05128205128205128,
  "doubleFaults": 0,
  "doubleFaultPct": 0
}