{
  "totalServePoints": 1707,
  "firstServeIn": 1019,
  "firstServeInPct": 0.5969537199765671,
  "firstServeWon": 709,
  "firstServeWinPct": 0.6957801766437685,
  "secondServeTotal": 688,
  "secondServeWon": 343,
  "secondServeWinPct": 0.498546511627907,
  "aces": 90,
  "acePct": 0.05272407732864675,
  "doubleFaults": 0,
  "doubleFaultPct": 0
}