{
  "totalServePoints": 338,
  "firstServeIn": 200,
  "firstServeInPct": 0.591715976331361,
  "firstServeWon": 130,
  "firstServeWinPct": 0.65,
  "secondServeTotal": 138,
  "secondServeWon": 60,
  "secondServeWinPct": 0.43478260869565216,
  "aces": 33,
  "acePct": 0.09763313609467456,
  "doubleFaults": 0,
  "doubleFaultPct": 0
}