{
  "winning": [],
  "losing": [
    {
      "sequence": [
        "FOREHAND_LEFT",
        "BACKHAND_SLICE_LEFT"
      ],
      "total": 18,
      "winnerRate": 0.16666666666666666,
      "uplift": -0.2322970639032815,
      "rankScore": -0.6714248729482454
    }
  ]
}