{
  "totalServePoints": 111,
  "firstServeIn": 65,
  "firstServeInPct": 0.5855855855855856,
  "firstServeWon": 38,
  "firstServeWinPct": 0.5846153846153846,
  "secondServeTotal": 46,
  "secondServeWon": 14,
  "secondServeWinPct": 0.30434782608695654,
  "aces": 3,
  "acePct": 0.02702702702702703,
  "doubleFaults": 0,
  "doubleFaultPct": 0
}