{
  "totalServePoints": 3609,
  "firstServeIn": 1858,
  "firstServeInPct": 0.514824050983652,
  "firstServeWon": 1378,
  "firstServeWinPct": 0.7416576964477933,
  "secondServeTotal": 1751,
  "secondServeWon": 757,
  "secondServeWinPct": 0.43232438606510565,
  "aces": 382,
  "acePct": 0.10584649487392629,
  "doubleFaults": 0,
  "doubleFaultPct": 0
}