{
  "totalServePoints": 107,
  "firstServeIn": 65,
  "firstServeInPct": 0.6074766355140186,
  "firstServeWon": 49,
  "firstServeWinPct": 0.7538461538461538,
  "secondServeTotal": 42,
  "secondServeWon": 23,
  "secondServeWinPct": 0.5476190476190477,
  "aces": 4,
  "acePct": 0.037383177570093455,
  "doubleFaults": 0,
  "doubleFaultPct": 0
}