{
  "totalServePoints": 2722,
  "firstServeIn": 1649,
  "firstServeInPct": 0.6058045554739162,
  "firstServeWon": 1151,
  "firstServeWinPct": 0.6979987871437234,
  "secondServeTotal": 1073,
  "secondServeWon": 579,
  "secondServeWinPct": 0.5396085740913327,
  "aces": 128,
  "acePct": 0.0470242468772961,
  "doubleFaults": 0,
  "doubleFaultPct": 0
}