{
  "wins": [
    {
      "shotType": "BACKHAND",
      "total": 30,
      "winnerRate": 0.2,
      "adjustedEffectiveness": -0.20236686390532543
    },
    {
      "shotType": "BACKHAND_SLICE",
      "total": 25,
      "winnerRate": 0.32,
      "adjustedEffectiveness": -0.08236686390532544
    },
    {
      "shotType": "FOREHAND",
      "total": 57,
      "winnerRate": 0.3508771929824561,
      "adjustedEffectiveness": -0.051489670922869324
    },
    {
      "shotType": "SERVE",
      "total": 85,
      "winnerRate": 0.47058823529411764,
      "adjustedEffectiveness": 0.0682213713887922
    }
  ],
  "losses": []
}