{
  "totalServePoints": 89,
  "firstServeIn": 60,
  "firstServeInPct": 0.6741573033707865,
  "firstServeWon": 32,
  "firstServeWinPct": 0.5333333333333333,
  "secondServeTotal": 29,
  "secondServeWon": 14,
  "secondServeWinPct": 0.4827586206896552,
  "aces": 1,
  "acePct": 0.011235955056179775,
  "doubleFaults": 0,
  "doubleFaultPct": 0
}