{
  "winning": [],
  "losing": [
    {
      "sequence": [
        "BACKHAND_LEFT",
        "BACKHAND_LEFT"
      ],
      "total": 17,
      "winnerRate": 0.23529411764705882,
      "uplift": -0.10133954571927783,
      "rankScore": -0.28711655321245294
    }
  ]
}