{
  "totalServePoints": 474,
  "firstServeIn": 291,
  "firstServeInPct": 0.6139240506329114,
  "firstServeWon": 193,
  "firstServeWinPct": 0.6632302405498282,
  "secondServeTotal": 183,
  "secondServeWon": 98,
  "secondServeWinPct": 0.5355191256830601,
  "aces": 18,
  "acePct": 0.0379746835443038,
  "doubleFaults": 0,
  "doubleFaultPct": 0
}