{
  "totalServePoints": 259,
  "firstServeIn": 150,
  "firstServeInPct": 0.5791505791505791,
  "firstServeWon": 92,
  "firstServeWinPct": 0.6133333333333333,
  "secondServeTotal": 109,
  "secondServeWon": 53,
  "secondServeWinPct": 0.48623853211009177,
  "aces": 2,
  "acePct": 0.007722007722007722,
  "doubleFaults": 0,
  "doubleFaultPct": 0
}