{
  "totalServePoints": 445,
  "firstServeIn": 279,
  "firstServeInPct": 0.6269662921348315,
  "firstServeWon": 191,
  "firstServeWinPct": 0.6845878136200717,
  "secondServeTotal": 166,
  "secondServeWon": 67,
  "secondServeWinPct": 0.4036144578313253,
  "aces": 37,
  "acePct": 0.08314606741573034,
  "doubleFaults": 0,
  "doubleFaultPct": 0
}