{
  "wins": [],
  "losses": [
    {
      "shotType": "BACKHAND",
      "total": 41,
      "winnerRate": 0.24390243902439024,
      "adjustedEffectiveness": -0.11585365853658536
    },
    {
      "shotType": "FOREHAND",
      "total": 46,
      "winnerRate": 0.5652173913043478,
      "adjustedEffectiveness": 0.2054612937433722
    },
    {
      "shotType": "SERVE",
      "total": 82,
      "winnerRate": 0.5487804878048781,
      "adjustedEffectiveness": 0.1890243902439025
    }
  ]
}