{
  "wins": [],
  "losses": [
    {
      "shotType": "BACKHAND",
      "total": 42,
      "winnerRate": 0.19047619047619047,
      "adjustedEffectiveness": -0.20065284178187404
    },
    {
      "shotType": "BACKHAND_SLICE",
      "total": 20,
      "winnerRate": 0.4,
      "adjustedEffectiveness": 0.00887096774193552
    },
    {
      "shotType": "FOREHAND",
      "total": 57,
      "winnerRate": 0.3333333333333333,
      "adjustedEffectiveness": -0.05779569892473119
    },
    {
      "shotType": "SERVE",
      "total": 124,
      "winnerRate": 0.5483870967741935,
      "adjustedEffectiveness": 0.157258064516129
    }
  ]
}