{
  "totalServePoints": 123,
  "firstServeIn": 70,
  "firstServeInPct": 0.5691056910569106,
  "firstServeWon": 52,
  "firstServeWinPct": 0.7428571428571429,
  "secondServeTotal": 53,
  "secondServeWon": 31,
  "secondServeWinPct": 0.5849056603773585,
  "aces": 4,
  "acePct": 0.032520325203252036,
  "doubleFaults": 0,
  "doubleFaultPct": 0
}