{
  "wins": [],
  "losses": [
    {
      "shotType": "BACKHAND",
      "total": 54,
      "winnerRate": 0.3888888888888889,
      "adjustedEffectiveness": -0.00694444444444442
    },
    {
      "shotType": "BACKHAND_SLICE",
      "total": 16,
      "winnerRate": 0.3125,
      "adjustedEffectiveness": -0.08333333333333331
    },
    {
      "shotType": "FOREHAND",
      "total": 60,
      "winnerRate": 0.43333333333333335,
      "adjustedEffectiveness": 0.03750000000000003
    },
    {
      "shotType": "SERVE",
      "total": 72,
      "winnerRate": 0.3888888888888889,
      "adjustedEffectiveness": -0.00694444444444442
    }
  ]
}