{
  "winning": [
    {
      "sequence": [
        "FOREHAND_LEFT",
        "BACKHAND_LEFT"
      ],
      "total": 16,
      "winnerRate": 0.625,
      "uplift": 0.21565934065934067,
      "rankScore": 0.5979346557577551
    }
  ],
  "losing": [
    {
      "sequence": [
        "BACKHAND_LEFT",
        "BACKHAND_LEFT"
      ],
      "total": 18,
      "winnerRate": 0.3888888888888889,
      "uplift": -0.020451770451770435,
      "rankScore": -0.059113219712772544
    }
  ]
}