{
  "totalServePoints": 404,
  "firstServeIn": 285,
  "firstServeInPct": 0.7054455445544554,
  "firstServeWon": 219,
  "firstServeWinPct": 0.7684210526315789,
  "secondServeTotal": 119,
  "secondServeWon": 58,
  "secondServeWinPct": 0.48739495798319327,
  "aces": 48,
  "acePct": 0.1188118811881188,
  "doubleFaults": 0,
  "doubleFaultPct": 0
}