{
  "totalServePoints": 1343,
  "firstServeIn": 803,
  "firstServeInPct": 0.5979151154132539,
  "firstServeWon": 551,
  "firstServeWinPct": 0.6861768368617683,
  "secondServeTotal": 540,
  "secondServeWon": 273,
  "secondServeWinPct": 0.5055555555555555,
  "aces": 110,
  "acePct": 0.08190618019359643,
  "doubleFaults": 0,
  "doubleFaultPct": 0
}