{
  "totalServePoints": 1728,
  "firstServeIn": 1001,
  "firstServeInPct": 0.5792824074074074,
  "firstServeWon": 697,
  "firstServeWinPct": 0.6963036963036963,
  "secondServeTotal": 727,
  "secondServeWon": 346,
  "secondServeWinPct": 0.4759284731774415,
  "aces": 100,
  "acePct": 0.05787037037037037,
  "doubleFaults": 0,
  "doubleFaultPct": 0
}