{
  "totalServePoints": 1198,
  "firstServeIn": 774,
  "firstServeInPct": 0.6460767946577629,
  "firstServeWon": 562,
  "firstServeWinPct": 0.7260981912144703,
  "secondServeTotal": 424,
  "secondServeWon": 216,
  "secondServeWinPct": 0.5094339622641509,
  "aces": 129,
  "acePct": 0.10767946577629382,
  "doubleFaults": 0,
  "doubleFaultPct": 0
}