{
  "totalServePoints": 369,
  "firstServeIn": 234,
  "firstServeInPct": 0.6341463414634146,
  "firstServeWon": 182,
  "firstServeWinPct": 0.7777777777777778,
  "secondServeTotal": 135,
  "secondServeWon": 59,
  "secondServeWinPct": 0.43703703703703706,
  "aces": 33,
  "acePct": 0.08943089430894309,
  "doubleFaults": 0,
  "doubleFaultPct": 0
}