{
  "wins": [],
  "losses": [
    {
      "shotType": "BACKHAND",
      "total": 120,
      "winnerRate": 0.4,
      "adjustedEffectiveness": 0.04193548387096774
    },
    {
      "shotType": "BACKHAND_SLICE",
      "total": 34,
      "winnerRate": 0.35294117647058826,
      "adjustedEffectiveness": -0.005123339658444026
    },
    {
      "shotType": "FOREHAND",
      "total": 169,
      "winnerRate": 0.3905325443786982,
      "adjustedEffectiveness": 0.03246802824966594
    },
    {
      "shotType": "SERVE",
      "total": 154,
      "winnerRate": 0.43506493506493504,
      "adjustedEffectiveness": 0.07700041893590276
    }
  ]
}