{
  "totalServePoints": 141,
  "firstServeIn": 78,
  "firstServeInPct": 0.5531914893617021,
  "firstServeWon": 51,
  "firstServeWinPct": 0.6538461538461539,
  "secondServeTotal": 63,
  "secondServeWon": 37,
  "secondServeWinPct": 0.5873015873015873,
  "aces": 3,
  "acePct": 0.02127659574468085,
  "doubleFaults": 0,
  "doubleFaultPct": 0
}