{
  "totalServePoints": 293,
  "firstServeIn": 196,
  "firstServeInPct": 0.6689419795221843,
  "firstServeWon": 148,
  "firstServeWinPct": 0.7551020408163265,
  "secondServeTotal": 97,
  "secondServeWon": 46,
  "secondServeWinPct": 0.4742268041237113,
  "aces": 52,
  "acePct": 0.17747440273037543,
  "doubleFaults": 0,
  "doubleFaultPct": 0
}