{
  "wins": [
    {
      "shotType": "BACKHAND",
      "total": 54,
      "winnerRate": 0.24074074074074073,
      "adjustedEffectiveness": -0.1812776078831125
    },
    {
      "shotType": "FOREHAND",
      "total": 65,
      "winnerRate": 0.38461538461538464,
      "adjustedEffectiveness": -0.0374029640084686
    },
    {
      "shotType": "SERVE",
      "total": 55,
      "winnerRate": 0.5818181818181818,
      "adjustedEffectiveness": 0.15979983319432856
    }
  ],
  "losses": []
}