{
  "winning": [],
  "losing": [
    {
      "sequence": [
        "BACKHAND_CENTER",
        "FOREHAND_LEFT"
      ],
      "total": 15,
      "winnerRate": 0.26666666666666666,
      "uplift": -0.15535168195718657,
      "rankScore": -0.42070015356572565
    }
  ]
}