{
  "totalServePoints": 482,
  "firstServeIn": 300,
  "firstServeInPct": 0.6224066390041494,
  "firstServeWon": 201,
  "firstServeWinPct": 0.67,
  "secondServeTotal": 182,
  "secondServeWon": 92,
  "secondServeWinPct": 0.5054945054945055,
  "aces": 20,
  "acePct": 0.04149377593360996,
  "doubleFaults": 0,
  "doubleFaultPct": 0
}