{
  "wins": [],
  "losses": [
    {
      "shotType": "BACKHAND",
      "total": 50,
      "winnerRate": 0.32,
      "adjustedEffectiveness": -0.0040223463687150685
    },
    {
      "shotType": "BACKHAND_SLICE",
      "total": 27,
      "winnerRate": 0.37037037037037035,
      "adjustedEffectiveness": 0.046348024001655275
    },
    {
      "shotType": "FOREHAND",
      "total": 80,
      "winnerRate": 0.3375,
      "adjustedEffectiveness": 0.013477653631284947
    },
    {
      "shotType": "SERVE",
      "total": 89,
      "winnerRate": 0.4157303370786517,
      "adjustedEffectiveness": 0.09170799070993663
    }
  ]
}