{
  "winning": [
    {
      "sequence": [
        "FOREHAND_RIGHT",
        "FOREHAND_RIGHT"
      ],
      "total": 16,
      "winnerRate": 0.5625,
      "uplift": 0.23847765363128492,
      "rankScore": 0.6612004529643054
    }
  ],
  "losing": []
}