{
  "totalServePoints": 88,
  "firstServeIn": 49,
  "firstServeInPct": 0.5568181818181818,
  "firstServeWon": 37,
  "firstServeWinPct": 0.7551020408163265,
  "secondServeTotal": 39,
  "secondServeWon": 18,
  "secondServeWinPct": 0.46153846153846156,
  "aces": 12,
  "acePct": 0.13636363636363635,
  "doubleFaults": 0,
  "doubleFaultPct": 0
}