{
  "wins": [],
  "losses": [
    {
      "shotType": "BACKHAND",
      "total": 73,
      "winnerRate": 0.3287671232876712,
      "adjustedEffectiveness": -0.006897212376664463
    },
    {
      "shotType": "FOREHAND",
      "total": 67,
      "winnerRate": 0.3283582089552239,
      "adjustedEffectiveness": -0.007306126709111793
    },
    {
      "shotType": "SERVE",
      "total": 71,
      "winnerRate": 0.39436619718309857,
      "adjustedEffectiveness": 0.05870186151876289
    }
  ]
}