{
  "totalServePoints": 75,
  "firstServeIn": 44,
  "firstServeInPct": 0.5866666666666667,
  "firstServeWon": 23,
  "firstServeWinPct": 0.5227272727272727,
  "secondServeTotal": 31,
  "secondServeWon": 11,
  "secondServeWinPct": 0.3548387096774194,
  "aces": 1,
  "acePct": 0.013333333333333334,
  "doubleFaults": 0,
  "doubleFaultPct": 0
}