{
  "totalServePoints": 1031,
  "firstServeIn": 650,
  "firstServeInPct": 0.6304558680892337,
  "firstServeWon": 433,
  "firstServeWinPct": 0.6661538461538462,
  "secondServeTotal": 381,
  "secondServeWon": 226,
  "secondServeWinPct": 0.5931758530183727,
  "aces": 39,
  "acePct": 0.037827352085354024,
  "doubleFaults": 0,
  "doubleFaultPct": 0
}