{
  "totalServePoints": 245,
  "firstServeIn": 148,
  "firstServeInPct": 0.6040816326530613,
  "firstServeWon": 109,
  "firstServeWinPct": 0.7364864864864865,
  "secondServeTotal": 97,
  "secondServeWon": 51,
  "secondServeWinPct": 0.5257731958762887,
  "aces": 18,
  "acePct": 0.07346938775510205,
  "doubleFaults": 0,
  "doubleFaultPct": 0
}