{
  "wins": [
    {
      "shotType": "BACKHAND",
      "total": 66,
      "winnerRate": 0.24242424242424243,
      "adjustedEffectiveness": -0.15253374076903486
    },
    {
      "shotType": "FOREHAND",
      "total": 71,
      "winnerRate": 0.36619718309859156,
      "adjustedEffectiveness": -0.028760800094685735
    },
    {
      "shotType": "SERVE",
      "total": 60,
      "winnerRate": 0.38333333333333336,
      "adjustedEffectiveness": -0.011624649859943936
    }
  ],
  "losses": []
}