{
  "totalServePoints": 25391,
  "firstServeIn": 16115,
  "firstServeInPct": 0.6346737032806901,
  "firstServeWon": 12427,
  "firstServeWinPct": 0.7711448960595718,
  "secondServeTotal": 9276,
  "secondServeWon": 4896,
  "secondServeWinPct": 0.5278137128072445,
  "aces": 3657,
  "acePct": 0.14402741128746407,
  "doubleFaults": 0,
  "doubleFaultPct": 0
}