{
  "totalServePoints": 2361,
  "firstServeIn": 1506,
  "firstServeInPct": 0.6378653113087674,
  "firstServeWon": 1001,
  "firstServeWinPct": 0.6646746347941567,
  "secondServeTotal": 855,
  "secondServeWon": 436,
  "secondServeWinPct": 0.5099415204678363,
  "aces": 74,
  "acePct": 0.031342651418890304,
  "doubleFaults": 0,
  "doubleFaultPct": 0
}