{
  "totalServePoints": 29127,
  "firstServeIn": 18497,
  "firstServeInPct": 0.6350465204106156,
  "firstServeWon": 14308,
  "firstServeWinPct": 0.7735308428393793,
  "secondServeTotal": 10630,
  "secondServeWon": 5980,
  "secondServeWinPct": 0.5625587958607714,
  "aces": 2930,
  "acePct": 0.10059395062999965,
  "doubleFaults": 0,
  "doubleFaultPct": 0
}