{
  "totalServePoints": 1570,
  "firstServeIn": 933,
  "firstServeInPct": 0.5942675159235669,
  "firstServeWon": 634,
  "firstServeWinPct": 0.6795284030010718,
  "secondServeTotal": 637,
  "secondServeWon": 298,
  "secondServeWinPct": 0.46781789638932497,
  "aces": 75,
  "acePct": 0.04777070063694268,
  "doubleFaults": 0,
  "doubleFaultPct": 0
}