{
  "totalServePoints": 5551,
  "firstServeIn": 3718,
  "firstServeInPct": 0.6697892271662763,
  "firstServeWon": 2860,
  "firstServeWinPct": 0.7692307692307693,
  "secondServeTotal": 1833,
  "secondServeWon": 993,
  "secondServeWinPct": 0.5417348608837971,
  "aces": 519,
  "acePct": 0.09349666726715906,
  "doubleFaults": 0,
  "doubleFaultPct": 0
}