{
  "wins": [],
  "losses": [
    {
      "shotType": "BACKHAND",
      "total": 40,
      "winnerRate": 0.35,
      "adjustedEffectiveness": -0.059836065573770525
    },
    {
      "shotType": "BACKHAND_SLICE",
      "total": 27,
      "winnerRate": 0.2222222222222222,
      "adjustedEffectiveness": -0.1876138433515483
    },
    {
      "shotType": "FOREHAND",
      "total": 71,
      "winnerRate": 0.30985915492957744,
      "adjustedEffectiveness": -0.09997691064419306
    },
    {
      "shotType": "SERVE",
      "total": 61,
      "winnerRate": 0.47540983606557374,
      "adjustedEffectiveness": 0.06557377049180324
    }
  ]
}