{
  "totalServePoints": 3181,
  "firstServeIn": 1959,
  "firstServeInPct": 0.6158440741905061,
  "firstServeWon": 1280,
  "firstServeWinPct": 0.6533945890760592,
  "secondServeTotal": 1222,
  "secondServeWon": 593,
  "secondServeWinPct": 0.48527004909983634,
  "aces": 98,
  "acePct": 0.030807922037095252,
  "doubleFaults": 0,
  "doubleFaultPct": 0
}