{
  "totalServePoints": 88,
  "firstServeIn": 45,
  "firstServeInPct": 0.5113636363636364,
  "firstServeWon": 33,
  "firstServeWinPct": 0.7333333333333333,
  "secondServeTotal": 43,
  "secondServeWon": 19,
  "secondServeWinPct": 0.4418604651162791,
  "aces": 3,
  "acePct": 0.03409090909090909,
  "doubleFaults": 0,
  "doubleFaultPct": 0
}