{
  "totalServePoints": 758,
  "firstServeIn": 470,
  "firstServeInPct": 0.6200527704485488,
  "firstServeWon": 294,
  "firstServeWinPct": 0.625531914893617,
  "secondServeTotal": 288,
  "secondServeWon": 133,
  "secondServeWinPct": 0.4618055555555556,
  "aces": 14,
  "acePct": 0.018469656992084433,
  "doubleFaults": 0,
  "doubleFaultPct": 0
}