{
  "wins": [],
  "losses": [
    {
      "shotType": "BACKHAND",
      "total": 34,
      "winnerRate": 0.20588235294117646,
      "adjustedEffectiveness": -0.20013268465280848
    },
    {
      "shotType": "BACKHAND_SLICE",
      "total": 19,
      "winnerRate": 0.2631578947368421,
      "adjustedEffectiveness": -0.14285714285714285
    },
    {
      "shotType": "FOREHAND",
      "total": 41,
      "winnerRate": 0.36585365853658536,
      "adjustedEffectiveness": -0.04016137905739958
    },
    {
      "shotType": "SERVE",
      "total": 66,
      "winnerRate": 0.5151515151515151,
      "adjustedEffectiveness": 0.1091364775575302
    }
  ]
}