{
  "totalServePoints": 69,
  "firstServeIn": 41,
  "firstServeInPct": 0.5942028985507246,
  "firstServeWon": 27,
  "firstServeWinPct": 0.6585365853658537,
  "secondServeTotal": 28,
  "secondServeWon": 8,
  "secondServeWinPct": 0.2857142857142857,
  "aces": 2,
  "acePct": 0.028985507246376812,
  "doubleFaults": 0,
  "doubleFaultPct": 0
}