{
  "totalServePoints": 1301,
  "firstServeIn": 864,
  "firstServeInPct": 0.6641045349730976,
  "firstServeWon": 597,
  "firstServeWinPct": 0.6909722222222222,
  "secondServeTotal": 437,
  "secondServeWon": 213,
  "secondServeWinPct": 0.4874141876430206,
  "aces": 85,
  "acePct": 0.06533435818601076,
  "doubleFaults": 0,
  "doubleFaultPct": 0
}