{
  "winning": [
    {
      "sequence": [
        "FOREHAND_CENTER",
        "FOREHAND_CENTER"
      ],
      "total": 23,
      "winnerRate": 0.43478260869565216,
      "uplift": 0.061901252763448766,
      "rankScore": 0.1940910199985619
    }
  ],
  "losing": []
}