{
  "totalServePoints": 57,
  "firstServeIn": 31,
  "firstServeInPct": 0.543859649122807,
  "firstServeWon": 25,
  "firstServeWinPct": 0.8064516129032258,
  "secondServeTotal": 26,
  "secondServeWon": 11,
  "secondServeWinPct": 0.4230769230769231,
  "aces": 5,
  "acePct": 0.08771929824561403,
  "doubleFaults": 0,
  "doubleFaultPct": 0
}