{
  "totalServePoints": 5214,
  "firstServeIn": 3303,
  "firstServeInPct": 0.6334867663981588,
  "firstServeWon": 2535,
  "firstServeWinPct": 0.7674841053587648,
  "secondServeTotal": 1911,
  "secondServeWon": 912,
  "secondServeWinPct": 0.4772370486656201,
  "aces": 665,
  "acePct": 0.12754123513617185,
  "doubleFaults": 0,
  "doubleFaultPct": 0
}