{
  "totalServePoints": 946,
  "firstServeIn": 578,
  "firstServeInPct": 0.6109936575052854,
  "firstServeWon": 448,
  "firstServeWinPct": 0.7750865051903114,
  "secondServeTotal": 368,
  "secondServeWon": 188,
  "secondServeWinPct": 0.5108695652173914,
  "aces": 157,
  "acePct": 0.16596194503171247,
  "doubleFaults": 0,
  "doubleFaultPct": 0
}