{
  "totalServePoints": 155,
  "firstServeIn": 90,
  "firstServeInPct": 0.5806451612903226,
  "firstServeWon": 58,
  "firstServeWinPct": 0.6444444444444445,
  "secondServeTotal": 65,
  "secondServeWon": 30,
  "secondServeWinPct": 0.46153846153846156,
  "aces": 4,
  "acePct": 0.025806451612903226,
  "doubleFaults": 0,
  "doubleFaultPct": 0
}