{
  "totalServePoints": 467,
  "firstServeIn": 313,
  "firstServeInPct": 0.6702355460385439,
  "firstServeWon": 219,
  "firstServeWinPct": 0.6996805111821086,
  "secondServeTotal": 154,
  "secondServeWon": 81,
  "secondServeWinPct": 0.525974025974026,
  "aces": 43,
  "acePct": 0.09207708779443255,
  "doubleFaults": 0,
  "doubleFaultPct": 0
}