{
  "totalServePoints": 275,
  "firstServeIn": 162,
  "firstServeInPct": 0.5890909090909091,
  "firstServeWon": 118,
  "firstServeWinPct": 0.7283950617283951,
  "secondServeTotal": 113,
  "secondServeWon": 58,
  "secondServeWinPct": 0.5132743362831859,
  "aces": 23,
  "acePct": 0.08363636363636363,
  "doubleFaults": 0,
  "doubleFaultPct": 0
}