{
  "wins": [
    {
      "shotType": "BACKHAND",
      "total": 35,
      "winnerRate": 0.34285714285714286,
      "adjustedEffectiveness": -0.08449328449328447
    },
    {
      "shotType": "FOREHAND",
      "total": 62,
      "winnerRate": 0.5483870967741935,
      "adjustedEffectiveness": 0.12103666942376617
    },
    {
      "shotType": "SERVE",
      "total": 59,
      "winnerRate": 0.576271186440678,
      "adjustedEffectiveness": 0.14892075909025065
    }
  ],
  "losses": []
}