{
  "wins": [],
  "losses": [
    {
      "shotType": "FOREHAND",
      "total": 26,
      "winnerRate": 0.07692307692307693,
      "adjustedEffectiveness": -0.26398601398601396
    },
    {
      "shotType": "SERVE",
      "total": 66,
      "winnerRate": 0.45454545454545453,
      "adjustedEffectiveness": 0.11363636363636365
    }
  ]
}