{
  "totalServePoints": 63,
  "firstServeIn": 44,
  "firstServeInPct": 0.6984126984126984,
  "firstServeWon": 32,
  "firstServeWinPct": 0.7272727272727273,
  "secondServeTotal": 19,
  "secondServeWon": 8,
  "secondServeWinPct": 0.42105263157894735,
  "aces": 14,
  "acePct": 0.2222222222222222,
  "doubleFaults": 0,
  "doubleFaultPct": 0
}