{
  "totalServePoints": 2466,
  "firstServeIn": 1381,
  "firstServeInPct": 0.5600162206001622,
  "firstServeWon": 939,
  "firstServeWinPct": 0.6799420709630702,
  "secondServeTotal": 1085,
  "secondServeWon": 532,
  "secondServeWinPct": 0.49032258064516127,
  "aces": 169,
  "acePct": 0.06853203568532036,
  "doubleFaults": 0,
  "doubleFaultPct": 0
}