{
  "totalServePoints": 161,
  "firstServeIn": 125,
  "firstServeInPct": 0.7763975155279503,
  "firstServeWon": 78,
  "firstServeWinPct": 0.624,
  "secondServeTotal": 36,
  "secondServeWon": 12,
  "secondServeWinPct": 0.3333333333333333,
  "aces": 3,
  "acePct": 0.018633540372670808,
  "doubleFaults": 0,
  "doubleFaultPct": 0
}