{
  "totalServePoints": 53,
  "firstServeIn": 30,
  "firstServeInPct": 0.5660377358490566,
  "firstServeWon": 26,
  "firstServeWinPct": 0.8666666666666667,
  "secondServeTotal": 23,
  "secondServeWon": 14,
  "secondServeWinPct": 0.6086956521739131,
  "aces": 6,
  "acePct": 0.11320754716981132,
  "doubleFaults": 0,
  "doubleFaultPct": 0
}