{
  "totalServePoints": 70,
  "firstServeIn": 51,
  "firstServeInPct": 0.7285714285714285,
  "firstServeWon": 37,
  "firstServeWinPct": 0.7254901960784313,
  "secondServeTotal": 19,
  "secondServeWon": 9,
  "secondServeWinPct": 0.47368421052631576,
  "aces": 2,
  "acePct": 0.02857142857142857,
  "doubleFaults": 0,
  "doubleFaultPct": 0
}