{
  "totalServePoints": 2166,
  "firstServeIn": 1358,
  "firstServeInPct": 0.6269621421975993,
  "firstServeWon": 988,
  "firstServeWinPct": 0.727540500736377,
  "secondServeTotal": 808,
  "secondServeWon": 371,
  "secondServeWinPct": 0.4591584158415842,
  "aces": 117,
  "acePct": 0.054016620498614956,
  "doubleFaults": 0,
  "doubleFaultPct": 0
}