{
  "totalServePoints": 327,
  "firstServeIn": 207,
  "firstServeInPct": 0.6330275229357798,
  "firstServeWon": 148,
  "firstServeWinPct": 0.714975845410628,
  "secondServeTotal": 120,
  "secondServeWon": 57,
  "secondServeWinPct": 0.475,
  "aces": 32,
  "acePct": 0.09785932721712538,
  "doubleFaults": 0,
  "doubleFaultPct": 0
}