{
  "totalServePoints": 6713,
  "firstServeIn": 4222,
  "firstServeInPct": 0.6289289438403098,
  "firstServeWon": 3401,
  "firstServeWinPct": 0.8055423969682615,
  "secondServeTotal": 2491,
  "secondServeWon": 1288,
  "secondServeWinPct": 0.5170614211160177,
  "aces": 1233,
  "acePct": 0.1836734693877551,
  "doubleFaults": 0,
  "doubleFaultPct": 0
}