{
  "winning": [
    {
      "sequence": [
        "FOREHAND_LEFT",
        "BACKHAND_CENTER"
      ],
      "total": 16,
      "winnerRate": 0.5625,
      "uplift": 0.14908346333853356,
      "rankScore": 0.41334712912486604
    },
    {
      "sequence": [
        "FOREHAND_LEFT",
        "BACKHAND_LEFT"
      ],
      "total": 15,
      "winnerRate": 0.5333333333333333,
      "uplift": 0.11991679667186689,
      "rankScore": 0.32474070534278193
    },
    {
      "sequence": [
        "BACKHAND_CENTER",
        "FOREHAND_RIGHT"
      ],
      "total": 17,
      "winnerRate": 0.47058823529411764,
      "uplift": 0.0571716986326512,
      "rankScore": 0.1619796194683879
    }
  ],
  "losing": [
    {
      "sequence": [
        "FOREHAND_RIGHT",
        "BACKHAND_CENTER"
      ],
      "total": 15,
      "winnerRate": 0.4,
      "uplift": -0.013416536661466416,
      "rankScore": -0.036332654804179305
    }
  ]
}