{
  "totalServePoints": 341,
  "firstServeIn": 221,
  "firstServeInPct": 0.6480938416422287,
  "firstServeWon": 161,
  "firstServeWinPct": 0.7285067873303167,
  "secondServeTotal": 120,
  "secondServeWon": 67,
  "secondServeWinPct": 0.5583333333333333,
  "aces": 48,
  "acePct": 0.14076246334310852,
  "doubleFaults": 0,
  "doubleFaultPct": 0
}