{
  "totalServePoints": 474,
  "firstServeIn": 314,
  "firstServeInPct": 0.6624472573839663,
  "firstServeWon": 218,
  "firstServeWinPct": 0.6942675159235668,
  "secondServeTotal": 160,
  "secondServeWon": 90,
  "secondServeWinPct": 0.5625,
  "aces": 40,
  "acePct": 0.08438818565400844,
  "doubleFaults": 0,
  "doubleFaultPct": 0
}