{
  "wins": [],
  "losses": [
    {
      "shotType": "BACKHAND",
      "total": 51,
      "winnerRate": 0.2549019607843137,
      "adjustedEffectiveness": -0.1316959773600162
    },
    {
      "shotType": "BACKHAND_SLICE",
      "total": 20,
      "winnerRate": 0.2,
      "adjustedEffectiveness": -0.1865979381443299
    },
    {
      "shotType": "FOREHAND",
      "total": 89,
      "winnerRate": 0.24719101123595505,
      "adjustedEffectiveness": -0.13940692690837486
    },
    {
      "shotType": "SERVE",
      "total": 97,
      "winnerRate": 0.5257731958762887,
      "adjustedEffectiveness": 0.13917525773195877
    }
  ]
}