{
  "winning": [],
  "losing": [
    {
      "sequence": [
        "FOREHAND_LEFT",
        "FOREHAND_LEFT"
      ],
      "total": 27,
      "winnerRate": 0.14814814814814814,
      "uplift": -0.23844978999618177,
      "rankScore": -0.7858916085604062
    }
  ]
}