{
  "totalServePoints": 103,
  "firstServeIn": 64,
  "firstServeInPct": 0.6213592233009708,
  "firstServeWon": 44,
  "firstServeWinPct": 0.6875,
  "secondServeTotal": 39,
  "secondServeWon": 16,
  "secondServeWinPct": 0.41025641025641024,
  "aces": 18,
  "acePct": 0.17475728155339806,
  "doubleFaults": 0,
  "doubleFaultPct": 0
}