{
  "winning": [
    {
      "sequence": [
        "FOREHAND_LEFT",
        "BACKHAND_LEFT"
      ],
      "total": 15,
      "winnerRate": 0.6666666666666666,
      "uplift": 0.2413419913419913,
      "rankScore": 0.6535662281880874
    }
  ],
  "losing": []
}