{
  "totalServePoints": 173,
  "firstServeIn": 115,
  "firstServeInPct": 0.6647398843930635,
  "firstServeWon": 77,
  "firstServeWinPct": 0.6695652173913044,
  "secondServeTotal": 58,
  "secondServeWon": 23,
  "secondServeWinPct": 0.39655172413793105,
  "aces": 5,
  "acePct": 0.028901734104046242,
  "doubleFaults": 0,
  "doubleFaultPct": 0
}