{
  "totalServePoints": 446,
  "firstServeIn": 285,
  "firstServeInPct": 0.6390134529147982,
  "firstServeWon": 222,
  "firstServeWinPct": 0.7789473684210526,
  "secondServeTotal": 161,
  "secondServeWon": 91,
  "secondServeWinPct": 0.5652173913043478,
  "aces": 40,
  "acePct": 0.08968609865470852,
  "doubleFaults": 0,
  "doubleFaultPct": 0
}