{
  "totalServePoints": 262,
  "firstServeIn": 161,
  "firstServeInPct": 0.6145038167938931,
  "firstServeWon": 114,
  "firstServeWinPct": 0.7080745341614907,
  "secondServeTotal": 101,
  "secondServeWon": 55,
  "secondServeWinPct": 0.5445544554455446,
  "aces": 18,
  "acePct": 0.06870229007633588,
  "doubleFaults": 0,
  "doubleFaultPct": 0
}