{
  "winning": [],
  "losing": [
    {
      "sequence": [
        "FOREHAND_LEFT",
        "BACKHAND_CENTER"
      ],
      "total": 17,
      "winnerRate": 0.23529411764705882,
      "uplift": -0.17309440332424358,
      "rankScore": -0.4904133732796956
    },
    {
      "sequence": [
        "FOREHAND_LEFT",
        "BACKHAND_LEFT"
      ],
      "total": 18,
      "winnerRate": 0.2777777777777778,
      "uplift": -0.13061074319352461,
      "rankScore": -0.3775136034043922
    }
  ]
}