{
  "totalServePoints": 227,
  "firstServeIn": 149,
  "firstServeInPct": 0.6563876651982379,
  "firstServeWon": 97,
  "firstServeWinPct": 0.6510067114093959,
  "secondServeTotal": 78,
  "secondServeWon": 37,
  "secondServeWinPct": 0.47435897435897434,
  "aces": 8,
  "acePct": 0.03524229074889868,
  "doubleFaults": 0,
  "doubleFaultPct": 0
}