{
  "wins": [
    {
      "shotType": "BACKHAND",
      "total": 24,
      "winnerRate": 0.375,
      "adjustedEffectiveness": -0.10119047619047616
    },
    {
      "shotType": "FOREHAND",
      "total": 27,
      "winnerRate": 0.2222222222222222,
      "adjustedEffectiveness": -0.25396825396825395
    },
    {
      "shotType": "SERVE",
      "total": 32,
      "winnerRate": 0.46875,
      "adjustedEffectiveness": -0.007440476190476164
    }
  ],
  "losses": []
}