{
  "wins": [
    {
      "shotType": "BACKHAND",
      "total": 26,
      "winnerRate": 0.5,
      "adjustedEffectiveness": 0.09433962264150941
    },
    {
      "shotType": "FOREHAND",
      "total": 22,
      "winnerRate": 0.45454545454545453,
      "adjustedEffectiveness": 0.04888507718696394
    },
    {
      "shotType": "SERVE",
      "total": 53,
      "winnerRate": 0.5094339622641509,
      "adjustedEffectiveness": 0.10377358490566035
    }
  ],
  "losses": []
}