{
  "totalServePoints": 377,
  "firstServeIn": 221,
  "firstServeInPct": 0.5862068965517241,
  "firstServeWon": 154,
  "firstServeWinPct": 0.6968325791855203,
  "secondServeTotal": 156,
  "secondServeWon": 88,
  "secondServeWinPct": 0.5641025641025641,
  "aces": 19,
  "acePct": 0.050397877984084884,
  "doubleFaults": 0,
  "doubleFaultPct": 0
}