{
  "wins": [
    {
      "shotType": "BACKHAND",
      "total": 25,
      "winnerRate": 0.4,
      "adjustedEffectiveness": 0.029629629629629672
    },
    {
      "shotType": "FOREHAND",
      "total": 45,
      "winnerRate": 0.4666666666666667,
      "adjustedEffectiveness": 0.09629629629629632
    },
    {
      "shotType": "FOREHAND_SLICE",
      "total": 21,
      "winnerRate": 0.42857142857142855,
      "adjustedEffectiveness": 0.0582010582010582
    },
    {
      "shotType": "SERVE",
      "total": 68,
      "winnerRate": 0.4264705882352941,
      "adjustedEffectiveness": 0.05610021786492375
    }
  ],
  "losses": []
}