{
  "totalServePoints": 68,
  "firstServeIn": 44,
  "firstServeInPct": 0.6470588235294118,
  "firstServeWon": 25,
  "firstServeWinPct": 0.5681818181818182,
  "secondServeTotal": 24,
  "secondServeWon": 7,
  "secondServeWinPct": 0.2916666666666667,
  "aces": 2,
  "acePct": 0.029411764705882353,
  "doubleFaults": 0,
  "doubleFaultPct": 0
}