{
  "totalServePoints": 465,
  "firstServeIn": 252,
  "firstServeInPct": 0.5419354838709678,
  "firstServeWon": 180,
  "firstServeWinPct": 0.7142857142857143,
  "secondServeTotal": 213,
  "secondServeWon": 126,
  "secondServeWinPct": 0.5915492957746479,
  "aces": 30,
  "acePct": 0.06451612903225806,
  "doubleFaults": 0,
  "doubleFaultPct": 0
}