{
  "totalServePoints": 3215,
  "firstServeIn": 1999,
  "firstServeInPct": 0.6217729393468118,
  "firstServeWon": 1309,
  "firstServeWinPct": 0.6548274137068534,
  "secondServeTotal": 1216,
  "secondServeWon": 570,
  "secondServeWinPct": 0.46875,
  "aces": 106,
  "acePct": 0.03297045101088647,
  "doubleFaults": 0,
  "doubleFaultPct": 0
}