{
  "totalServePoints": 360,
  "firstServeIn": 212,
  "firstServeInPct": 0.5888888888888889,
  "firstServeWon": 167,
  "firstServeWinPct": 0.7877358490566038,
  "secondServeTotal": 148,
  "secondServeWon": 74,
  "secondServeWinPct": 0.5,
  "aces": 31,
  "acePct": 0.08611111111111111,
  "doubleFaults": 0,
  "doubleFaultPct": 0
}