{
  "totalServePoints": 292,
  "firstServeIn": 193,
  "firstServeInPct": 0.660958904109589,
  "firstServeWon": 112,
  "firstServeWinPct": 0.5803108808290155,
  "secondServeTotal": 99,
  "secondServeWon": 52,
  "secondServeWinPct": 0.5252525252525253,
  "aces": 14,
  "acePct": 0.04794520547945205,
  "doubleFaults": 0,
  "doubleFaultPct": 0
}