{
  "totalServePoints": 391,
  "firstServeIn": 234,
  "firstServeInPct": 0.59846547314578,
  "firstServeWon": 174,
  "firstServeWinPct": 0.7435897435897436,
  "secondServeTotal": 157,
  "secondServeWon": 89,
  "secondServeWinPct": 0.5668789808917197,
  "aces": 60,
  "acePct": 0.1534526854219949,
  "doubleFaults": 0,
  "doubleFaultPct": 0
}