{
  "totalServePoints": 181,
  "firstServeIn": 124,
  "firstServeInPct": 0.6850828729281768,
  "firstServeWon": 80,
  "firstServeWinPct": 0.6451612903225806,
  "secondServeTotal": 57,
  "secondServeWon": 31,
  "secondServeWinPct": 0.543859649122807,
  "aces": 3,
  "acePct": 0.016574585635359115,
  "doubleFaults": 0,
  "doubleFaultPct": 0
}