{
  "totalServePoints": 197,
  "firstServeIn": 116,
  "firstServeInPct": 0.5888324873096447,
  "firstServeWon": 83,
  "firstServeWinPct": 0.7155172413793104,
  "secondServeTotal": 81,
  "secondServeWon": 41,
  "secondServeWinPct": 0.5061728395061729,
  "aces": 24,
  "acePct": 0.1218274111675127,
  "doubleFaults": 0,
  "doubleFaultPct": 0
}