{
  "wins": [],
  "losses": [
    {
      "shotType": "BACKHAND",
      "total": 34,
      "winnerRate": 0.2647058823529412,
      "adjustedEffectiveness": -0.11136249371543488
    },
    {
      "shotType": "FOREHAND",
      "total": 68,
      "winnerRate": 0.3088235294117647,
      "adjustedEffectiveness": -0.06724484665661135
    },
    {
      "shotType": "SERVE",
      "total": 58,
      "winnerRate": 0.3448275862068966,
      "adjustedEffectiveness": -0.03124078986147949
    }
  ]
}