{
  "wins": [
    {
      "shotType": "BACKHAND",
      "total": 44,
      "winnerRate": 0.18181818181818182,
      "adjustedEffectiveness": -0.18484848484848482
    },
    {
      "shotType": "FOREHAND",
      "total": 63,
      "winnerRate": 0.3492063492063492,
      "adjustedEffectiveness": -0.017460317460317454
    },
    {
      "shotType": "SERVE",
      "total": 90,
      "winnerRate": 0.4888888888888889,
      "adjustedEffectiveness": 0.12222222222222223
    }
  ],
  "losses": []
}