{
  "totalServePoints": 282,
  "firstServeIn": 190,
  "firstServeInPct": 0.6737588652482269,
  "firstServeWon": 127,
  "firstServeWinPct": 0.6684210526315789,
  "secondServeTotal": 92,
  "secondServeWon": 42,
  "secondServeWinPct": 0.45652173913043476,
  "aces": 6,
  "acePct": 0.02127659574468085,
  "doubleFaults": 0,
  "doubleFaultPct": 0
}