{
  "totalServePoints": 3602,
  "firstServeIn": 2064,
  "firstServeInPct": 0.5730149916712938,
  "firstServeWon": 1494,
  "firstServeWinPct": 0.7238372093023255,
  "secondServeTotal": 1538,
  "secondServeWon": 819,
  "secondServeWinPct": 0.5325097529258778,
  "aces": 306,
  "acePct": 0.084952803997779,
  "doubleFaults": 0,
  "doubleFaultPct": 0
}