{
  "totalServePoints": 6841,
  "firstServeIn": 4373,
  "firstServeInPct": 0.6392340301125566,
  "firstServeWon": 3310,
  "firstServeWinPct": 0.7569174479762177,
  "secondServeTotal": 2468,
  "secondServeWon": 1304,
  "secondServeWinPct": 0.5283630470016207,
  "aces": 723,
  "acePct": 0.10568630317205087,
  "doubleFaults": 0,
  "doubleFaultPct": 0
}