{
  "totalServePoints": 3577,
  "firstServeIn": 2298,
  "firstServeInPct": 0.6424377970366228,
  "firstServeWon": 1616,
  "firstServeWinPct": 0.7032201914708442,
  "secondServeTotal": 1279,
  "secondServeWon": 634,
  "secondServeWinPct": 0.49569976544175137,
  "aces": 181,
  "acePct": 0.05060106234274532,
  "doubleFaults": 0,
  "doubleFaultPct": 0
}