{
  "totalServePoints": 353,
  "firstServeIn": 241,
  "firstServeInPct": 0.6827195467422096,
  "firstServeWon": 168,
  "firstServeWinPct": 0.6970954356846473,
  "secondServeTotal": 112,
  "secondServeWon": 46,
  "secondServeWinPct": 0.4107142857142857,
  "aces": 36,
  "acePct": 0.10198300283286119,
  "doubleFaults": 0,
  "doubleFaultPct": 0
}