{
  "wins": [
    {
      "shotType": "BACKHAND",
      "total": 40,
      "winnerRate": 0.2,
      "adjustedEffectiveness": -0.14745762711864407
    },
    {
      "shotType": "FOREHAND",
      "total": 38,
      "winnerRate": 0.2631578947368421,
      "adjustedEffectiveness": -0.084299732381802
    },
    {
      "shotType": "SERVE",
      "total": 59,
      "winnerRate": 0.4406779661016949,
      "adjustedEffectiveness": 0.09322033898305082
    }
  ],
  "losses": []
}