{
  "winning": [
    {
      "sequence": [
        "BACKHAND_LEFT",
        "BACKHAND_LEFT",
        "BACKHAND_LEFT",
        "BACKHAND_LEFT"
      ],
      "total": 15,
      "winnerRate": 0.6,
      "uplift": 0.2256038647342995,
      "rankScore": 0.6109465912631555
    },
    {
      "sequence": [
        "BACKHAND_LEFT",
        "BACKHAND_LEFT",
        "BACKHAND_LEFT"
      ],
      "total": 23,
      "winnerRate": 0.5217391304347826,
      "uplift": 0.1473429951690821,
      "rankScore": 0.4619931091103336
    },
    {
      "sequence": [
        "BACKHAND_LEFT",
        "BACKHAND_LEFT"
      ],
      "total": 35,
      "winnerRate": 0.42857142857142855,
      "uplift": 0.05417529330572807,
      "rankScore": 0.1926120240351407
    }
  ],
  "losing": []
}