{
  "totalServePoints": 1214,
  "firstServeIn": 825,
  "firstServeInPct": 0.6795716639209226,
  "firstServeWon": 581,
  "firstServeWinPct": 0.7042424242424242,
  "secondServeTotal": 389,
  "secondServeWon": 201,
  "secondServeWinPct": 0.5167095115681234,
  "aces": 57,
  "acePct": 0.04695222405271829,
  "doubleFaults": 0,
  "doubleFaultPct": 0
}