{
  "totalServePoints": 197,
  "firstServeIn": 118,
  "firstServeInPct": 0.5989847715736041,
  "firstServeWon": 76,
  "firstServeWinPct": 0.6440677966101694,
  "secondServeTotal": 79,
  "secondServeWon": 32,
  "secondServeWinPct": 0.4050632911392405,
  "aces": 5,
  "acePct": 0.025380710659898477,
  "doubleFaults": 0,
  "doubleFaultPct": 0
}