{
  "wins": [],
  "losses": [
    {
      "shotType": "BACKHAND",
      "total": 61,
      "winnerRate": 0.4098360655737705,
      "adjustedEffectiveness": -0.053578568572570984
    },
    {
      "shotType": "FOREHAND",
      "total": 116,
      "winnerRate": 0.5172413793103449,
      "adjustedEffectiveness": 0.053826745164003376
    },
    {
      "shotType": "SERVE",
      "total": 61,
      "winnerRate": 0.3770491803278688,
      "adjustedEffectiveness": -0.08636545381847266
    }
  ]
}