{
  "winning": [
    {
      "sequence": [
        "FOREHAND_CENTER",
        "FOREHAND_RIGHT"
      ],
      "total": 16,
      "winnerRate": 0.625,
      "uplift": 0.1615853658536585,
      "rankScore": 0.44800976304484263
    },
    {
      "sequence": [
        "BACKHAND_LEFT",
        "BACKHAND_CENTER"
      ],
      "total": 15,
      "winnerRate": 0.5333333333333333,
      "uplift": 0.06991869918699184,
      "rankScore": 0.1893433473941382
    }
  ],
  "losing": [
    {
      "sequence": [
        "FOREHAND_CENTER",
        "FOREHAND_CENTER"
      ],
      "total": 15,
      "winnerRate": 0.3333333333333333,
      "uplift": -0.13008130081300817,
      "rankScore": -0.35226669282630385
    },
    {
      "sequence": [
        "FOREHAND_RIGHT",
        "FOREHAND_RIGHT"
      ],
      "total": 17,
      "winnerRate": 0.35294117647058826,
      "uplift": -0.11047345767575323,
      "rankScore": -0.3129948744509737
    }
  ]
}