{
  "totalServePoints": 98,
  "firstServeIn": 65,
  "firstServeInPct": 0.6632653061224489,
  "firstServeWon": 40,
  "firstServeWinPct": 0.6153846153846154,
  "secondServeTotal": 33,
  "secondServeWon": 21,
  "secondServeWinPct": 0.6363636363636364,
  "aces": 3,
  "acePct": 0.030612244897959183,
  "doubleFaults": 0,
  "doubleFaultPct": 0
}