{
  "totalServePoints": 246,
  "firstServeIn": 164,
  "firstServeInPct": 0.6666666666666666,
  "firstServeWon": 116,
  "firstServeWinPct": 0.7073170731707317,
  "secondServeTotal": 82,
  "secondServeWon": 46,
  "secondServeWinPct": 0.5609756097560976,
  "aces": 17,
  "acePct": 0.06910569105691057,
  "doubleFaults": 0,
  "doubleFaultPct": 0
}