{
  "totalServePoints": 758,
  "firstServeIn": 487,
  "firstServeInPct": 0.6424802110817942,
  "firstServeWon": 317,
  "firstServeWinPct": 0.6509240246406571,
  "secondServeTotal": 271,
  "secondServeWon": 141,
  "secondServeWinPct": 0.5202952029520295,
  "aces": 33,
  "acePct": 0.04353562005277045,
  "doubleFaults": 0,
  "doubleFaultPct": 0
}