{
  "totalServePoints": 321,
  "firstServeIn": 199,
  "firstServeInPct": 0.6199376947040498,
  "firstServeWon": 152,
  "firstServeWinPct": 0.7638190954773869,
  "secondServeTotal": 122,
  "secondServeWon": 53,
  "secondServeWinPct": 0.4344262295081967,
  "aces": 18,
  "acePct": 0.056074766355140186,
  "doubleFaults": 0,
  "doubleFaultPct": 0
}