{
  "totalServePoints": 678,
  "firstServeIn": 398,
  "firstServeInPct": 0.5870206489675516,
  "firstServeWon": 262,
  "firstServeWinPct": 0.6582914572864321,
  "secondServeTotal": 280,
  "secondServeWon": 139,
  "secondServeWinPct": 0.49642857142857144,
  "aces": 36,
  "acePct": 0.05309734513274336,
  "doubleFaults": 0,
  "doubleFaultPct": 0
}