{
  "totalServePoints": 569,
  "firstServeIn": 352,
  "firstServeInPct": 0.6186291739894552,
  "firstServeWon": 244,
  "firstServeWinPct": 0.6931818181818182,
  "secondServeTotal": 217,
  "secondServeWon": 113,
  "secondServeWinPct": 0.5207373271889401,
  "aces": 30,
  "acePct": 0.05272407732864675,
  "doubleFaults": 0,
  "doubleFaultPct": 0
}