{
  "winning": [],
  "losing": [
    {
      "sequence": [
        "T",
        "BACKHAND_CENTER"
      ],
      "total": 21,
      "winnerRate": 0.2857142857142857,
      "uplift": -0.13852813852813856,
      "rankScore": -0.4217520260049764
    },
    {
      "sequence": [
        "BACKHAND_CENTER",
        "FOREHAND_RIGHT"
      ],
      "total": 19,
      "winnerRate": 0.3157894736842105,
      "uplift": -0.10845295055821375,
      "rankScore": -0.3193330950292153
    }
  ]
}