{
  "totalServePoints": 291,
  "firstServeIn": 195,
  "firstServeInPct": 0.6701030927835051,
  "firstServeWon": 118,
  "firstServeWinPct": 0.6051282051282051,
  "secondServeTotal": 96,
  "secondServeWon": 46,
  "secondServeWinPct": 0.4791666666666667,
  "aces": 15,
  "acePct": 0.05154639175257732,
  "doubleFaults": 0,
  "doubleFaultPct": 0
}