{
  "totalServePoints": 346,
  "firstServeIn": 224,
  "firstServeInPct": 0.6473988439306358,
  "firstServeWon": 157,
  "firstServeWinPct": 0.7008928571428571,
  "secondServeTotal": 122,
  "secondServeWon": 74,
  "secondServeWinPct": 0.6065573770491803,
  "aces": 21,
  "acePct": 0.06069364161849711,
  "doubleFaults": 0,
  "doubleFaultPct": 0
}