{
  "totalServePoints": 49,
  "firstServeIn": 28,
  "firstServeInPct": 0.5714285714285714,
  "firstServeWon": 19,
  "firstServeWinPct": 0.6785714285714286,
  "secondServeTotal": 21,
  "secondServeWon": 4,
  "secondServeWinPct": 0.19047619047619047,
  "aces": 2,
  "acePct": 0.04081632653061224,
  "doubleFaults": 0,
  "doubleFaultPct": 0
}