{
  "wins": [
    {
      "shotType": "BACKHAND",
      "total": 25,
      "winnerRate": 0.2,
      "adjustedEffectiveness": -0.2017857142857143
    },
    {
      "shotType": "FOREHAND",
      "total": 35,
      "winnerRate": 0.14285714285714285,
      "adjustedEffectiveness": -0.25892857142857145
    },
    {
      "shotType": "SERVE",
      "total": 56,
      "winnerRate": 0.42857142857142855,
      "adjustedEffectiveness": 0.026785714285714246
    }
  ],
  "losses": []
}