{
  "totalServePoints": 265,
  "firstServeIn": 150,
  "firstServeInPct": 0.5660377358490566,
  "firstServeWon": 110,
  "firstServeWinPct": 0.7333333333333333,
  "secondServeTotal": 115,
  "secondServeWon": 52,
  "secondServeWinPct": 0.45217391304347826,
  "aces": 25,
  "acePct": 0.09433962264150944,
  "doubleFaults": 0,
  "doubleFaultPct": 0
}