{
  "totalServePoints": 1818,
  "firstServeIn": 1147,
  "firstServeInPct": 0.6309130913091309,
  "firstServeWon": 788,
  "firstServeWinPct": 0.6870095902353966,
  "secondServeTotal": 671,
  "secondServeWon": 365,
  "secondServeWinPct": 0.5439642324888226,
  "aces": 76,
  "acePct": 0.041804180418041806,
  "doubleFaults": 0,
  "doubleFaultPct": 0
}