{
  "winning": [],
  "losing": [
    {
      "sequence": [
        "FOREHAND_RIGHT",
        "FOREHAND_RIGHT"
      ],
      "total": 16,
      "winnerRate": 0.3125,
      "uplift": -0.13704128440366975,
      "rankScore": -0.37995911961886913
    }
  ]
}