{
  "totalServePoints": 55,
  "firstServeIn": 38,
  "firstServeInPct": 0.6909090909090909,
  "firstServeWon": 36,
  "firstServeWinPct": 0.9473684210526315,
  "secondServeTotal": 17,
  "secondServeWon": 7,
  "secondServeWinPct": 0.4117647058823529,
  "aces": 7,
  "acePct": 0.12727272727272726,
  "doubleFaults": 0,
  "doubleFaultPct": 0
}