{
  "winning": [],
  "losing": [
    {
      "sequence": [
        "FOREHAND_CENTER",
        "FOREHAND_CENTER"
      ],
      "total": 16,
      "winnerRate": 0.3125,
      "uplift": -0.09794776119402987,
      "rankScore": -0.2715688580552025
    },
    {
      "sequence": [
        "FOREHAND_LEFT",
        "FOREHAND_LEFT"
      ],
      "total": 16,
      "winnerRate": 0.3125,
      "uplift": -0.09794776119402987,
      "rankScore": -0.2715688580552025
    }
  ]
}