{
  "totalServePoints": 351,
  "firstServeIn": 201,
  "firstServeInPct": 0.5726495726495726,
  "firstServeWon": 143,
  "firstServeWinPct": 0.7114427860696517,
  "secondServeTotal": 150,
  "secondServeWon": 81,
  "secondServeWinPct": 0.54,
  "aces": 9,
  "acePct": 0.02564102564102564,
  "doubleFaults": 0,
  "doubleFaultPct": 0
}