{
  "totalServePoints": 447,
  "firstServeIn": 284,
  "firstServeInPct": 0.6353467561521253,
  "firstServeWon": 199,
  "firstServeWinPct": 0.7007042253521126,
  "secondServeTotal": 163,
  "secondServeWon": 74,
  "secondServeWinPct": 0.4539877300613497,
  "aces": 27,
  "acePct": 0.06040268456375839,
  "doubleFaults": 0,
  "doubleFaultPct": 0
}