{
  "winning": [
    {
      "sequence": [
        "BODY",
        "BACKHAND_CENTER_BASELINE"
      ],
      "total": 15,
      "winnerRate": 0.6666666666666666,
      "uplift": 0.2659988870339454,
      "rankScore": 0.72033833952524
    },
    {
      "sequence": [
        "BACKHAND_CENTER_DEEP",
        "FOREHAND_LEFT_DEEP"
      ],
      "total": 18,
      "winnerRate": 0.6111111111111112,
      "uplift": 0.21044333147838995,
      "rankScore": 0.6082594619427192
    },
    {
      "sequence": [
        "WIDE",
        "BACKHAND_CENTER_DEEP"
      ],
      "total": 17,
      "winnerRate": 0.5294117647058824,
      "uplift": 0.12874398507316115,
      "rankScore": 0.3647591764762545
    },
    {
      "sequence": [
        "WIDE",
        "BACKHAND_CENTER_BASELINE"
      ],
      "total": 16,
      "winnerRate": 0.5,
      "uplift": 0.09933222036727879,
      "rankScore": 0.27540739394535385
    }
  ],
  "losing": []
}