{
  "totalServePoints": 291,
  "firstServeIn": 190,
  "firstServeInPct": 0.6529209621993127,
  "firstServeWon": 115,
  "firstServeWinPct": 0.6052631578947368,
  "secondServeTotal": 101,
  "secondServeWon": 49,
  "secondServeWinPct": 0.48514851485148514,
  "aces": 7,
  "acePct": 0.024054982817869417,
  "doubleFaults": 0,
  "doubleFaultPct": 0
}