{
  "totalServePoints": 508,
  "firstServeIn": 307,
  "firstServeInPct": 0.6043307086614174,
  "firstServeWon": 217,
  "firstServeWinPct": 0.7068403908794788,
  "secondServeTotal": 201,
  "secondServeWon": 84,
  "secondServeWinPct": 0.417910447761194,
  "aces": 47,
  "acePct": 0.09251968503937008,
  "doubleFaults": 0,
  "doubleFaultPct": 0
}