{
  "totalServePoints": 690,
  "firstServeIn": 436,
  "firstServeInPct": 0.6318840579710145,
  "firstServeWon": 316,
  "firstServeWinPct": 0.7247706422018348,
  "secondServeTotal": 254,
  "secondServeWon": 111,
  "secondServeWinPct": 0.43700787401574803,
  "aces": 74,
  "acePct": 0.1072463768115942,
  "doubleFaults": 0,
  "doubleFaultPct": 0
}