{
  "totalServePoints": 1513,
  "firstServeIn": 1057,
  "firstServeInPct": 0.6986120290812955,
  "firstServeWon": 707,
  "firstServeWinPct": 0.6688741721854304,
  "secondServeTotal": 456,
  "secondServeWon": 223,
  "secondServeWinPct": 0.48903508771929827,
  "aces": 67,
  "acePct": 0.044282881692002646,
  "doubleFaults": 0,
  "doubleFaultPct": 0
}