{
  "totalServePoints": 944,
  "firstServeIn": 619,
  "firstServeInPct": 0.6557203389830508,
  "firstServeWon": 415,
  "firstServeWinPct": 0.6704361873990307,
  "secondServeTotal": 325,
  "secondServeWon": 174,
  "secondServeWinPct": 0.5353846153846153,
  "aces": 45,
  "acePct": 0.04766949152542373,
  "doubleFaults": 0,
  "doubleFaultPct": 0
}