{
  "wins": [
    {
      "shotType": "BACKHAND",
      "total": 66,
      "winnerRate": 0.5,
      "adjustedEffectiveness": 0.05223880597014924
    },
    {
      "shotType": "BACKHAND_SLICE",
      "total": 20,
      "winnerRate": 0.4,
      "adjustedEffectiveness": -0.04776119402985074
    },
    {
      "shotType": "FOREHAND",
      "total": 81,
      "winnerRate": 0.5308641975308642,
      "adjustedEffectiveness": 0.08310300350101346
    },
    {
      "shotType": "SERVE",
      "total": 67,
      "winnerRate": 0.5373134328358209,
      "adjustedEffectiveness": 0.08955223880597013
    }
  ],
  "losses": []
}