{
  "winning": [
    {
      "sequence": [
        "FOREHAND_LEFT",
        "BACKHAND_LEFT"
      ],
      "total": 17,
      "winnerRate": 0.5882352941176471,
      "uplift": 0.14047410008779632,
      "rankScore": 0.397993094863033
    },
    {
      "sequence": [
        "WIDE",
        "BACKHAND_CENTER"
      ],
      "total": 15,
      "winnerRate": 0.5333333333333333,
      "uplift": 0.08557213930348256,
      "rankScore": 0.2317336490495423
    }
  ],
  "losing": []
}