{
  "totalServePoints": 77,
  "firstServeIn": 58,
  "firstServeInPct": 0.7532467532467533,
  "firstServeWon": 38,
  "firstServeWinPct": 0.6551724137931034,
  "secondServeTotal": 19,
  "secondServeWon": 7,
  "secondServeWinPct": 0.3684210526315789,
  "aces": 3,
  "acePct": 0.03896103896103896,
  "doubleFaults": 0,
  "doubleFaultPct": 0
}