{
  "totalServePoints": 2143,
  "firstServeIn": 1292,
  "firstServeInPct": 0.6028931404573028,
  "firstServeWon": 945,
  "firstServeWinPct": 0.7314241486068112,
  "secondServeTotal": 851,
  "secondServeWon": 445,
  "secondServeWinPct": 0.5229142185663925,
  "aces": 200,
  "acePct": 0.09332711152589827,
  "doubleFaults": 0,
  "doubleFaultPct": 0
}