{
  "winning": [
    {
      "sequence": [
        "BACKHAND_CENTER",
        "FOREHAND_LEFT"
      ],
      "total": 15,
      "winnerRate": 0.4666666666666667,
      "uplift": 0.0985884907709012,
      "rankScore": 0.2669825822585024
    },
    {
      "sequence": [
        "FOREHAND_LEFT",
        "BACKHAND_CENTER"
      ],
      "total": 23,
      "winnerRate": 0.391304347826087,
      "uplift": 0.023226171930321504,
      "rankScore": 0.07282552774569905
    }
  ],
  "losing": [
    {
      "sequence": [
        "BACKHAND_RIGHT",
        "FOREHAND_LEFT"
      ],
      "total": 19,
      "winnerRate": 0.21052631578947367,
      "uplift": -0.1575518601062918,
      "rankScore": -0.46390183813714364
    },
    {
      "sequence": [
        "FOREHAND_LEFT",
        "BACKHAND_RIGHT"
      ],
      "total": 21,
      "winnerRate": 0.3333333333333333,
      "uplift": -0.034744842562432154,
      "rankScore": -0.10578145277649248
    },
    {
      "sequence": [
        "FOREHAND_RIGHT",
        "FOREHAND_LEFT"
      ],
      "total": 15,
      "winnerRate": 0.3333333333333333,
      "uplift": -0.034744842562432154,
      "rankScore": -0.09409077788845903
    }
  ]
}