{
  "totalServePoints": 828,
  "firstServeIn": 548,
  "firstServeInPct": 0.6618357487922706,
  "firstServeWon": 364,
  "firstServeWinPct": 0.6642335766423357,
  "secondServeTotal": 280,
  "secondServeWon": 147,
  "secondServeWinPct": 0.525,
  "aces": 36,
  "acePct": 0.043478260869565216,
  "doubleFaults": 0,
  "doubleFaultPct": 0
}