{
  "totalServePoints": 37,
  "firstServeIn": 19,
  "firstServeInPct": 0.5135135135135135,
  "firstServeWon": 15,
  "firstServeWinPct": 0.7894736842105263,
  "secondServeTotal": 18,
  "secondServeWon": 8,
  "secondServeWinPct": 0.4444444444444444,
  "aces": 1,
  "acePct": 0.02702702702702703,
  "doubleFaults": 0,
  "doubleFaultPct": 0
}