{
  "totalServePoints": 114,
  "firstServeIn": 61,
  "firstServeInPct": 0.5350877192982456,
  "firstServeWon": 39,
  "firstServeWinPct": 0.639344262295082,
  "secondServeTotal": 53,
  "secondServeWon": 19,
  "secondServeWinPct": 0.3584905660377358,
  "aces": 6,
  "acePct": 0.05263157894736842,
  "doubleFaults": 0,
  "doubleFaultPct": 0
}