{
  "totalServePoints": 6851,
  "firstServeIn": 4534,
  "firstServeInPct": 0.6618011969055613,
  "firstServeWon": 3561,
  "firstServeWinPct": 0.7853992059991177,
  "secondServeTotal": 2317,
  "secondServeWon": 1219,
  "secondServeWinPct": 0.5261113508847648,
  "aces": 1220,
  "acePct": 0.1780761932564589,
  "doubleFaults": 0,
  "doubleFaultPct": 0
}