{
  "totalServePoints": 1248,
  "firstServeIn": 660,
  "firstServeInPct": 0.5288461538461539,
  "firstServeWon": 486,
  "firstServeWinPct": 0.7363636363636363,
  "secondServeTotal": 588,
  "secondServeWon": 283,
  "secondServeWinPct": 0.4812925170068027,
  "aces": 100,
  "acePct": 0.08012820512820513,
  "doubleFaults": 0,
  "doubleFaultPct": 0
}