{
  "winning": [
    {
      "sequence": [
        "BACKHAND_LEFT",
        "BACKHAND_LEFT"
      ],
      "total": 16,
      "winnerRate": 0.5625,
      "uplift": 0.12983524355300857,
      "rankScore": 0.3599797320243268
    }
  ],
  "losing": []
}