{
  "totalServePoints": 181,
  "firstServeIn": 94,
  "firstServeInPct": 0.5193370165745856,
  "firstServeWon": 70,
  "firstServeWinPct": 0.7446808510638298,
  "secondServeTotal": 87,
  "secondServeWon": 34,
  "secondServeWinPct": 0.39080459770114945,
  "aces": 10,
  "acePct": 0.055248618784530384,
  "doubleFaults": 0,
  "doubleFaultPct": 0
}