{
  "totalServePoints": 343,
  "firstServeIn": 230,
  "firstServeInPct": 0.6705539358600583,
  "firstServeWon": 191,
  "firstServeWinPct": 0.8304347826086956,
  "secondServeTotal": 113,
  "secondServeWon": 58,
  "secondServeWinPct": 0.5132743362831859,
  "aces": 64,
  "acePct": 0.18658892128279883,
  "doubleFaults": 0,
  "doubleFaultPct": 0
}