{
  "wins": [],
  "losses": [
    {
      "shotType": "BACKHAND",
      "total": 42,
      "winnerRate": 0.3333333333333333,
      "adjustedEffectiveness": -0.06300813008130085
    },
    {
      "shotType": "FOREHAND",
      "total": 45,
      "winnerRate": 0.5111111111111111,
      "adjustedEffectiveness": 0.1147696476964769
    },
    {
      "shotType": "SERVE",
      "total": 82,
      "winnerRate": 0.47560975609756095,
      "adjustedEffectiveness": 0.07926829268292679
    }
  ]
}