{
  "totalServePoints": 249,
  "firstServeIn": 152,
  "firstServeInPct": 0.6104417670682731,
  "firstServeWon": 103,
  "firstServeWinPct": 0.6776315789473685,
  "secondServeTotal": 97,
  "secondServeWon": 45,
  "secondServeWinPct": 0.4639175257731959,
  "aces": 12,
  "acePct": 0.04819277108433735,
  "doubleFaults": 0,
  "doubleFaultPct": 0
}