{
  "totalServePoints": 531,
  "firstServeIn": 365,
  "firstServeInPct": 0.687382297551789,
  "firstServeWon": 226,
  "firstServeWinPct": 0.6191780821917808,
  "secondServeTotal": 166,
  "secondServeWon": 82,
  "secondServeWinPct": 0.4939759036144578,
  "aces": 16,
  "acePct": 0.030131826741996232,
  "doubleFaults": 0,
  "doubleFaultPct": 0
}