{
  "totalServePoints": 819,
  "firstServeIn": 420,
  "firstServeInPct": 0.5128205128205128,
  "firstServeWon": 278,
  "firstServeWinPct": 0.6619047619047619,
  "secondServeTotal": 399,
  "secondServeWon": 184,
  "secondServeWinPct": 0.46115288220551376,
  "aces": 67,
  "acePct": 0.08180708180708181,
  "doubleFaults": 0,
  "doubleFaultPct": 0
}