{
  "totalServePoints": 465,
  "firstServeIn": 276,
  "firstServeInPct": 0.5935483870967742,
  "firstServeWon": 188,
  "firstServeWinPct": 0.6811594202898551,
  "secondServeTotal": 189,
  "secondServeWon": 93,
  "secondServeWinPct": 0.49206349206349204,
  "aces": 27,
  "acePct": 0.05806451612903226,
  "doubleFaults": 0,
  "doubleFaultPct": 0
}