{
  "totalServePoints": 767,
  "firstServeIn": 431,
  "firstServeInPct": 0.5619295958279009,
  "firstServeWon": 326,
  "firstServeWinPct": 0.7563805104408353,
  "secondServeTotal": 336,
  "secondServeWon": 168,
  "secondServeWinPct": 0.5,
  "aces": 47,
  "acePct": 0.061277705345501955,
  "doubleFaults": 0,
  "doubleFaultPct": 0
}