{
  "winning": [
    {
      "sequence": [
        "FOREHAND_RIGHT",
        "FOREHAND_RIGHT"
      ],
      "total": 18,
      "winnerRate": 0.5,
      "uplift": 0.09909909909909909,
      "rankScore": 0.2864332372689892
    },
    {
      "sequence": [
        "BACKHAND_CENTER",
        "FOREHAND_RIGHT"
      ],
      "total": 15,
      "winnerRate": 0.4666666666666667,
      "uplift": 0.06576576576576576,
      "rankScore": 0.17809699520762282
    }
  ],
  "losing": []
}