{
  "totalServePoints": 104,
  "firstServeIn": 74,
  "firstServeInPct": 0.7115384615384616,
  "firstServeWon": 59,
  "firstServeWinPct": 0.7972972972972973,
  "secondServeTotal": 30,
  "secondServeWon": 16,
  "secondServeWinPct": 0.5333333333333333,
  "aces": 7,
  "acePct": 0.0673076923076923,
  "doubleFaults": 0,
  "doubleFaultPct": 0
}