{
  "totalServePoints": 705,
  "firstServeIn": 445,
  "firstServeInPct": 0.6312056737588653,
  "firstServeWon": 290,
  "firstServeWinPct": 0.651685393258427,
  "secondServeTotal": 260,
  "secondServeWon": 120,
  "secondServeWinPct": 0.46153846153846156,
  "aces": 33,
  "acePct": 0.04680851063829787,
  "doubleFaults": 0,
  "doubleFaultPct": 0
}