{
  "totalServePoints": 2445,
  "firstServeIn": 1557,
  "firstServeInPct": 0.6368098159509202,
  "firstServeWon": 1007,
  "firstServeWinPct": 0.6467565831727682,
  "secondServeTotal": 888,
  "secondServeWon": 446,
  "secondServeWinPct": 0.5022522522522522,
  "aces": 99,
  "acePct": 0.04049079754601227,
  "doubleFaults": 0,
  "doubleFaultPct": 0
}