{
  "totalServePoints": 248,
  "firstServeIn": 139,
  "firstServeInPct": 0.5604838709677419,
  "firstServeWon": 103,
  "firstServeWinPct": 0.7410071942446043,
  "secondServeTotal": 109,
  "secondServeWon": 66,
  "secondServeWinPct": 0.6055045871559633,
  "aces": 20,
  "acePct": 0.08064516129032258,
  "doubleFaults": 0,
  "doubleFaultPct": 0
}