{
  "wins": [],
  "losses": [
    {
      "shotType": "BACKHAND",
      "total": 132,
      "winnerRate": 0.3181818181818182,
      "adjustedEffectiveness": -0.0756861063464837
    },
    {
      "shotType": "BACKHAND_SLICE",
      "total": 23,
      "winnerRate": 0.2608695652173913,
      "adjustedEffectiveness": -0.13299835931091059
    },
    {
      "shotType": "FOREHAND",
      "total": 227,
      "winnerRate": 0.3788546255506608,
      "adjustedEffectiveness": -0.015013298977641087
    },
    {
      "shotType": "SERVE",
      "total": 211,
      "winnerRate": 0.46445497630331756,
      "adjustedEffectiveness": 0.07058705177501567
    }
  ]
}