{
  "totalServePoints": 1712,
  "firstServeIn": 1036,
  "firstServeInPct": 0.6051401869158879,
  "firstServeWon": 792,
  "firstServeWinPct": 0.7644787644787645,
  "secondServeTotal": 676,
  "secondServeWon": 331,
  "secondServeWinPct": 0.4896449704142012,
  "aces": 215,
  "acePct": 0.12558411214953272,
  "doubleFaults": 0,
  "doubleFaultPct": 0
}