{
  "totalServePoints": 275,
  "firstServeIn": 175,
  "firstServeInPct": 0.6363636363636364,
  "firstServeWon": 120,
  "firstServeWinPct": 0.6857142857142857,
  "secondServeTotal": 100,
  "secondServeWon": 56,
  "secondServeWinPct": 0.56,
  "aces": 26,
  "acePct": 0.09454545454545454,
  "doubleFaults": 0,
  "doubleFaultPct": 0
}