{
  "totalServePoints": 1268,
  "firstServeIn": 852,
  "firstServeInPct": 0.6719242902208202,
  "firstServeWon": 551,
  "firstServeWinPct": 0.6467136150234741,
  "secondServeTotal": 416,
  "secondServeWon": 206,
  "secondServeWinPct": 0.4951923076923077,
  "aces": 35,
  "acePct": 0.027602523659305992,
  "doubleFaults": 0,
  "doubleFaultPct": 0
}