{
  "wins": [
    {
      "shotType": "BACKHAND_SLICE",
      "total": 22,
      "winnerRate": 0.3181818181818182,
      "adjustedEffectiveness": -0.08783321941216676
    },
    {
      "shotType": "FOREHAND",
      "total": 31,
      "winnerRate": 0.3225806451612903,
      "adjustedEffectiveness": -0.08343439243269463
    },
    {
      "shotType": "SERVE",
      "total": 67,
      "winnerRate": 0.5373134328358209,
      "adjustedEffectiveness": 0.13129839524183595
    }
  ],
  "losses": []
}