{
  "winning": [],
  "losing": [
    {
      "sequence": [
        "FOREHAND_RIGHT",
        "FOREHAND_RIGHT"
      ],
      "total": 21,
      "winnerRate": 0.2857142857142857,
      "uplift": -0.11094542201014018,
      "rankScore": -0.3377758266725659
    }
  ]
}