{
  "totalServePoints": 241,
  "firstServeIn": 158,
  "firstServeInPct": 0.6556016597510373,
  "firstServeWon": 111,
  "firstServeWinPct": 0.7025316455696202,
  "secondServeTotal": 83,
  "secondServeWon": 34,
  "secondServeWinPct": 0.40963855421686746,
  "aces": 20,
  "acePct": 0.08298755186721991,
  "doubleFaults": 0,
  "doubleFaultPct": 0
}