{
  "totalServePoints": 733,
  "firstServeIn": 485,
  "firstServeInPct": 0.6616643929058663,
  "firstServeWon": 360,
  "firstServeWinPct": 0.7422680412371134,
  "secondServeTotal": 248,
  "secondServeWon": 128,
  "secondServeWinPct": 0.5161290322580645,
  "aces": 66,
  "acePct": 0.09004092769440655,
  "doubleFaults": 0,
  "doubleFaultPct": 0
}