{
  "winning": [
    {
      "sequence": [
        "FOREHAND_LEFT_DEEP",
        "BACKHAND_LEFT_DEEP"
      ],
      "total": 15,
      "winnerRate": 0.6,
      "uplift": 0.21056105610561054,
      "rankScore": 0.5702099103310924
    },
    {
      "sequence": [
        "WIDE",
        "BACKHAND_LEFT_DEEP"
      ],
      "total": 18,
      "winnerRate": 0.4444444444444444,
      "uplift": 0.055005500550054987,
      "rankScore": 0.1589863453188209
    }
  ],
  "losing": []
}