{
  "totalServePoints": 312,
  "firstServeIn": 193,
  "firstServeInPct": 0.6185897435897436,
  "firstServeWon": 131,
  "firstServeWinPct": 0.6787564766839378,
  "secondServeTotal": 119,
  "secondServeWon": 52,
  "secondServeWinPct": 0.4369747899159664,
  "aces": 13,
  "acePct": 0.041666666666666664,
  "doubleFaults": 0,
  "doubleFaultPct": 0
}