{
  "totalServePoints": 93,
  "firstServeIn": 57,
  "firstServeInPct": 0.6129032258064516,
  "firstServeWon": 44,
  "firstServeWinPct": 0.7719298245614035,
  "secondServeTotal": 36,
  "secondServeWon": 15,
  "secondServeWinPct": 0.4166666666666667,
  "aces": 9,
  "acePct": 0.0967741935483871,
  "doubleFaults": 0,
  "doubleFaultPct": 0
}