{
  "winning": [
    {
      "sequence": [
        "BACKHAND_LEFT",
        "BACKHAND_LEFT",
        "BACKHAND_LEFT"
      ],
      "total": 18,
      "winnerRate": 0.5555555555555556,
      "uplift": 0.1796431467964315,
      "rankScore": 0.5192354780000005
    },
    {
      "sequence": [
        "FOREHAND_RIGHT",
        "FOREHAND_RIGHT"
      ],
      "total": 23,
      "winnerRate": 0.5217391304347826,
      "uplift": 0.14582672167565852,
      "rankScore": 0.45723884234193723
    },
    {
      "sequence": [
        "BACKHAND_LEFT",
        "BACKHAND_LEFT"
      ],
      "total": 37,
      "winnerRate": 0.4864864864864865,
      "uplift": 0.11057407772736244,
      "rankScore": 0.3992739179398478
    },
    {
      "sequence": [
        "FOREHAND_LEFT",
        "BACKHAND_LEFT"
      ],
      "total": 19,
      "winnerRate": 0.47368421052631576,
      "uplift": 0.09777180176719169,
      "rankScore": 0.28788310418665347
    }
  ],
  "losing": [
    {
      "sequence": [
        "BACKHAND_LEFT",
        "BACKHAND_CENTER"
      ],
      "total": 15,
      "winnerRate": 0.3333333333333333,
      "uplift": -0.04257907542579076,
      "rankScore": -0.11530627376955883
    }
  ]
}