{
  "totalServePoints": 1829,
  "firstServeIn": 1194,
  "firstServeInPct": 0.6528157463094587,
  "firstServeWon": 784,
  "firstServeWinPct": 0.6566164154103853,
  "secondServeTotal": 635,
  "secondServeWon": 314,
  "secondServeWinPct": 0.494488188976378,
  "aces": 61,
  "acePct": 0.03335155822854018,
  "doubleFaults": 0,
  "doubleFaultPct": 0
}