{
  "totalServePoints": 483,
  "firstServeIn": 287,
  "firstServeInPct": 0.5942028985507246,
  "firstServeWon": 187,
  "firstServeWinPct": 0.6515679442508711,
  "secondServeTotal": 196,
  "secondServeWon": 85,
  "secondServeWinPct": 0.4336734693877551,
  "aces": 18,
  "acePct": 0.037267080745341616,
  "doubleFaults": 0,
  "doubleFaultPct": 0
}