{
  "totalServePoints": 178,
  "firstServeIn": 113,
  "firstServeInPct": 0.6348314606741573,
  "firstServeWon": 91,
  "firstServeWinPct": 0.8053097345132744,
  "secondServeTotal": 65,
  "secondServeWon": 30,
  "secondServeWinPct": 0.46153846153846156,
  "aces": 20,
  "acePct": 0.11235955056179775,
  "doubleFaults": 0,
  "doubleFaultPct": 0
}