{
  "serveStrengthProfile": [
    0.4293785310734463,
    0.48518379594898725,
    0.4516263552960801,
    0.5006053268765133,
    0.47750865051903113,
    0.4995331465919701,
    0.4887334887334887,
    0.4825174825174825,
    0.48322659347362,
    0.4666666666666667,
    0.48622113887196156,
    0.48152295632698766,
    0.48915839764792357,
    0.4801314381782057,
    0.49901960784313726,
    0.4971862001468069,
    0.5074145712443584,
    0.4790954509597686,
    0.4881079162229322,
    0.49302590378593797,
    0.44972826086956524,
    0.46746286047189045,
    0.46551724137931033,
    0.4964882538144829,
    0.4557449147883452,
    0.4474053295932679,
    0.43454038997214484,
    0.4677819083023544,
    0.4745976796407186,
    0.48101445168603,
    0.43506493506493504,
    0.45893719806763283,
    0.5193050193050193,
    0.45659603554340394,
    0.4613583138173302,
    0.4734939759036145,
    0.4868530307223914,
    0.4637861361516941,
    0.5129032258064516,
    0.5032139577594124,
    0.4906187624750499,
    0.4849553537930517,
    0.4816391697711549,
    0.48376128502755306,
    0.4662004662004662,
    0.4473684210526316,
    0.4858599907278628,
    0.46579804560260585,
    0.49105094079853145,
    0.5171875,
    0.4797799440208474,
    0.46688264938804896,
    0.4671250537172325,
    0.491670873296315,
    0.46746470227133213,
    0.474025974025974,
    0.46017699115044247,
    0.4805764411027569,
    0.45876701361088873,
    0.4654174123591957,
    0.49625935162094764,
    0.49002849002849,
    0.4891509433962264,
    0.45077105575326215,
    0.47862400906002267,
    0.45716835217132656,
    0.46466431095406363,
    0.4983575143717492,
    0.4972451790633609,
    0.46764860599684377,
    0.47633530224959153,
    0.4861952861952862,
    0.546875,
    0.4751552795031056,
    0.5190875232774674,
    0.4859986504723347,
    0.4492244659057653,
    0.4758803666184274,
    0.48924288199212673,
    0.48870276587456174,
    0.4842895442359249,
    0.4979571499750872,
    0.4666666666666667,
    0.4621212121212121,
    0.4691035683202785,
    0.4869621903520209,
    0.4691075514874142,
    0.4957153985977668,
    0.4855305466237942,
    0.5153508771929824,
    0.4642857142857143,
    0.4866666666666667,
    0.49282296650717705,
    0.4984375
  ],
  "servePlusOneAdvantage": [
    0.031212962267548126,
    0.00296795107345207,
    0.026200132276345548,
    0.0016724083081355447,
    0.005022770211623145,
    0.027126959715031713,
    -0.011452981624397163,
    0.019628151018703927,
    0.017679468288933558,
    0.006808393185335085,
    0.009789410732698269,
    0.002553764665116594,
    -0.009184953770969515,
    -0.0011997864276411107,
    0.004899356329056071,
    -0.004405316353548237,
    0.019141536407398754,
    0.02547582824618115,
    0.0139712796150959,
    0.011606034566044993,
    0.013594317926948062,
    0.021650966411502,
    0.023865910715952718,
    -0.004590532612051679,
    0.026485673854517063,
    0.012331971302314603,
    -0.03751044689094479,
    -0.0022328582931224225,
    0.004768593021197638,
    0.0075841373090244305,
    0.010732958284442264,
    -0.009703672943305425,
    -0.016077391125238705,
    0.02549684158285196,
    0.01775191288578203,
    0.022467472640255868,
    0.006055312828182677,
    -0.006171322892886118,
    0.0247306819292849,
    0.027416615722179318,
    0.026758669078208393,
    0.02417268886682654,
    -0.009633036638374387,
    -0.01709435690384897,
    0.022960606329021777,
    0.017140600549774287,
    0.02415381425504892,
    0.005700737215531843,
    0.02431077463251474,
    -0.004651273442268282,
    0.01877420594288361,
    0.025613412918919085,
    -0.001890310648069986,
    0.006235170891017524,
    0.025130733458259273,
    0.007216949193821423,
    0.02495586785124786,
    0.009430996777266379,
    0.02500363585380562,
    -0.00821075470706834,
    0.009862682238922187,
    0.013912656789387783,
    0.016594837326076493,
    0.028959617655860706,
    0.02513861535757435,
    0.02432773976395728,
    0.006000588832038211,
    -0.0059914018105439865,
    0.011144288810986669,
    0.007794387969260773,
    -0.010386139607434114,
    -0.008529028854613787,
    -0.01747055902794294
  ],
  "defensiveProblemSolving": [
    -0.09893270802224557,
    -0.11607567935513569,
    -0.11469027388311871,
    -0.12090164201662498,
    -0.12085936477710206,
    -0.10739512170065038,
    -0.13214620724060205,
    -0.13349258411292172,
    -0.16668737815064721,
    -0.12743219052525626,
    -0.10465385791562709,
    -0.12127517339746335,
    -0.1159697259180099,
    -0.14489295688904674,
    -0.1383045056931274,
    -0.156316522496134,
    -0.10843059312638036,
    -0.11408689229602134,
    -0.009887752922943919,
    -0.11301401372176166,
    -0.14900437174850178,
    -0.126175113223873,
    -0.1057629068855866,
    -0.1077755385021848,
    -0.1232803210060037,
    -0.0942246533700273,
    -0.10753154402936589,
    -0.10317340256320634,
    -0.1261552013380737,
    -0.1581407136607012,
    -0.09876690376908025,
    -0.0950495873489741,
    -0.167974043028495,
    -0.11927910151482615,
    -0.09982701749389555,
    -0.10347108480388459,
    -0.11058908310534758,
    -0.1313306196191791,
    -0.08317933206197353,
    -0.1138624164902515,
    -0.1449052853181674,
    -0.10705077575555612,
    -0.12601255077018111,
    -0.11151383095292977,
    -0.11404787570107741,
    -0.11008772223906675,
    -0.11412100975097321,
    -0.13564787280330132,
    -0.09454396760115702,
    -0.09756528043192489,
    -0.13653313887551322,
    -0.12377730932114224,
    -0.10119214792023272,
    -0.11542753664128168,
    -0.16409289306023805,
    -0.16172891824212662,
    -0.14161092178987658,
    -0.14151523146458525,
    -0.12097766742066965,
    -0.11083174029699525,
    -0.11856767628815588,
    -0.08444712574326933
  ],
  "finishingConversion": [
    0.09862852845386044,
    0.07622711511800487,
    0.06016418205178807,
    0.10883543864729622,
    0.09724444501210265,
    0.12390736346121181,
    0.08219384874700955,
    0.023618721634661822,
    0.0715188693557743,
    0.09582410529813601,
    0.10123499201897716,
    0.08615450151014442,
    0.09676406346235812,
    0.08238545449045932,
    0.029078838299958075,
    0.04876569857450927,
    0.11182605919339617,
    0.08453054113296476,
    0.14142405539917885,
    0.09054639543255455,
    0.09272744619990055,
    0.09305285667685767,
    0.08621078961411806,
    0.09962366679791941,
    0.11330421953591897,
    0.10001593730837334,
    0.09078172703309202,
    0.09073096983783156,
    0.11873026846457867,
    0.10605773686450382,
    0.057880239228103626,
    0.1041569335996321,
    0.10564305029765284,
    0.14744373269097635,
    0.11874882713532406,
    0.09933442134528526,
    0.09916894115832274
  ],