{
  "totalServePoints": 817,
  "firstServeIn": 501,
  "firstServeInPct": 0.6132190942472461,
  "firstServeWon": 396,
  "firstServeWinPct": 0.7904191616766467,
  "secondServeTotal": 316,
  "secondServeWon": 142,
  "secondServeWinPct": 0.44936708860759494,
  "aces": 144,
  "acePct": 0.1762545899632803,
  "doubleFaults": 0,
  "doubleFaultPct": 0
}