{
  "wins": [],
  "losses": [
    {
      "shotType": "BACKHAND",
      "total": 38,
      "winnerRate": 0.39473684210526316,
      "adjustedEffectiveness": -0.03615746683782628
    },
    {
      "shotType": "BACKHAND_SLICE",
      "total": 18,
      "winnerRate": 0.2222222222222222,
      "adjustedEffectiveness": -0.20867208672086723
    },
    {
      "shotType": "FOREHAND",
      "total": 91,
      "winnerRate": 0.34065934065934067,
      "adjustedEffectiveness": -0.09023496828374877
    },
    {
      "shotType": "SERVE",
      "total": 61,
      "winnerRate": 0.45901639344262296,
      "adjustedEffectiveness": 0.028122084499533517
    }
  ]
}