{
  "totalServePoints": 67,
  "firstServeIn": 45,
  "firstServeInPct": 0.6716417910447762,
  "firstServeWon": 17,
  "firstServeWinPct": 0.37777777777777777,
  "secondServeTotal": 22,
  "secondServeWon": 5,
  "secondServeWinPct": 0.22727272727272727,
  "aces": 2,
  "acePct": 0.029850746268656716,
  "doubleFaults": 0,
  "doubleFaultPct": 0
}