{
  "totalServePoints": 1118,
  "firstServeIn": 729,
  "firstServeInPct": 0.6520572450805009,
  "firstServeWon": 523,
  "firstServeWinPct": 0.7174211248285323,
  "secondServeTotal": 389,
  "secondServeWon": 179,
  "secondServeWinPct": 0.4601542416452442,
  "aces": 128,
  "acePct": 0.11449016100178891,
  "doubleFaults": 0,
  "doubleFaultPct": 0
}