{
  "totalServePoints": 734,
  "firstServeIn": 480,
  "firstServeInPct": 0.6539509536784741,
  "firstServeWon": 313,
  "firstServeWinPct": 0.6520833333333333,
  "secondServeTotal": 254,
  "secondServeWon": 136,
  "secondServeWinPct": 0.5354330708661418,
  "aces": 26,
  "acePct": 0.035422343324250684,
  "doubleFaults": 0,
  "doubleFaultPct": 0
}