{
  "winning": [
    {
      "sequence": [
        "BACKHAND_LEFT",
        "BACKHAND_LEFT"
      ],
      "total": 16,
      "winnerRate": 0.6875,
      "uplift": 0.23860220440881763,
      "rankScore": 0.6615457810454387
    },
    {
      "sequence": [
        "FOREHAND_LEFT",
        "BACKHAND_LEFT"
      ],
      "total": 25,
      "winnerRate": 0.48,
      "uplift": 0.031102204408817613,
      "rankScore": 0.10011413387165218
    },
    {
      "sequence": [
        "FOREHAND_RIGHT",
        "FOREHAND_CENTER"
      ],
      "total": 17,
      "winnerRate": 0.47058823529411764,
      "uplift": 0.02169043970293527,
      "rankScore": 0.06145364320480296
    },
    {
      "sequence": [
        "FOREHAND_RIGHT",
        "FOREHAND_RIGHT"
      ],
      "total": 26,
      "winnerRate": 0.46153846153846156,
      "uplift": 0.012640665947279195,
      "rankScore": 0.04118450996111638
    }
  ],
  "losing": []
}