{
  "totalServePoints": 239,
  "firstServeIn": 132,
  "firstServeInPct": 0.5523012552301255,
  "firstServeWon": 93,
  "firstServeWinPct": 0.7045454545454546,
  "secondServeTotal": 107,
  "secondServeWon": 61,
  "secondServeWinPct": 0.5700934579439252,
  "aces": 13,
  "acePct": 0.05439330543933055,
  "doubleFaults": 0,
  "doubleFaultPct": 0
}