{
  "winning": [
    {
      "sequence": [
        "FOREHAND_LEFT",
        "BACKHAND_LEFT"
      ],
      "total": 16,
      "winnerRate": 0.6875,
      "uplift": 0.301453488372093,
      "rankScore": 0.8358065421403061
    },
    {
      "sequence": [
        "FOREHAND_RIGHT",
        "FOREHAND_RIGHT"
      ],
      "total": 15,
      "winnerRate": 0.6666666666666666,
      "uplift": 0.28062015503875964,
      "rankScore": 0.7599334672860464
    },
    {
      "sequence": [
        "BACKHAND_CENTER",
        "FOREHAND_RIGHT"
      ],
      "total": 17,
      "winnerRate": 0.5294117647058824,
      "uplift": 0.14336525307797537,
      "rankScore": 0.40618434809451637
    },
    {
      "sequence": [
        "BACKHAND_LEFT",
        "BACKHAND_LEFT"
      ],
      "total": 40,
      "winnerRate": 0.475,
      "uplift": 0.08895348837209299,
      "rankScore": 0.32813869562757675
    }
  ],
  "losing": [
    {
      "sequence": [
        "BACKHAND_CENTER",
        "BACKHAND_LEFT"
      ],
      "total": 15,
      "winnerRate": 0.3333333333333333,
      "uplift": -0.05271317829457367,
      "rankScore": -0.1427499330813569
    }
  ]
}