{
  "totalServePoints": 1184,
  "firstServeIn": 754,
  "firstServeInPct": 0.6368243243243243,
  "firstServeWon": 542,
  "firstServeWinPct": 0.7188328912466844,
  "secondServeTotal": 430,
  "secondServeWon": 184,
  "secondServeWinPct": 0.42790697674418604,
  "aces": 131,
  "acePct": 0.11064189189189189,
  "doubleFaults": 0,
  "doubleFaultPct": 0
}