{
  "totalServePoints": 93,
  "firstServeIn": 62,
  "firstServeInPct": 0.6666666666666666,
  "firstServeWon": 39,
  "firstServeWinPct": 0.6290322580645161,
  "secondServeTotal": 31,
  "secondServeWon": 17,
  "secondServeWinPct": 0.5483870967741935,
  "aces": 6,
  "acePct": 0.06451612903225806,
  "doubleFaults": 0,
  "doubleFaultPct": 0
}