{
  "wins": [],
  "losses": [
    {
      "shotType": "FOREHAND",
      "total": 29,
      "winnerRate": 0.41379310344827586,
      "adjustedEffectiveness": 0.09087643678160917
    },
    {
      "shotType": "SERVE",
      "total": 48,
      "winnerRate": 0.4166666666666667,
      "adjustedEffectiveness": 0.09375
    }
  ]
}