{
  "winning": [
    {
      "sequence": [
        "FOREHAND_RIGHT",
        "FOREHAND_RIGHT"
      ],
      "total": 15,
      "winnerRate": 0.6666666666666666,
      "uplift": 0.20865139949109412,
      "rankScore": 0.565038464352115
    },
    {
      "sequence": [
        "FOREHAND_LEFT",
        "BACKHAND_LEFT"
      ],
      "total": 15,
      "winnerRate": 0.6,
      "uplift": 0.14198473282442747,
      "rankScore": 0.3845017842786344
    }
  ],
  "losing": []
}