{
  "totalServePoints": 186,
  "firstServeIn": 104,
  "firstServeInPct": 0.5591397849462365,
  "firstServeWon": 77,
  "firstServeWinPct": 0.7403846153846154,
  "secondServeTotal": 82,
  "secondServeWon": 48,
  "secondServeWinPct": 0.5853658536585366,
  "aces": 11,
  "acePct": 0.05913978494623656,
  "doubleFaults": 0,
  "doubleFaultPct": 0
}