{
  "totalServePoints": 540,
  "firstServeIn": 336,
  "firstServeInPct": 0.6222222222222222,
  "firstServeWon": 215,
  "firstServeWinPct": 0.6398809523809523,
  "secondServeTotal": 204,
  "secondServeWon": 112,
  "secondServeWinPct": 0.5490196078431373,
  "aces": 31,
  "acePct": 0.05740740740740741,
  "doubleFaults": 0,
  "doubleFaultPct": 0
}