{
  "totalServePoints": 254,
  "firstServeIn": 163,
  "firstServeInPct": 0.6417322834645669,
  "firstServeWon": 94,
  "firstServeWinPct": 0.5766871165644172,
  "secondServeTotal": 91,
  "secondServeWon": 44,
  "secondServeWinPct": 0.4835164835164835,
  "aces": 8,
  "acePct": 0.031496062992125984,
  "doubleFaults": 0,
  "doubleFaultPct": 0
}