{
  "totalServePoints": 1532,
  "firstServeIn": 998,
  "firstServeInPct": 0.6514360313315927,
  "firstServeWon": 699,
  "firstServeWinPct": 0.7004008016032064,
  "secondServeTotal": 534,
  "secondServeWon": 245,
  "secondServeWinPct": 0.45880149812734083,
  "aces": 99,
  "acePct": 0.06462140992167102,
  "doubleFaults": 0,
  "doubleFaultPct": 0
}