{
  "winning": [],
  "losing": [
    {
      "sequence": [
        "FOREHAND_LEFT",
        "BACKHAND_LEFT"
      ],
      "total": 26,
      "winnerRate": 0.23076923076923078,
      "uplift": -0.1607519662382505,
      "rankScore": -0.5237454246809902
    },
    {
      "sequence": [
        "FOREHAND_RIGHT",
        "FOREHAND_RIGHT"
      ],
      "total": 22,
      "winnerRate": 0.22727272727272727,
      "uplift": -0.16424846973475402,
      "rankScore": -0.5076989928492632
    },
    {
      "sequence": [
        "BACKHAND_LEFT",
        "BACKHAND_CENTER"
      ],
      "total": 15,
      "winnerRate": 0.26666666666666666,
      "uplift": -0.12485453034081462,
      "rankScore": -0.33811233599796503
    },
    {
      "sequence": [
        "FOREHAND_LEFT",
        "BACKHAND_CENTER"
      ],
      "total": 18,
      "winnerRate": 0.2777777777777778,
      "uplift": -0.11374341922970349,
      "rankScore": -0.32876076658807846
    }
  ]
}