{
  "totalServePoints": 202,
  "firstServeIn": 132,
  "firstServeInPct": 0.6534653465346535,
  "firstServeWon": 75,
  "firstServeWinPct": 0.5681818181818182,
  "secondServeTotal": 70,
  "secondServeWon": 26,
  "secondServeWinPct": 0.37142857142857144,
  "aces": 4,
  "acePct": 0.019801980198019802,
  "doubleFaults": 0,
  "doubleFaultPct": 0
}