{
  "totalServePoints": 52,
  "firstServeIn": 31,
  "firstServeInPct": 0.5961538461538461,
  "firstServeWon": 18,
  "firstServeWinPct": 0.5806451612903226,
  "secondServeTotal": 21,
  "secondServeWon": 5,
  "secondServeWinPct": 0.23809523809523808,
  "aces": 1,
  "acePct": 0.019230769230769232,
  "doubleFaults": 0,
  "doubleFaultPct": 0
}