{
  "wins": [],
  "losses": [
    {
      "shotType": "BACKHAND",
      "total": 96,
      "winnerRate": 0.3645833333333333,
      "adjustedEffectiveness": -0.03037464985994398
    },
    {
      "shotType": "BACKHAND_SLICE",
      "total": 66,
      "winnerRate": 0.30303030303030304,
      "adjustedEffectiveness": -0.09192768016297426
    },
    {
      "shotType": "FOREHAND",
      "total": 150,
      "winnerRate": 0.4,
      "adjustedEffectiveness": 0.005042016806722727
    },
    {
      "shotType": "SERVE",
      "total": 178,
      "winnerRate": 0.4550561797752809,
      "adjustedEffectiveness": 0.060098196582003605
    }
  ]
}