{
  "winning": [
    {
      "sequence": [
        "FOREHAND_LEFT",
        "FOREHAND_LEFT"
      ],
      "total": 15,
      "winnerRate": 0.4666666666666667,
      "uplift": 0.07170868347338938,
      "rankScore": 0.19419071470088684
    }
  ],
  "losing": [
    {
      "sequence": [
        "FOREHAND_RIGHT",
        "BACKHAND_CENTER"
      ],
      "total": 16,
      "winnerRate": 0.3125,
      "uplift": -0.0824579831932773,
      "rankScore": -0.22862207426031805
    }
  ]
}