{
  "totalServePoints": 169,
  "firstServeIn": 103,
  "firstServeInPct": 0.6094674556213018,
  "firstServeWon": 73,
  "firstServeWinPct": 0.7087378640776699,
  "secondServeTotal": 66,
  "secondServeWon": 37,
  "secondServeWinPct": 0.5606060606060606,
  "aces": 7,
  "acePct": 0.04142011834319527,
  "doubleFaults": 0,
  "doubleFaultPct": 0
}