{
  "totalServePoints": 12307,
  "firstServeIn": 7356,
  "firstServeInPct": 0.5977086211099374,
  "firstServeWon": 5379,
  "firstServeWinPct": 0.7312398042414355,
  "secondServeTotal": 4951,
  "secondServeWon": 2422,
  "secondServeWinPct": 0.48919410220157544,
  "aces": 988,
  "acePct": 0.0802795157227594,
  "doubleFaults": 0,
  "doubleFaultPct": 0
}