{
  "winning": [],
  "losing": [
    {
      "sequence": [
        "T",
        "FOREHAND_SLICE_CENTER"
      ],
      "total": 16,
      "winnerRate": 0.1875,
      "uplift": -0.132172131147541,
      "rankScore": -0.3664589602140695
    }
  ]
}