{
  "totalServePoints": 501,
  "firstServeIn": 349,
  "firstServeInPct": 0.6966067864271457,
  "firstServeWon": 258,
  "firstServeWinPct": 0.7392550143266475,
  "secondServeTotal": 152,
  "secondServeWon": 74,
  "secondServeWinPct": 0.4868421052631579,
  "aces": 55,
  "acePct": 0.10978043912175649,
  "doubleFaults": 0,
  "doubleFaultPct": 0
}