{
  "totalServePoints": 2705,
  "firstServeIn": 1607,
  "firstServeInPct": 0.5940850277264326,
  "firstServeWon": 1151,
  "firstServeWinPct": 0.716241443683883,
  "secondServeTotal": 1098,
  "secondServeWon": 601,
  "secondServeWinPct": 0.5473588342440802,
  "aces": 189,
  "acePct": 0.06987060998151572,
  "doubleFaults": 0,
  "doubleFaultPct": 0
}