{
  "totalServePoints": 359,
  "firstServeIn": 216,
  "firstServeInPct": 0.6016713091922006,
  "firstServeWon": 158,
  "firstServeWinPct": 0.7314814814814815,
  "secondServeTotal": 143,
  "secondServeWon": 62,
  "secondServeWinPct": 0.43356643356643354,
  "aces": 33,
  "acePct": 0.09192200557103064,
  "doubleFaults": 0,
  "doubleFaultPct": 0
}