{
  "totalServePoints": 8175,
  "firstServeIn": 5066,
  "firstServeInPct": 0.6196941896024465,
  "firstServeWon": 3653,
  "firstServeWinPct": 0.7210817212791156,
  "secondServeTotal": 3109,
  "secondServeWon": 1629,
  "secondServeWinPct": 0.5239626889675136,
  "aces": 600,
  "acePct": 0.07339449541284404,
  "doubleFaults": 0,
  "doubleFaultPct": 0
}