{
  "totalServePoints": 2408,
  "firstServeIn": 1453,
  "firstServeInPct": 0.603405315614618,
  "firstServeWon": 974,
  "firstServeWinPct": 0.6703372333103923,
  "secondServeTotal": 955,
  "secondServeWon": 474,
  "secondServeWinPct": 0.4963350785340314,
  "aces": 106,
  "acePct": 0.04401993355481727,
  "doubleFaults": 0,
  "doubleFaultPct": 0
}