{
  "wins": [],
  "losses": [
    {
      "shotType": "BACKHAND",
      "total": 27,
      "winnerRate": 0.37037037037037035,
      "adjustedEffectiveness": -0.10105820105820107
    },
    {
      "shotType": "FOREHAND",
      "total": 58,
      "winnerRate": 0.5517241379310345,
      "adjustedEffectiveness": 0.08029556650246306
    },
    {
      "shotType": "SERVE",
      "total": 35,
      "winnerRate": 0.5142857142857142,
      "adjustedEffectiveness": 0.042857142857142816
    }
  ]
}