{
  "totalServePoints": 739,
  "firstServeIn": 403,
  "firstServeInPct": 0.5453315290933695,
  "firstServeWon": 296,
  "firstServeWinPct": 0.7344913151364765,
  "secondServeTotal": 336,
  "secondServeWon": 182,
  "secondServeWinPct": 0.5416666666666666,
  "aces": 50,
  "acePct": 0.06765899864682003,
  "doubleFaults": 0,
  "doubleFaultPct": 0
}