{
  "wins": [],
  "losses": [
    {
      "shotType": "BACKHAND",
      "total": 53,
      "winnerRate": 0.33962264150943394,
      "adjustedEffectiveness": -0.032470381746380006
    },
    {
      "shotType": "BACKHAND_SLICE",
      "total": 22,
      "winnerRate": 0.3181818181818182,
      "adjustedEffectiveness": -0.05391120507399577
    },
    {
      "shotType": "FOREHAND",
      "total": 83,
      "winnerRate": 0.3493975903614458,
      "adjustedEffectiveness": -0.02269543289436815
    },
    {
      "shotType": "SERVE",
      "total": 86,
      "winnerRate": 0.45348837209302323,
      "adjustedEffectiveness": 0.08139534883720928
    }
  ]
}