{
  "totalServePoints": 5221,
  "firstServeIn": 3626,
  "firstServeInPct": 0.6945029687799272,
  "firstServeWon": 2790,
  "firstServeWinPct": 0.7694429123000551,
  "secondServeTotal": 1595,
  "secondServeWon": 854,
  "secondServeWinPct": 0.535423197492163,
  "aces": 1069,
  "acePct": 0.20475004788354723,
  "doubleFaults": 0,
  "doubleFaultPct": 0
}