{
  "totalServePoints": 566,
  "firstServeIn": 377,
  "firstServeInPct": 0.666077738515901,
  "firstServeWon": 241,
  "firstServeWinPct": 0.6392572944297082,
  "secondServeTotal": 189,
  "secondServeWon": 81,
  "secondServeWinPct": 0.42857142857142855,
  "aces": 10,
  "acePct": 0.0176678445229682,
  "doubleFaults": 0,
  "doubleFaultPct": 0
}