{
  "wins": [],
  "losses": [
    {
      "shotType": "BACKHAND",
      "total": 37,
      "winnerRate": 0.24324324324324326,
      "adjustedEffectiveness": -0.17611159546643418
    },
    {
      "shotType": "FOREHAND",
      "total": 58,
      "winnerRate": 0.43103448275862066,
      "adjustedEffectiveness": 0.011679644048943227
    },
    {
      "shotType": "SERVE",
      "total": 46,
      "winnerRate": 0.45652173913043476,
      "adjustedEffectiveness": 0.03716690042075732
    }
  ]
}