{
  "totalServePoints": 168,
  "firstServeIn": 109,
  "firstServeInPct": 0.6488095238095238,
  "firstServeWon": 84,
  "firstServeWinPct": 0.7706422018348624,
  "secondServeTotal": 59,
  "secondServeWon": 32,
  "secondServeWinPct": 0.5423728813559322,
  "aces": 16,
  "acePct": 0.09523809523809523,
  "doubleFaults": 0,
  "doubleFaultPct": 0
}