{
  "wins": [],
  "losses": [
    {
      "shotType": "BACKHAND",
      "total": 35,
      "winnerRate": 0.17142857142857143,
      "adjustedEffectiveness": -0.2403361344537815
    },
    {
      "shotType": "FOREHAND",
      "total": 34,
      "winnerRate": 0.2647058823529412,
      "adjustedEffectiveness": -0.14705882352941174
    },
    {
      "shotType": "SERVE",
      "total": 59,
      "winnerRate": 0.5423728813559322,
      "adjustedEffectiveness": 0.13060817547357928
    }
  ]
}