{
  "totalServePoints": 69,
  "firstServeIn": 33,
  "firstServeInPct": 0.4782608695652174,
  "firstServeWon": 19,
  "firstServeWinPct": 0.5757575757575758,
  "secondServeTotal": 36,
  "secondServeWon": 19,
  "secondServeWinPct": 0.5277777777777778,
  "aces": 1,
  "acePct": 0.014492753623188406,
  "doubleFaults": 0,
  "doubleFaultPct": 0
}