{
  "wins": [
    {
      "shotType": "BACKHAND",
      "total": 45,
      "winnerRate": 0.26666666666666666,
      "adjustedEffectiveness": -0.16190476190476188
    },
    {
      "shotType": "FOREHAND",
      "total": 66,
      "winnerRate": 0.5,
      "adjustedEffectiveness": 0.07142857142857145
    },
    {
      "shotType": "SERVE",
      "total": 60,
      "winnerRate": 0.4666666666666667,
      "adjustedEffectiveness": 0.038095238095238126
    }
  ],
  "losses": []
}