{
  "totalServePoints": 9297,
  "firstServeIn": 6161,
  "firstServeInPct": 0.6626868882435194,
  "firstServeWon": 4331,
  "firstServeWinPct": 0.7029702970297029,
  "secondServeTotal": 3136,
  "secondServeWon": 1682,
  "secondServeWinPct": 0.5363520408163265,
  "aces": 465,
  "acePct": 0.0500161342368506,
  "doubleFaults": 0,
  "doubleFaultPct": 0
}