{
  "totalServePoints": 528,
  "firstServeIn": 335,
  "firstServeInPct": 0.634469696969697,
  "firstServeWon": 240,
  "firstServeWinPct": 0.7164179104477612,
  "secondServeTotal": 193,
  "secondServeWon": 109,
  "secondServeWinPct": 0.5647668393782384,
  "aces": 30,
  "acePct": 0.056818181818181816,
  "doubleFaults": 0,
  "doubleFaultPct": 0
}