{
  "wins": [
    {
      "shotType": "BACKHAND",
      "total": 32,
      "winnerRate": 0.21875,
      "adjustedEffectiveness": -0.14934815950920244
    },
    {
      "shotType": "BACKHAND_SLICE",
      "total": 15,
      "winnerRate": 0.06666666666666667,
      "adjustedEffectiveness": -0.3014314928425358
    },
    {
      "shotType": "FOREHAND",
      "total": 42,
      "winnerRate": 0.23809523809523808,
      "adjustedEffectiveness": -0.13000292141396436
    },
    {
      "shotType": "SERVE",
      "total": 82,
      "winnerRate": 0.4878048780487805,
      "adjustedEffectiveness": 0.11970671853957804
    }
  ],
  "losses": []
}