{
  "winning": [],
  "losing": [
    {
      "sequence": [
        "BACKHAND_LEFT",
        "BACKHAND_LEFT"
      ],
      "total": 15,
      "winnerRate": 0.3333333333333333,
      "uplift": -0.055771725032425445,
      "rankScore": -0.1510326311898769
    }
  ]
}