{
  "winning": [
    {
      "sequence": [
        "BACKHAND_LEFT_DEEP",
        "BACKHAND_LEFT_DEEP"
      ],
      "total": 20,
      "winnerRate": 0.4,
      "uplift": 0.03384615384615386,
      "rankScore": 0.10139401541259666
    }
  ],
  "losing": [
    {
      "sequence": [
        "BACKHAND_LEFT_BASELINE",
        "BACKHAND_LEFT_DEEP"
      ],
      "total": 18,
      "winnerRate": 0.3333333333333333,
      "uplift": -0.03282051282051285,
      "rankScore": -0.09486348333607933
    }
  ]
}