{
  "wins": [
    {
      "shotType": "BACKHAND",
      "total": 78,
      "winnerRate": 0.358974358974359,
      "adjustedEffectiveness": -0.09415064102564102
    },
    {
      "shotType": "FOREHAND",
      "total": 79,
      "winnerRate": 0.22784810126582278,
      "adjustedEffectiveness": -0.22527689873417722
    },
    {
      "shotType": "SERVE",
      "total": 64,
      "winnerRate": 0.53125,
      "adjustedEffectiveness": 0.078125
    }
  ],
  "losses": []
}