{
  "totalServePoints": 77,
  "firstServeIn": 51,
  "firstServeInPct": 0.6623376623376623,
  "firstServeWon": 29,
  "firstServeWinPct": 0.5686274509803921,
  "secondServeTotal": 26,
  "secondServeWon": 9,
  "secondServeWinPct": 0.34615384615384615,
  "aces": 5,
  "acePct": 0.06493506493506493,
  "doubleFaults": 0,
  "doubleFaultPct": 0
}