{
  "totalServePoints": 802,
  "firstServeIn": 581,
  "firstServeInPct": 0.7244389027431422,
  "firstServeWon": 350,
  "firstServeWinPct": 0.6024096385542169,
  "secondServeTotal": 221,
  "secondServeWon": 104,
  "secondServeWinPct": 0.47058823529411764,
  "aces": 11,
  "acePct": 0.01371571072319202,
  "doubleFaults": 0,
  "doubleFaultPct": 0
}