{
  "wins": [
    {
      "shotType": "BACKHAND",
      "total": 35,
      "winnerRate": 0.2857142857142857,
      "adjustedEffectiveness": -0.07376283846872084
    },
    {
      "shotType": "BACKHAND_SLICE",
      "total": 24,
      "winnerRate": 0.16666666666666666,
      "adjustedEffectiveness": -0.19281045751633988
    },
    {
      "shotType": "FOREHAND",
      "total": 60,
      "winnerRate": 0.35,
      "adjustedEffectiveness": -0.009477124183006558
    },
    {
      "shotType": "SERVE",
      "total": 77,
      "winnerRate": 0.5324675324675324,
      "adjustedEffectiveness": 0.1729904082845259
    }
  ],
  "losses": []
}