{
  "wins": [
    {
      "shotType": "BACKHAND",
      "total": 112,
      "winnerRate": 0.5,
      "adjustedEffectiveness": 0.1048109965635739
    },
    {
      "shotType": "BACKHAND_SLICE",
      "total": 27,
      "winnerRate": 0.1111111111111111,
      "adjustedEffectiveness": -0.284077892325315
    },
    {
      "shotType": "FOREHAND",
      "total": 129,
      "winnerRate": 0.3953488372093023,
      "adjustedEffectiveness": 0.0001598337728762056
    },
    {
      "shotType": "SERVE",
      "total": 146,
      "winnerRate": 0.4178082191780822,
      "adjustedEffectiveness": 0.022619215741656096
    }
  ],
  "losses": []
}