{
  "totalServePoints": 145,
  "firstServeIn": 81,
  "firstServeInPct": 0.5586206896551724,
  "firstServeWon": 49,
  "firstServeWinPct": 0.6049382716049383,
  "secondServeTotal": 64,
  "secondServeWon": 24,
  "secondServeWinPct": 0.375,
  "aces": 2,
  "acePct": 0.013793103448275862,
  "doubleFaults": 0,
  "doubleFaultPct": 0
}