{
  "totalServePoints": 689,
  "firstServeIn": 431,
  "firstServeInPct": 0.625544267053701,
  "firstServeWon": 315,
  "firstServeWinPct": 0.7308584686774942,
  "secondServeTotal": 258,
  "secondServeWon": 125,
  "secondServeWinPct": 0.4844961240310077,
  "aces": 69,
  "acePct": 0.10014513788098693,
  "doubleFaults": 0,
  "doubleFaultPct": 0
}