{
  "totalServePoints": 1835,
  "firstServeIn": 1196,
  "firstServeInPct": 0.6517711171662125,
  "firstServeWon": 772,
  "firstServeWinPct": 0.6454849498327759,
  "secondServeTotal": 639,
  "secondServeWon": 312,
  "secondServeWinPct": 0.48826291079812206,
  "aces": 55,
  "acePct": 0.02997275204359673,
  "doubleFaults": 0,
  "doubleFaultPct": 0
}