{
  "totalServePoints": 6053,
  "firstServeIn": 3764,
  "firstServeInPct": 0.6218404097141913,
  "firstServeWon": 2677,
  "firstServeWinPct": 0.711211477151966,
  "secondServeTotal": 2289,
  "secondServeWon": 1205,
  "secondServeWinPct": 0.5264307557885539,
  "aces": 370,
  "acePct": 0.06112671402610276,
  "doubleFaults": 0,
  "doubleFaultPct": 0
}