{
  "totalServePoints": 87,
  "firstServeIn": 57,
  "firstServeInPct": 0.6551724137931034,
  "firstServeWon": 45,
  "firstServeWinPct": 0.7894736842105263,
  "secondServeTotal": 30,
  "secondServeWon": 13,
  "secondServeWinPct": 0.43333333333333335,
  "aces": 3,
  "acePct": 0.034482758620689655,
  "doubleFaults": 0,
  "doubleFaultPct": 0
}