{
  "totalServePoints": 114,
  "firstServeIn": 73,
  "firstServeInPct": 0.6403508771929824,
  "firstServeWon": 48,
  "firstServeWinPct": 0.6575342465753424,
  "secondServeTotal": 41,
  "secondServeWon": 16,
  "secondServeWinPct": 0.3902439024390244,
  "aces": 14,
  "acePct": 0.12280701754385964,
  "doubleFaults": 0,
  "doubleFaultPct": 0
}