{
  "wins": [
    {
      "shotType": "BACKHAND",
      "total": 82,
      "winnerRate": 0.35365853658536583,
      "adjustedEffectiveness": -0.0799078969810677
    },
    {
      "shotType": "FOREHAND",
      "total": 89,
      "winnerRate": 0.5056179775280899,
      "adjustedEffectiveness": 0.07205154396165636
    },
    {
      "shotType": "SERVE",
      "total": 72,
      "winnerRate": 0.5138888888888888,
      "adjustedEffectiveness": 0.0803224553224553
    }
  ],
  "losses": []
}