{
  "winning": [
    {
      "sequence": [
        "FOREHAND_CENTER",
        "FOREHAND_CENTER"
      ],
      "total": 20,
      "winnerRate": 0.6,
      "uplift": 0.16643356643356644,
      "rankScore": 0.49859040636772717
    }
  ],
  "losing": [
    {
      "sequence": [
        "FOREHAND_CENTER",
        "BACKHAND_CENTER"
      ],
      "total": 15,
      "winnerRate": 0.26666666666666666,
      "uplift": -0.16689976689976688,
      "rankScore": -0.4519729473168257
    }
  ]
}