{
  "totalServePoints": 1877,
  "firstServeIn": 1119,
  "firstServeInPct": 0.5961640916355887,
  "firstServeWon": 748,
  "firstServeWinPct": 0.6684539767649688,
  "secondServeTotal": 758,
  "secondServeWon": 382,
  "secondServeWinPct": 0.503957783641161,
  "aces": 81,
  "acePct": 0.043153969099627064,
  "doubleFaults": 0,
  "doubleFaultPct": 0
}