{
  "winning": [
    {
      "sequence": [
        "BACKHAND_LEFT",
        "BACKHAND_LEFT"
      ],
      "total": 27,
      "winnerRate": 0.5925925925925926,
      "uplift": 0.2010263275323516,
      "rankScore": 0.6625499813185856
    },
    {
      "sequence": [
        "FOREHAND_RIGHT",
        "FOREHAND_RIGHT"
      ],
      "total": 20,
      "winnerRate": 0.45,
      "uplift": 0.05843373493975906,
      "rankScore": 0.17505182562333568
    },
    {
      "sequence": [
        "FOREHAND_LEFT",
        "BACKHAND_LEFT"
      ],
      "total": 19,
      "winnerRate": 0.42105263157894735,
      "uplift": 0.029486366518706397,
      "rankScore": 0.08682080693166737
    }
  ],
  "losing": []
}