{
  "totalServePoints": 4443,
  "firstServeIn": 2773,
  "firstServeInPct": 0.6241278415485033,
  "firstServeWon": 2008,
  "firstServeWinPct": 0.7241254958528669,
  "secondServeTotal": 1670,
  "secondServeWon": 873,
  "secondServeWinPct": 0.5227544910179641,
  "aces": 286,
  "acePct": 0.06437092054917848,
  "doubleFaults": 0,
  "doubleFaultPct": 0
}