{
  "wins": [],
  "losses": [
    {
      "shotType": "BACKHAND",
      "total": 89,
      "winnerRate": 0.449438202247191,
      "adjustedEffectiveness": 0.03140541536194508
    },
    {
      "shotType": "BACKHAND_SLICE",
      "total": 26,
      "winnerRate": 0.46153846153846156,
      "adjustedEffectiveness": 0.04350567465321564
    },
    {
      "shotType": "FOREHAND",
      "total": 132,
      "winnerRate": 0.3787878787878788,
      "adjustedEffectiveness": -0.03924490809736714
    },
    {
      "shotType": "SERVE",
      "total": 61,
      "winnerRate": 0.47540983606557374,
      "adjustedEffectiveness": 0.05737704918032782
    }
  ]
}