{
  "wins": [
    {
      "shotType": "BACKHAND",
      "total": 109,
      "winnerRate": 0.46788990825688076,
      "adjustedEffectiveness": 0.08575591321965992
    },
    {
      "shotType": "BACKHAND_SLICE",
      "total": 47,
      "winnerRate": 0.3191489361702128,
      "adjustedEffectiveness": -0.06298505886700806
    },
    {
      "shotType": "FOREHAND",
      "total": 163,
      "winnerRate": 0.3987730061349693,
      "adjustedEffectiveness": 0.016639011097748457
    },
    {
      "shotType": "SERVE",
      "total": 202,
      "winnerRate": 0.43564356435643564,
      "adjustedEffectiveness": 0.0535095693192148
    }
  ],
  "losses": []
}