{
  "totalServePoints": 192,
  "firstServeIn": 92,
  "firstServeInPct": 0.4791666666666667,
  "firstServeWon": 71,
  "firstServeWinPct": 0.7717391304347826,
  "secondServeTotal": 100,
  "secondServeWon": 48,
  "secondServeWinPct": 0.48,
  "aces": 16,
  "acePct": 0.08333333333333333,
  "doubleFaults": 0,
  "doubleFaultPct": 0
}