{
  "totalServePoints": 1024,
  "firstServeIn": 745,
  "firstServeInPct": 0.7275390625,
  "firstServeWon": 496,
  "firstServeWinPct": 0.6657718120805369,
  "secondServeTotal": 279,
  "secondServeWon": 138,
  "secondServeWinPct": 0.4946236559139785,
  "aces": 34,
  "acePct": 0.033203125,
  "doubleFaults": 0,
  "doubleFaultPct": 0
}