{
  "winning": [
    {
      "sequence": [
        "BACKHAND_LEFT",
        "BACKHAND_LEFT"
      ],
      "total": 18,
      "winnerRate": 0.5555555555555556,
      "uplift": 0.16666666666666669,
      "rankScore": 0.4817286263160275
    },
    {
      "sequence": [
        "FOREHAND_RIGHT",
        "FOREHAND_RIGHT"
      ],
      "total": 15,
      "winnerRate": 0.4,
      "uplift": 0.011111111111111127,
      "rankScore": 0.03008944667891349
    }
  ],
  "losing": []
}