{
  "winning": [
    {
      "sequence": [
        "FOREHAND_RIGHT",
        "FOREHAND_RIGHT"
      ],
      "total": 19,
      "winnerRate": 0.5789473684210527,
      "uplift": 0.21737712048716834,
      "rankScore": 0.6400536667413782
    }
  ],
  "losing": []
}