{
  "totalServePoints": 257,
  "firstServeIn": 171,
  "firstServeInPct": 0.6653696498054474,
  "firstServeWon": 123,
  "firstServeWinPct": 0.7192982456140351,
  "secondServeTotal": 86,
  "secondServeWon": 40,
  "secondServeWinPct": 0.46511627906976744,
  "aces": 41,
  "acePct": 0.15953307392996108,
  "doubleFaults": 0,
  "doubleFaultPct": 0
}