{
  "totalServePoints": 628,
  "firstServeIn": 416,
  "firstServeInPct": 0.6624203821656051,
  "firstServeWon": 293,
  "firstServeWinPct": 0.7043269230769231,
  "secondServeTotal": 212,
  "secondServeWon": 105,
  "secondServeWinPct": 0.49528301886792453,
  "aces": 32,
  "acePct": 0.050955414012738856,
  "doubleFaults": 0,
  "doubleFaultPct": 0
}