{
  "totalServePoints": 2147,
  "firstServeIn": 1291,
  "firstServeInPct": 0.6013041453190499,
  "firstServeWon": 866,
  "firstServeWinPct": 0.6707978311386522,
  "secondServeTotal": 856,
  "secondServeWon": 390,
  "secondServeWinPct": 0.45560747663551404,
  "aces": 101,
  "acePct": 0.04704238472286912,
  "doubleFaults": 0,
  "doubleFaultPct": 0
}