{
  "totalServePoints": 3889,
  "firstServeIn": 2482,
  "firstServeInPct": 0.6382103368475186,
  "firstServeWon": 1829,
  "firstServeWinPct": 0.7369057211925866,
  "secondServeTotal": 1407,
  "secondServeWon": 759,
  "secondServeWinPct": 0.5394456289978679,
  "aces": 346,
  "acePct": 0.08896888660323991,
  "doubleFaults": 0,
  "doubleFaultPct": 0
}