{
  "totalServePoints": 143,
  "firstServeIn": 95,
  "firstServeInPct": 0.6643356643356644,
  "firstServeWon": 64,
  "firstServeWinPct": 0.6736842105263158,
  "secondServeTotal": 48,
  "secondServeWon": 21,
  "secondServeWinPct": 0.4375,
  "aces": 2,
  "acePct": 0.013986013986013986,
  "doubleFaults": 0,
  "doubleFaultPct": 0
}