{
  "totalServePoints": 1191,
  "firstServeIn": 665,
  "firstServeInPct": 0.5583543240973972,
  "firstServeWon": 423,
  "firstServeWinPct": 0.6360902255639098,
  "secondServeTotal": 526,
  "secondServeWon": 251,
  "secondServeWinPct": 0.47718631178707227,
  "aces": 25,
  "acePct": 0.020990764063811923,
  "doubleFaults": 0,
  "doubleFaultPct": 0
}