{
  "winning": [
    {
      "sequence": [
        "FOREHAND_RIGHT",
        "FOREHAND_RIGHT"
      ],
      "total": 24,
      "winnerRate": 0.5,
      "uplift": 0.10280373831775702,
      "rankScore": 0.3267158143348356
    },
    {
      "sequence": [
        "FOREHAND_RIGHT",
        "FOREHAND_CENTER"
      ],
      "total": 16,
      "winnerRate": 0.4375,
      "uplift": 0.04030373831775702,
      "rankScore": 0.11174569032391644
    },
    {
      "sequence": [
        "BACKHAND_LEFT",
        "BACKHAND_LEFT"
      ],
      "total": 15,
      "winnerRate": 0.4,
      "uplift": 0.002803738317757043,
      "rankScore": 0.007592664115239932
    },
    {
      "sequence": [
        "FOREHAND_LEFT",
        "BACKHAND_SLICE_LEFT"
      ],
      "total": 15,
      "winnerRate": 0.4,
      "uplift": 0.002803738317757043,
      "rankScore": 0.007592664115239932
    }
  ],
  "losing": [
    {
      "sequence": [
        "FOREHAND_LEFT",
        "BACKHAND_LEFT"
      ],
      "total": 21,
      "winnerRate": 0.23809523809523808,
      "uplift": -0.1591010235870049,
      "rankScore": -0.48438663617539995
    }
  ]
}