{
  "totalServePoints": 773,
  "firstServeIn": 475,
  "firstServeInPct": 0.6144890038809832,
  "firstServeWon": 370,
  "firstServeWinPct": 0.7789473684210526,
  "secondServeTotal": 298,
  "secondServeWon": 169,
  "secondServeWinPct": 0.5671140939597316,
  "aces": 85,
  "acePct": 0.10996119016817593,
  "doubleFaults": 0,
  "doubleFaultPct": 0
}