{
  "totalServePoints": 520,
  "firstServeIn": 285,
  "firstServeInPct": 0.5480769230769231,
  "firstServeWon": 203,
  "firstServeWinPct": 0.712280701754386,
  "secondServeTotal": 235,
  "secondServeWon": 120,
  "secondServeWinPct": 0.5106382978723404,
  "aces": 36,
  "acePct": 0.06923076923076923,
  "doubleFaults": 0,
  "doubleFaultPct": 0
}