{
  "totalServePoints": 852,
  "firstServeIn": 573,
  "firstServeInPct": 0.6725352112676056,
  "firstServeWon": 341,
  "firstServeWinPct": 0.5951134380453752,
  "secondServeTotal": 279,
  "secondServeWon": 126,
  "secondServeWinPct": 0.45161290322580644,
  "aces": 19,
  "acePct": 0.022300469483568074,
  "doubleFaults": 0,
  "doubleFaultPct": 0
}