{
  "wins": [],
  "losses": [
    {
      "shotType": "BACKHAND",
      "total": 21,
      "winnerRate": 0.14285714285714285,
      "adjustedEffectiveness": -0.27380952380952384
    },
    {
      "shotType": "FOREHAND",
      "total": 28,
      "winnerRate": 0.39285714285714285,
      "adjustedEffectiveness": -0.023809523809523836
    },
    {
      "shotType": "SERVE",
      "total": 48,
      "winnerRate": 0.5416666666666666,
      "adjustedEffectiveness": 0.12499999999999994
    }
  ]
}