{
  "totalServePoints": 115,
  "firstServeIn": 84,
  "firstServeInPct": 0.7304347826086957,
  "firstServeWon": 55,
  "firstServeWinPct": 0.6547619047619048,
  "secondServeTotal": 31,
  "secondServeWon": 14,
  "secondServeWinPct": 0.45161290322580644,
  "aces": 5,
  "acePct": 0.043478260869565216,
  "doubleFaults": 0,
  "doubleFaultPct": 0
}