{
  "totalServePoints": 97,
  "firstServeIn": 56,
  "firstServeInPct": 0.5773195876288659,
  "firstServeWon": 35,
  "firstServeWinPct": 0.625,
  "secondServeTotal": 41,
  "secondServeWon": 22,
  "secondServeWinPct": 0.5365853658536586,
  "aces": 1,
  "acePct": 0.010309278350515464,
  "doubleFaults": 0,
  "doubleFaultPct": 0
}