{
  "wins": [
    {
      "shotType": "FOREHAND",
      "total": 20,
      "winnerRate": 0.4,
      "adjustedEffectiveness": -0.04144144144144141
    },
    {
      "shotType": "SERVE",
      "total": 56,
      "winnerRate": 0.5178571428571429,
      "adjustedEffectiveness": 0.07641570141570148
    }
  ],
  "losses": []
}