{
  "totalServePoints": 448,
  "firstServeIn": 275,
  "firstServeInPct": 0.6138392857142857,
  "firstServeWon": 187,
  "firstServeWinPct": 0.68,
  "secondServeTotal": 173,
  "secondServeWon": 77,
  "secondServeWinPct": 0.44508670520231214,
  "aces": 15,
  "acePct": 0.033482142857142856,
  "doubleFaults": 0,
  "doubleFaultPct": 0
}