{
  "totalServePoints": 211,
  "firstServeIn": 124,
  "firstServeInPct": 0.5876777251184834,
  "firstServeWon": 92,
  "firstServeWinPct": 0.7419354838709677,
  "secondServeTotal": 87,
  "secondServeWon": 49,
  "secondServeWinPct": 0.5632183908045977,
  "aces": 20,
  "acePct": 0.0947867298578199,
  "doubleFaults": 0,
  "doubleFaultPct": 0
}