{
  "totalServePoints": 527,
  "firstServeIn": 320,
  "firstServeInPct": 0.6072106261859582,
  "firstServeWon": 228,
  "firstServeWinPct": 0.7125,
  "secondServeTotal": 207,
  "secondServeWon": 105,
  "secondServeWinPct": 0.5072463768115942,
  "aces": 36,
  "acePct": 0.0683111954459203,
  "doubleFaults": 0,
  "doubleFaultPct": 0
}