{
  "totalServePoints": 14723,
  "firstServeIn": 9116,
  "firstServeInPct": 0.6191672892752835,
  "firstServeWon": 6550,
  "firstServeWinPct": 0.7185168933742869,
  "secondServeTotal": 5607,
  "secondServeWon": 2950,
  "secondServeWinPct": 0.5261280542179418,
  "aces": 1022,
  "acePct": 0.06941520070637777,
  "doubleFaults": 0,
  "doubleFaultPct": 0
}