{
  "wins": [],
  "losses": [
    {
      "shotType": "BACKHAND",
      "total": 25,
      "winnerRate": 0.28,
      "adjustedEffectiveness": -0.10383838383838379
    },
    {
      "shotType": "FOREHAND",
      "total": 33,
      "winnerRate": 0.21212121212121213,
      "adjustedEffectiveness": -0.17171717171717168
    },
    {
      "shotType": "SERVE",
      "total": 49,
      "winnerRate": 0.4897959183673469,
      "adjustedEffectiveness": 0.10595753452896312
    }
  ]
}