{
  "totalServePoints": 3856,
  "firstServeIn": 2316,
  "firstServeInPct": 0.6006224066390041,
  "firstServeWon": 1601,
  "firstServeWinPct": 0.6912780656303973,
  "secondServeTotal": 1540,
  "secondServeWon": 783,
  "secondServeWinPct": 0.5084415584415585,
  "aces": 250,
  "acePct": 0.06483402489626557,
  "doubleFaults": 0,
  "doubleFaultPct": 0
}