{
  "totalServePoints": 527,
  "firstServeIn": 340,
  "firstServeInPct": 0.6451612903225806,
  "firstServeWon": 221,
  "firstServeWinPct": 0.65,
  "secondServeTotal": 187,
  "secondServeWon": 84,
  "secondServeWinPct": 0.44919786096256686,
  "aces": 31,
  "acePct": 0.058823529411764705,
  "doubleFaults": 0,
  "doubleFaultPct": 0
}