{
  "wins": [],
  "losses": [
    {
      "shotType": "BACKHAND",
      "total": 117,
      "winnerRate": 0.28205128205128205,
      "adjustedEffectiveness": -0.10618401206636502
    },
    {
      "shotType": "BACKHAND_SLICE",
      "total": 61,
      "winnerRate": 0.2459016393442623,
      "adjustedEffectiveness": -0.14233365477338478
    },
    {
      "shotType": "FOREHAND",
      "total": 157,
      "winnerRate": 0.33121019108280253,
      "adjustedEffectiveness": -0.05702510303484454
    },
    {
      "shotType": "SERVE",
      "total": 212,
      "winnerRate": 0.5330188679245284,
      "adjustedEffectiveness": 0.14478357380688128
    }
  ]
}