{
  "winning": [
    {
      "sequence": [
        "FOREHAND_RIGHT",
        "FOREHAND_RIGHT"
      ],
      "total": 19,
      "winnerRate": 0.42105263157894735,
      "uplift": 0.03281733746130028,
      "rankScore": 0.09662864761351157
    }
  ],
  "losing": [
    {
      "sequence": [
        "BACKHAND_LEFT",
        "BACKHAND_LEFT"
      ],
      "total": 20,
      "winnerRate": 0.15,
      "uplift": -0.23823529411764707,
      "rankScore": -0.7136891592878626
    },
    {
      "sequence": [
        "FOREHAND_LEFT",
        "BACKHAND_CENTER"
      ],
      "total": 15,
      "winnerRate": 0.2,
      "uplift": -0.18823529411764706,
      "rankScore": -0.5097506260898278
    },
    {
      "sequence": [
        "FOREHAND_LEFT",
        "BACKHAND_LEFT"
      ],
      "total": 15,
      "winnerRate": 0.3333333333333333,
      "uplift": -0.05490196078431375,
      "rankScore": -0.1486772659428665
    }
  ]
}