{
  "totalServePoints": 222,
  "firstServeIn": 148,
  "firstServeInPct": 0.6666666666666666,
  "firstServeWon": 101,
  "firstServeWinPct": 0.6824324324324325,
  "secondServeTotal": 74,
  "secondServeWon": 33,
  "secondServeWinPct": 0.44594594594594594,
  "aces": 18,
  "acePct": 0.08108108108108109,
  "doubleFaults": 0,
  "doubleFaultPct": 0
}