{
  "wins": [
    {
      "shotType": "BACKHAND",
      "total": 21,
      "winnerRate": 0.3333333333333333,
      "adjustedEffectiveness": -0.1340579710144928
    },
    {
      "shotType": "FOREHAND",
      "total": 33,
      "winnerRate": 0.42424242424242425,
      "adjustedEffectiveness": -0.043148880105401854
    },
    {
      "shotType": "SERVE",
      "total": 46,
      "winnerRate": 0.5434782608695652,
      "adjustedEffectiveness": 0.07608695652173908
    }
  ],
  "losses": []
}