{
  "totalServePoints": 211,
  "firstServeIn": 151,
  "firstServeInPct": 0.7156398104265402,
  "firstServeWon": 108,
  "firstServeWinPct": 0.7152317880794702,
  "secondServeTotal": 60,
  "secondServeWon": 33,
  "secondServeWinPct": 0.55,
  "aces": 13,
  "acePct": 0.061611374407582936,
  "doubleFaults": 0,
  "doubleFaultPct": 0
}