{
  "winning": [
    {
      "sequence": [
        "FOREHAND_LEFT",
        "FOREHAND_LEFT"
      ],
      "total": 15,
      "winnerRate": 0.5333333333333333,
      "uplift": 0.15649122807017546,
      "rankScore": 0.4237861016461705
    }
  ],
  "losing": [
    {
      "sequence": [
        "FOREHAND_RIGHT",
        "BACKHAND_RIGHT"
      ],
      "total": 18,
      "winnerRate": 0.3333333333333333,
      "uplift": -0.04350877192982455,
      "rankScore": -0.1257565256067103
    }
  ]
}