{
  "totalServePoints": 247,
  "firstServeIn": 157,
  "firstServeInPct": 0.6356275303643725,
  "firstServeWon": 113,
  "firstServeWinPct": 0.7197452229299363,
  "secondServeTotal": 90,
  "secondServeWon": 60,
  "secondServeWinPct": 0.6666666666666666,
  "aces": 15,
  "acePct": 0.06072874493927125,
  "doubleFaults": 0,
  "doubleFaultPct": 0
}