{
  "winning": [
    {
      "sequence": [
        "BACKHAND_LEFT",
        "BACKHAND_LEFT"
      ],
      "total": 19,
      "winnerRate": 0.42105263157894735,
      "uplift": 0.04871220604703247,
      "rankScore": 0.14343011824606958
    }
  ],
  "losing": [
    {
      "sequence": [
        "FOREHAND_RIGHT",
        "FOREHAND_RIGHT"
      ],
      "total": 18,
      "winnerRate": 0.1111111111111111,
      "uplift": -0.26122931442080377,
      "rankScore": -0.7550498327364685
    },
    {
      "sequence": [
        "FOREHAND_RIGHT",
        "FOREHAND_CENTER"
      ],
      "total": 15,
      "winnerRate": 0.13333333333333333,
      "uplift": -0.23900709219858154,
      "rankScore": -0.6472432040932232
    },
    {
      "sequence": [
        "FOREHAND_LEFT",
        "BACKHAND_LEFT"
      ],
      "total": 19,
      "winnerRate": 0.21052631578947367,
      "uplift": -0.1618141097424412,
      "rankScore": -0.4764517721047599
    }
  ]
}