{
  "totalServePoints": 192,
  "firstServeIn": 124,
  "firstServeInPct": 0.6458333333333334,
  "firstServeWon": 85,
  "firstServeWinPct": 0.6854838709677419,
  "secondServeTotal": 68,
  "secondServeWon": 36,
  "secondServeWinPct": 0.5294117647058824,
  "aces": 13,
  "acePct": 0.06770833333333333,
  "doubleFaults": 0,
  "doubleFaultPct": 0
}