{
  "winning": [],
  "losing": [
    {
      "sequence": [
        "FOREHAND_CENTER",
        "FOREHAND_CENTER"
      ],
      "total": 21,
      "winnerRate": 0.14285714285714285,
      "uplift": -0.2184873949579832,
      "rankScore": -0.6651897763093193
    }
  ]
}