{
  "totalServePoints": 73,
  "firstServeIn": 41,
  "firstServeInPct": 0.5616438356164384,
  "firstServeWon": 26,
  "firstServeWinPct": 0.6341463414634146,
  "secondServeTotal": 32,
  "secondServeWon": 11,
  "secondServeWinPct": 0.34375,
  "aces": 5,
  "acePct": 0.0684931506849315,
  "doubleFaults": 0,
  "doubleFaultPct": 0
}