{
  "totalServePoints": 450,
  "firstServeIn": 269,
  "firstServeInPct": 0.5977777777777777,
  "firstServeWon": 194,
  "firstServeWinPct": 0.7211895910780669,
  "secondServeTotal": 181,
  "secondServeWon": 94,
  "secondServeWinPct": 0.5193370165745856,
  "aces": 39,
  "acePct": 0.08666666666666667,
  "doubleFaults": 0,
  "doubleFaultPct": 0
}