{
  "totalServePoints": 831,
  "firstServeIn": 470,
  "firstServeInPct": 0.5655836341756919,
  "firstServeWon": 309,
  "firstServeWinPct": 0.6574468085106383,
  "secondServeTotal": 361,
  "secondServeWon": 174,
  "secondServeWinPct": 0.481994459833795,
  "aces": 55,
  "acePct": 0.06618531889290012,
  "doubleFaults": 0,
  "doubleFaultPct": 0
}