{
  "totalServePoints": 210,
  "firstServeIn": 125,
  "firstServeInPct": 0.5952380952380952,
  "firstServeWon": 83,
  "firstServeWinPct": 0.664,
  "secondServeTotal": 85,
  "secondServeWon": 32,
  "secondServeWinPct": 0.3764705882352941,
  "aces": 18,
  "acePct": 0.08571428571428572,
  "doubleFaults": 0,
  "doubleFaultPct": 0
}