{
  "totalServePoints": 981,
  "firstServeIn": 634,
  "firstServeInPct": 0.6462793068297655,
  "firstServeWon": 458,
  "firstServeWinPct": 0.722397476340694,
  "secondServeTotal": 347,
  "secondServeWon": 168,
  "secondServeWinPct": 0.484149855907781,
  "aces": 122,
  "acePct": 0.12436289500509684,
  "doubleFaults": 0,
  "doubleFaultPct": 0
}