{
  "totalServePoints": 139,
  "firstServeIn": 88,
  "firstServeInPct": 0.6330935251798561,
  "firstServeWon": 76,
  "firstServeWinPct": 0.8636363636363636,
  "secondServeTotal": 51,
  "secondServeWon": 28,
  "secondServeWinPct": 0.5490196078431373,
  "aces": 18,
  "acePct": 0.12949640287769784,
  "doubleFaults": 0,
  "doubleFaultPct": 0
}