{
  "totalServePoints": 471,
  "firstServeIn": 273,
  "firstServeInPct": 0.5796178343949044,
  "firstServeWon": 169,
  "firstServeWinPct": 0.6190476190476191,
  "secondServeTotal": 198,
  "secondServeWon": 94,
  "secondServeWinPct": 0.47474747474747475,
  "aces": 11,
  "acePct": 0.02335456475583864,
  "doubleFaults": 0,
  "doubleFaultPct": 0
}