{
  "totalServePoints": 686,
  "firstServeIn": 465,
  "firstServeInPct": 0.6778425655976676,
  "firstServeWon": 279,
  "firstServeWinPct": 0.6,
  "secondServeTotal": 221,
  "secondServeWon": 104,
  "secondServeWinPct": 0.47058823529411764,
  "aces": 25,
  "acePct": 0.03644314868804665,
  "doubleFaults": 0,
  "doubleFaultPct": 0
}