{
  "totalServePoints": 3069,
  "firstServeIn": 1967,
  "firstServeInPct": 0.6409253828608668,
  "firstServeWon": 1345,
  "firstServeWinPct": 0.6837824097610574,
  "secondServeTotal": 1102,
  "secondServeWon": 505,
  "secondServeWinPct": 0.45825771324863884,
  "aces": 258,
  "acePct": 0.08406647116324535,
  "doubleFaults": 0,
  "doubleFaultPct": 0
}