{
  "totalServePoints": 132,
  "firstServeIn": 79,
  "firstServeInPct": 0.5984848484848485,
  "firstServeWon": 51,
  "firstServeWinPct": 0.6455696202531646,
  "secondServeTotal": 53,
  "secondServeWon": 19,
  "secondServeWinPct": 0.3584905660377358,
  "aces": 9,
  "acePct": 0.06818181818181818,
  "doubleFaults": 0,
  "doubleFaultPct": 0
}