{
  "winning": [
    {
      "sequence": [
        "BACKHAND_LEFT",
        "BACKHAND_LEFT"
      ],
      "total": 22,
      "winnerRate": 0.45454545454545453,
      "uplift": 0.06471494607087824,
      "rankScore": 0.2000366456718786
    },
    {
      "sequence": [
        "FOREHAND_RIGHT",
        "FOREHAND_RIGHT"
      ],
      "total": 18,
      "winnerRate": 0.4444444444444444,
      "uplift": 0.05461393596986813,
      "rankScore": 0.15785457811485631
    }
  ],
  "losing": []
}