{
  "totalServePoints": 117,
  "firstServeIn": 75,
  "firstServeInPct": 0.6410256410256411,
  "firstServeWon": 46,
  "firstServeWinPct": 0.6133333333333333,
  "secondServeTotal": 42,
  "secondServeWon": 22,
  "secondServeWinPct": 0.5238095238095238,
  "aces": 6,
  "acePct": 0.05128205128205128,
  "doubleFaults": 0,
  "doubleFaultPct": 0
}