{
  "totalServePoints": 149,
  "firstServeIn": 82,
  "firstServeInPct": 0.5503355704697986,
  "firstServeWon": 57,
  "firstServeWinPct": 0.6951219512195121,
  "secondServeTotal": 67,
  "secondServeWon": 33,
  "secondServeWinPct": 0.4925373134328358,
  "aces": 6,
  "acePct": 0.040268456375838924,
  "doubleFaults": 0,
  "doubleFaultPct": 0
}