{
  "wins": [
    {
      "shotType": "BACKHAND",
      "total": 180,
      "winnerRate": 0.4722222222222222,
      "adjustedEffectiveness": 0.06243628950050967
    },
    {
      "shotType": "FOREHAND",
      "total": 203,
      "winnerRate": 0.43349753694581283,
      "adjustedEffectiveness": 0.02371160422410029
    },
    {
      "shotType": "SERVE",
      "total": 164,
      "winnerRate": 0.4329268292682927,
      "adjustedEffectiveness": 0.023140896546580136
    }
  ],
  "losses": []
}