{
  "totalServePoints": 176,
  "firstServeIn": 103,
  "firstServeInPct": 0.5852272727272727,
  "firstServeWon": 63,
  "firstServeWinPct": 0.6116504854368932,
  "secondServeTotal": 73,
  "secondServeWon": 41,
  "secondServeWinPct": 0.5616438356164384,
  "aces": 5,
  "acePct": 0.028409090909090908,
  "doubleFaults": 0,
  "doubleFaultPct": 0
}