{
  "totalServePoints": 646,
  "firstServeIn": 362,
  "firstServeInPct": 0.5603715170278638,
  "firstServeWon": 251,
  "firstServeWinPct": 0.6933701657458563,
  "secondServeTotal": 284,
  "secondServeWon": 131,
  "secondServeWinPct": 0.4612676056338028,
  "aces": 32,
  "acePct": 0.04953560371517028,
  "doubleFaults": 0,
  "doubleFaultPct": 0
}