{
  "totalServePoints": 242,
  "firstServeIn": 166,
  "firstServeInPct": 0.6859504132231405,
  "firstServeWon": 114,
  "firstServeWinPct": 0.6867469879518072,
  "secondServeTotal": 76,
  "secondServeWon": 35,
  "secondServeWinPct": 0.4605263157894737,
  "aces": 9,
  "acePct": 0.0371900826446281,
  "doubleFaults": 0,
  "doubleFaultPct": 0
}