{
  "totalServePoints": 3201,
  "firstServeIn": 2104,
  "firstServeInPct": 0.6572945954389253,
  "firstServeWon": 1372,
  "firstServeWinPct": 0.6520912547528517,
  "secondServeTotal": 1097,
  "secondServeWon": 531,
  "secondServeWinPct": 0.4840474020054695,
  "aces": 105,
  "acePct": 0.03280224929709466,
  "doubleFaults": 0,
  "doubleFaultPct": 0
}