{
  "totalServePoints": 611,
  "firstServeIn": 384,
  "firstServeInPct": 0.6284779050736498,
  "firstServeWon": 292,
  "firstServeWinPct": 0.7604166666666666,
  "secondServeTotal": 227,
  "secondServeWon": 105,
  "secondServeWinPct": 0.46255506607929514,
  "aces": 67,
  "acePct": 0.10965630114566285,
  "doubleFaults": 0,
  "doubleFaultPct": 0
}