{
  "totalServePoints": 274,
  "firstServeIn": 188,
  "firstServeInPct": 0.6861313868613139,
  "firstServeWon": 127,
  "firstServeWinPct": 0.675531914893617,
  "secondServeTotal": 86,
  "secondServeWon": 46,
  "secondServeWinPct": 0.5348837209302325,
  "aces": 24,
  "acePct": 0.08759124087591241,
  "doubleFaults": 0,
  "doubleFaultPct": 0
}