{
  "totalServePoints": 2756,
  "firstServeIn": 1883,
  "firstServeInPct": 0.6832365747460087,
  "firstServeWon": 1216,
  "firstServeWinPct": 0.6457780138077536,
  "secondServeTotal": 873,
  "secondServeWon": 402,
  "secondServeWinPct": 0.46048109965635736,
  "aces": 85,
  "acePct": 0.030841799709724237,
  "doubleFaults": 0,
  "doubleFaultPct": 0
}