{
  "wins": [],
  "losses": [
    {
      "shotType": "BACKHAND",
      "total": 44,
      "winnerRate": 0.3409090909090909,
      "adjustedEffectiveness": -0.02643784786641934
    },
    {
      "shotType": "FOREHAND",
      "total": 45,
      "winnerRate": 0.37777777777777777,
      "adjustedEffectiveness": 0.010430839002267545
    },
    {
      "shotType": "SERVE",
      "total": 73,
      "winnerRate": 0.410958904109589,
      "adjustedEffectiveness": 0.043611965334078795
    }
  ]
}