{
  "totalServePoints": 484,
  "firstServeIn": 292,
  "firstServeInPct": 0.6033057851239669,
  "firstServeWon": 205,
  "firstServeWinPct": 0.702054794520548,
  "secondServeTotal": 192,
  "secondServeWon": 90,
  "secondServeWinPct": 0.46875,
  "aces": 29,
  "acePct": 0.05991735537190083,
  "doubleFaults": 0,
  "doubleFaultPct": 0
}