{
  "totalServePoints": 9682,
  "firstServeIn": 6084,
  "firstServeInPct": 0.6283825655856228,
  "firstServeWon": 4528,
  "firstServeWinPct": 0.7442472057856673,
  "secondServeTotal": 3598,
  "secondServeWon": 1808,
  "secondServeWinPct": 0.5025013896609227,
  "aces": 828,
  "acePct": 0.08551952076017352,
  "doubleFaults": 0,
  "doubleFaultPct": 0
}