{
  "totalServePoints": 186,
  "firstServeIn": 128,
  "firstServeInPct": 0.6881720430107527,
  "firstServeWon": 81,
  "firstServeWinPct": 0.6328125,
  "secondServeTotal": 58,
  "secondServeWon": 21,
  "secondServeWinPct": 0.3620689655172414,
  "aces": 3,
  "acePct": 0.016129032258064516,
  "doubleFaults": 0,
  "doubleFaultPct": 0
}