{
  "totalServePoints": 939,
  "firstServeIn": 631,
  "firstServeInPct": 0.6719914802981896,
  "firstServeWon": 384,
  "firstServeWinPct": 0.6085578446909667,
  "secondServeTotal": 308,
  "secondServeWon": 118,
  "secondServeWinPct": 0.38311688311688313,
  "aces": 7,
  "acePct": 0.007454739084132056,
  "doubleFaults": 0,
  "doubleFaultPct": 0
}