{
  "totalServePoints": 188,
  "firstServeIn": 121,
  "firstServeInPct": 0.6436170212765957,
  "firstServeWon": 97,
  "firstServeWinPct": 0.8016528925619835,
  "secondServeTotal": 67,
  "secondServeWon": 36,
  "secondServeWinPct": 0.5373134328358209,
  "aces": 15,
  "acePct": 0.0797872340425532,
  "doubleFaults": 0,
  "doubleFaultPct": 0
}