{
  "totalServePoints": 2495,
  "firstServeIn": 1594,
  "firstServeInPct": 0.638877755511022,
  "firstServeWon": 1009,
  "firstServeWinPct": 0.6329987452948557,
  "secondServeTotal": 901,
  "secondServeWon": 468,
  "secondServeWinPct": 0.5194228634850167,
  "aces": 61,
  "acePct": 0.024448897795591184,
  "doubleFaults": 0,
  "doubleFaultPct": 0
}