{
  "brier_honest": 0.18769951803178328,
  "n_features": 109,
  "n_train": 1755370,
  "n_test": 127928,
  "cutoff": "2023-01-01",
  "zero_leakage": true,
  "top_features": [
    [
      "elo_diff",
      0.37000489234924316
    ],
    [
      "elo_surface_diff",
      0.04884793609380722
    ],
    [
      "p2_matches_14d",
      0.02049589529633522
    ],
    [
      "p1_matches_14d",
      0.019905392080545425
    ],
    [
      "p2_elo_all",
      0.019864846020936966
    ],
    [
      "p1_elo_all",
      0.01962854526937008
    ],
    [
      "p1_form_3",
      0.01868659071624279
    ],
    [
      "p2_form_3",
      0.017743535339832306
    ],
    [
      "rank_diff",
      0.01729421317577362
    ],
    [
      "p2_elo_surface",
      0.01645263284444809
    ],
    [
      "p1_elo_surface",
      0.016190627589821815
    ],
    [
      "p1_surface_form",
      0.016184169799089432
    ],
    [
      "p2_win_rate_vs_top50",
      0.015692254528403282
    ],
    [
      "p2_surface_form",
      0.01464613527059555
    ],
    [
      "p1_win_rate_vs_top50",
      0.01460236869752407
    ],
    [
      "rest_days_diff",
      0.014554142951965332
    ],
    [
      "p1_top50_dropoff",
      0.012929550372064114
    ],
    [
      "p2_prev_rest",
      0.012195955961942673
    ],
    [
      "p1_days_rest",
      0.011562954634428024
    ],
    [
      "p2_top50_dropoff",
      0.011448167264461517
    ],
    [
      "p1_prev_rest",
      0.01113952323794365
    ],
    [
      "p2_form_5",
      0.011028875596821308
    ],
    [
      "p2_form_50",
      0.010943682864308357
    ],
    [
      "p1_form_5",
      0.01080422941595316
    ],
    [
      "p2_days_rest",
      0.01054056640714407
    ],
    [
      "p1_form_50",
      0.009214638732373714
    ],
    [
      "p2_crossover_vulnerability",
      0.008672473020851612
    ],
    [
      "best_of",
      0.007230537943542004
    ],
    [
      "p2_h2h_pct",
      0.005828180816024542
    ],
    [
      "tourney_level_code",
      0.005816308781504631
    ],
    [
      "p1_pattern_diversity_2gram",
      0.005611659027636051
    ],
    [
      "p2_prev_opp_rank",
      0.0055400533601641655
    ],
    [
      "p1_h2h_pct",
      0.005453410092741251
    ],
    [
      "ball_type",
      0.005033374298363924
    ],
    [
      "p2_pattern_diversity_2gram",
      0.005007993895560503
    ]
  ]
}