{
  "brier_honest": 0.20394413989414906,
  "n_features": 84,
  "n_train": 1755370,
  "n_test": 127928,
  "cutoff": "2023-01-01",
  "zero_leakage": true,
  "top_features": [
    [
      "rank_diff",
      0.11784639954566956
    ],
    [
      "p2_recent_form",
      0.06348951905965805
    ],
    [
      "p1_recent_form",
      0.06347092986106873
    ],
    [
      "p1_win_rate_short_rally",
      0.06091605871915817
    ],
    [
      "p2_win_rate_short_rally",
      0.04989199340343475
    ],
    [
      "p1_top50_dropoff",
      0.0457807295024395
    ],
    [
      "p2_top50_dropoff",
      0.04526772350072861
    ],
    [
      "p1_win_rate_vs_top50",
      0.04272746294736862
    ],
    [
      "p2_win_rate_vs_top50",
      0.039609044790267944
    ],
    [
      "p2_rally_crossover",
      0.03482120484113693
    ],
    [
      "p1_pattern_diversity_2gram",
      0.027160679921507835
    ],
    [
      "p1_matches_14d",
      0.02603127807378769
    ],
    [
      "p1_h2h_pct",
      0.02455638349056244
    ],
    [
      "rest_days_diff",
      0.023241838440299034
    ],
    [
      "p2_matches_14d",
      0.020219728350639343
    ],
    [
      "p2_pattern_diversity_2gram",
      0.01931540109217167
    ],
    [
      "p2_days_rest",
      0.01666915789246559
    ],
    [
      "p1_days_rest",
      0.0162979569286108
    ],
    [
      "p2_h2h_pct",
      0.013447163626551628
    ],
    [
      "p1_rally_crossover",
      0.012437894009053707
    ],
    [
      "p1_mins_30d",
      0.009582292288541794
    ],
    [
      "p2_mins_30d",
      0.009421451948583126
    ],
    [
      "fatigue_mins_diff",
      0.009241519495844841
    ],
    [
      "best_of",
      0.008407466113567352
    ],
    [
      "p1_rally_wr_dropoff",
      0.006987792905420065
    ]
  ]
}