{
  "brier_honest": 0.20424041051948563,
  "n_features": 94,
  "n_train": 1755370,
  "n_test": 127928,
  "cutoff": "2023-01-01",
  "zero_leakage": true,
  "match_stats_coverage": 214169,
  "charted_coverage": 6662,
  "top_features": [
    [
      "p1_has_charted_data",
      0.09980902820825577
    ],
    [
      "rank_diff",
      0.09632962942123413
    ],
    [
      "p2_has_charted_data",
      0.06965766102075577
    ],
    [
      "p1_has_match_stats",
      0.06961686164140701
    ],
    [
      "p2_has_match_stats",
      0.06647714227437973
    ],
    [
      "p2_recent_form",
      0.05055532604455948
    ],
    [
      "p1_recent_form",
      0.04688128083944321
    ],
    [
      "p1_top50_dropoff",
      0.028084058314561844
    ],
    [
      "p1_win_rate_vs_top50",
      0.027232637628912926
    ],
    [
      "p2_top50_dropoff",
      0.02507566660642624
    ],
    [
      "p2_win_rate_vs_top50",
      0.024376271292567253
    ],
    [
      "p2_pattern_diversity_2gram",
      0.021266231313347816
    ],
    [
      "p1_pattern_diversity_2gram",
      0.020716773346066475
    ],
    [
      "rest_days_diff",
      0.02066456712782383
    ],
    [
      "p2_matches_14d",
      0.018984366208314896
    ],
    [
      "p1_matches_14d",
      0.01788177527487278
    ],
    [
      "p1_days_rest",
      0.01735355518758297
    ],
    [
      "p1_h2h_pct",
      0.017289774492383003
    ],
    [
      "p2_h2h_pct",
      0.01676124334335327
    ],
    [
      "p2_days_rest",
      0.01557787787169218
    ],
    [
      "fatigue_mins_diff",
      0.012001496739685535
    ],
    [
      "p2_rally_crossover",
      0.01195225864648819
    ],
    [
      "p1_rally_wr_dropoff",
      0.007973872125148773
    ],
    [
      "p1_rally_crossover",
      0.007573406677693129
    ],
    [
      "p1_mins_30d",
      0.006333194673061371
    ],
    [
      "p1_win_rate_short_rally",
      0.0059174904599785805
    ],
    [
      "best_of",
      0.005767798516899347
    ],
    [
      "p2_mins_30d",
      0.005736600141972303
    ],
    [
      "p2_serve_pts_won_pct",
      0.005389662459492683
    ],
    [
      "p1_serve_pts_won_pct",
      0.005102189723402262
    ]
  ]
}