{
  "brier_temporal": 0.19457832432678618,
  "brier_cv": 0.19373060553614785,
  "n_features": 98,
  "n_train": 1755370,
  "n_test": 127928,
  "cutoff": "2023-01-01",
  "top_features": [
    [
      "p1_return_vs_1st_pct",
      0.18166521191596985
    ],
    [
      "p2_return_vs_1st_pct",
      0.10193681716918945
    ],
    [
      "rank_diff",
      0.09452332556247711
    ],
    [
      "p1_top50_dropoff",
      0.03659687936306
    ],
    [
      "p2_top50_dropoff",
      0.035912949591875076
    ],
    [
      "p2_win_rate_vs_top50",
      0.032625775784254074
    ],
    [
      "p2_days_rest",
      0.032164689153432846
    ],
    [
      "p1_win_rate_vs_top50",
      0.03201514482498169
    ],
    [
      "p1_recent_form",
      0.0271346066147089
    ],
    [
      "p1_rally_crossover",
      0.02488079108297825
    ],
    [
      "p2_recent_form",
      0.02396274358034134
    ],
    [
      "p1_days_rest",
      0.023896362632513046
    ],
    [
      "p1_matches_14d",
      0.02365051954984665
    ],
    [
      "p2_return_vs_2nd_pct",
      0.0214274562895298
    ],
    [
      "p2_matches_14d",
      0.019682524725794792
    ],
    [
      "p2_short_rally_pct_serving",
      0.019292809069156647
    ],
    [
      "p2_rally_crossover",
      0.019142040982842445
    ],
    [
      "p1_return_vs_2nd_pct",
      0.014589522033929825
    ],
    [
      "p1_short_rally_pct_serving",
      0.014454154297709465
    ],
    [
      "p1_h2h_pct",
      0.014204883947968483
    ],
    [
      "rest_days_diff",
      0.012667018920183182
    ],
    [
      "p2_h2h_pct",
      0.012144925072789192
    ],
    [
      "best_of",
      0.00626034289598465
    ],
    [
      "p1_mins_30d",
      0.006035498343408108
    ],
    [
      "p2_win_rate_far_behind",
      0.0058715855702757835
    ]
  ]
}