{
  "totalServePoints": 467,
  "firstServeIn": 270,
  "firstServeInPct": 0.5781584582441114,
  "firstServeWon": 187,
  "firstServeWinPct": 0.6925925925925925,
  "secondServeTotal": 197,
  "secondServeWon": 92,
  "secondServeWinPct": 0.467005076142132,
  "aces": 35,
  "acePct": 0.07494646680942184,
  "doubleFaults": 0,
  "doubleFaultPct": 0
}