{
  "winning": [
    {
      "sequence": [
        "FOREHAND_RIGHT",
        "FOREHAND_LEFT"
      ],
      "total": 15,
      "winnerRate": 0.4666666666666667,
      "uplift": 0.06851851851851853,
      "rankScore": 0.18555158785329962
    }
  ],
  "losing": []
}