{
  "wins": [
    {
      "shotType": "BACKHAND",
      "total": 25,
      "winnerRate": 0.48,
      "adjustedEffectiveness": 0.09538461538461535
    },
    {
      "shotType": "FOREHAND",
      "total": 38,
      "winnerRate": 0.34210526315789475,
      "adjustedEffectiveness": -0.04251012145748989
    },
    {
      "shotType": "SERVE",
      "total": 59,
      "winnerRate": 0.423728813559322,
      "adjustedEffectiveness": 0.03911342894393738
    }
  ],
  "losses": []
}