{
  "totalServePoints": 194,
  "firstServeIn": 103,
  "firstServeInPct": 0.5309278350515464,
  "firstServeWon": 73,
  "firstServeWinPct": 0.7087378640776699,
  "secondServeTotal": 91,
  "secondServeWon": 47,
  "secondServeWinPct": 0.5164835164835165,
  "aces": 12,
  "acePct": 0.061855670103092786,
  "doubleFaults": 0,
  "doubleFaultPct": 0
}