{
  "totalServePoints": 786,
  "firstServeIn": 456,
  "firstServeInPct": 0.5801526717557252,
  "firstServeWon": 306,
  "firstServeWinPct": 0.6710526315789473,
  "secondServeTotal": 330,
  "secondServeWon": 164,
  "secondServeWinPct": 0.49696969696969695,
  "aces": 38,
  "acePct": 0.04834605597964377,
  "doubleFaults": 0,
  "doubleFaultPct": 0
}