{
  "totalServePoints": 157,
  "firstServeIn": 101,
  "firstServeInPct": 0.643312101910828,
  "firstServeWon": 67,
  "firstServeWinPct": 0.6633663366336634,
  "secondServeTotal": 56,
  "secondServeWon": 29,
  "secondServeWinPct": 0.5178571428571429,
  "aces": 17,
  "acePct": 0.10828025477707007,
  "doubleFaults": 0,
  "doubleFaultPct": 0
}