{
  "wins": [],
  "losses": [
    {
      "shotType": "BACKHAND",
      "total": 95,
      "winnerRate": 0.29473684210526313,
      "adjustedEffectiveness": -0.0912280701754386
    },
    {
      "shotType": "BACKHAND_SLICE",
      "total": 35,
      "winnerRate": 0.3142857142857143,
      "adjustedEffectiveness": -0.07167919799498745
    },
    {
      "shotType": "FOREHAND",
      "total": 122,
      "winnerRate": 0.3442622950819672,
      "adjustedEffectiveness": -0.041702617198734526
    },
    {
      "shotType": "SERVE",
      "total": 142,
      "winnerRate": 0.4647887323943662,
      "adjustedEffectiveness": 0.07882382011366446
    }
  ]
}