{
  "totalServePoints": 159,
  "firstServeIn": 85,
  "firstServeInPct": 0.5345911949685535,
  "firstServeWon": 48,
  "firstServeWinPct": 0.5647058823529412,
  "secondServeTotal": 74,
  "secondServeWon": 25,
  "secondServeWinPct": 0.33783783783783783,
  "aces": 9,
  "acePct": 0.05660377358490566,
  "doubleFaults": 0,
  "doubleFaultPct": 0
}