{
  "totalServePoints": 432,
  "firstServeIn": 271,
  "firstServeInPct": 0.6273148148148148,
  "firstServeWon": 200,
  "firstServeWinPct": 0.7380073800738007,
  "secondServeTotal": 161,
  "secondServeWon": 83,
  "secondServeWinPct": 0.515527950310559,
  "aces": 47,
  "acePct": 0.1087962962962963,
  "doubleFaults": 0,
  "doubleFaultPct": 0
}