{
  "totalServePoints": 2549,
  "firstServeIn": 1604,
  "firstServeInPct": 0.629266378972146,
  "firstServeWon": 1212,
  "firstServeWinPct": 0.7556109725685786,
  "secondServeTotal": 945,
  "secondServeWon": 471,
  "secondServeWinPct": 0.4984126984126984,
  "aces": 306,
  "acePct": 0.12004707728520989,
  "doubleFaults": 0,
  "doubleFaultPct": 0
}