{
  "wins": [
    {
      "shotType": "BACKHAND",
      "total": 17,
      "winnerRate": 0.29411764705882354,
      "adjustedEffectiveness": -0.1828054298642534
    },
    {
      "shotType": "FOREHAND",
      "total": 31,
      "winnerRate": 0.5161290322580645,
      "adjustedEffectiveness": 0.03920595533498755
    },
    {
      "shotType": "SERVE",
      "total": 65,
      "winnerRate": 0.6153846153846154,
      "adjustedEffectiveness": 0.13846153846153847
    }
  ],
  "losses": []
}