{
  "totalServePoints": 71,
  "firstServeIn": 49,
  "firstServeInPct": 0.6901408450704225,
  "firstServeWon": 37,
  "firstServeWinPct": 0.7551020408163265,
  "secondServeTotal": 22,
  "secondServeWon": 9,
  "secondServeWinPct": 0.4090909090909091,
  "aces": 12,
  "acePct": 0.16901408450704225,
  "doubleFaults": 0,
  "doubleFaultPct": 0
}