{
  "totalServePoints": 49,
  "firstServeIn": 27,
  "firstServeInPct": 0.5510204081632653,
  "firstServeWon": 17,
  "firstServeWinPct": 0.6296296296296297,
  "secondServeTotal": 22,
  "secondServeWon": 9,
  "secondServeWinPct": 0.4090909090909091,
  "aces": 2,
  "acePct": 0.04081632653061224,
  "doubleFaults": 0,
  "doubleFaultPct": 0
}