{
  "totalServePoints": 5522,
  "firstServeIn": 3364,
  "firstServeInPct": 0.6091995653748642,
  "firstServeWon": 2527,
  "firstServeWinPct": 0.7511890606420928,
  "secondServeTotal": 2158,
  "secondServeWon": 1034,
  "secondServeWinPct": 0.47914735866543096,
  "aces": 607,
  "acePct": 0.10992394060123144,
  "doubleFaults": 0,
  "doubleFaultPct": 0
}