{
  "totalServePoints": 103,
  "firstServeIn": 76,
  "firstServeInPct": 0.7378640776699029,
  "firstServeWon": 51,
  "firstServeWinPct": 0.6710526315789473,
  "secondServeTotal": 27,
  "secondServeWon": 11,
  "secondServeWinPct": 0.4074074074074074,
  "aces": 10,
  "acePct": 0.0970873786407767,
  "doubleFaults": 0,
  "doubleFaultPct": 0
}