{
  "totalServePoints": 783,
  "firstServeIn": 465,
  "firstServeInPct": 0.5938697318007663,
  "firstServeWon": 302,
  "firstServeWinPct": 0.6494623655913978,
  "secondServeTotal": 318,
  "secondServeWon": 145,
  "secondServeWinPct": 0.4559748427672956,
  "aces": 32,
  "acePct": 0.04086845466155811,
  "doubleFaults": 0,
  "doubleFaultPct": 0
}