{
  "wins": [],
  "losses": [
    {
      "shotType": "BACKHAND",
      "total": 40,
      "winnerRate": 0.475,
      "adjustedEffectiveness": 0.09795081967213115
    },
    {
      "shotType": "FOREHAND",
      "total": 35,
      "winnerRate": 0.37142857142857144,
      "adjustedEffectiveness": -0.005620608899297386
    },
    {
      "shotType": "SERVE",
      "total": 61,
      "winnerRate": 0.5081967213114754,
      "adjustedEffectiveness": 0.1311475409836066
    }
  ]
}