{
  "wins": [
    {
      "shotType": "BACKHAND",
      "total": 109,
      "winnerRate": 0.5596330275229358,
      "adjustedEffectiveness": 0.1451031129930212
    },
    {
      "shotType": "FOREHAND",
      "total": 135,
      "winnerRate": 0.4740740740740741,
      "adjustedEffectiveness": 0.059544159544159536
    },
    {
      "shotType": "SERVE",
      "total": 117,
      "winnerRate": 0.42735042735042733,
      "adjustedEffectiveness": 0.012820512820512775
    }
  ],
  "losses": []
}