{
  "winning": [
    {
      "sequence": [
        "FOREHAND_RIGHT",
        "FOREHAND_CENTER"
      ],
      "total": 24,
      "winnerRate": 0.5416666666666666,
      "uplift": 0.12713675213675207,
      "rankScore": 0.4040474421062023
    }
  ],
  "losing": [
    {
      "sequence": [
        "FOREHAND_RIGHT",
        "FOREHAND_RIGHT"
      ],
      "total": 20,
      "winnerRate": 0.4,
      "uplift": -0.014529914529914534,
      "rankScore": -0.04352773388924603
    }
  ]
}