{
  "wins": [],
  "losses": [
    {
      "shotType": "BACKHAND",
      "total": 46,
      "winnerRate": 0.2826086956521739,
      "adjustedEffectiveness": -0.10545100584036343
    },
    {
      "shotType": "BACKHAND_SLICE",
      "total": 21,
      "winnerRate": 0.23809523809523808,
      "adjustedEffectiveness": -0.14996446339729924
    },
    {
      "shotType": "FOREHAND",
      "total": 90,
      "winnerRate": 0.4222222222222222,
      "adjustedEffectiveness": 0.0341625207296849
    },
    {
      "shotType": "SERVE",
      "total": 100,
      "winnerRate": 0.49,
      "adjustedEffectiveness": 0.10194029850746267
    }
  ]
}