{
  "winning": [
    {
      "sequence": [
        "FOREHAND_RIGHT",
        "FOREHAND_CENTER"
      ],
      "total": 16,
      "winnerRate": 0.625,
      "uplift": 0.23694029850746268,
      "rankScore": 0.6569379994859182
    },
    {
      "sequence": [
        "FOREHAND_RIGHT",
        "FOREHAND_RIGHT"
      ],
      "total": 17,
      "winnerRate": 0.4117647058823529,
      "uplift": 0.023705004389815598,
      "rankScore": 0.06716133475813674
    }
  ],
  "losing": []
}