{
  "totalServePoints": 655,
  "firstServeIn": 388,
  "firstServeInPct": 0.5923664122137404,
  "firstServeWon": 253,
  "firstServeWinPct": 0.6520618556701031,
  "secondServeTotal": 267,
  "secondServeWon": 101,
  "secondServeWinPct": 0.3782771535580524,
  "aces": 56,
  "acePct": 0.08549618320610687,
  "doubleFaults": 0,
  "doubleFaultPct": 0
}