{
  "wins": [
    {
      "shotType": "BACKHAND",
      "total": 18,
      "winnerRate": 0.4444444444444444,
      "adjustedEffectiveness": 0.10678210678210676
    },
    {
      "shotType": "FOREHAND",
      "total": 27,
      "winnerRate": 0.2962962962962963,
      "adjustedEffectiveness": -0.041366041366041384
    },
    {
      "shotType": "SERVE",
      "total": 39,
      "winnerRate": 0.41025641025641024,
      "adjustedEffectiveness": 0.07259407259407258
    }
  ],
  "losses": []
}