{
  "totalServePoints": 1334,
  "firstServeIn": 890,
  "firstServeInPct": 0.6671664167916042,
  "firstServeWon": 637,
  "firstServeWinPct": 0.7157303370786516,
  "secondServeTotal": 444,
  "secondServeWon": 224,
  "secondServeWinPct": 0.5045045045045045,
  "aces": 88,
  "acePct": 0.06596701649175413,
  "doubleFaults": 0,
  "doubleFaultPct": 0
}