{
  "totalServePoints": 2052,
  "firstServeIn": 1299,
  "firstServeInPct": 0.6330409356725146,
  "firstServeWon": 892,
  "firstServeWinPct": 0.6866820631254812,
  "secondServeTotal": 753,
  "secondServeWon": 352,
  "secondServeWinPct": 0.4674634794156706,
  "aces": 183,
  "acePct": 0.0891812865497076,
  "doubleFaults": 0,
  "doubleFaultPct": 0
}