{
  "totalServePoints": 1254,
  "firstServeIn": 837,
  "firstServeInPct": 0.6674641148325359,
  "firstServeWon": 681,
  "firstServeWinPct": 0.8136200716845878,
  "secondServeTotal": 417,
  "secondServeWon": 224,
  "secondServeWinPct": 0.5371702637889688,
  "aces": 241,
  "acePct": 0.19218500797448165,
  "doubleFaults": 0,
  "doubleFaultPct": 0
}