{
  "totalServePoints": 10123,
  "firstServeIn": 6783,
  "firstServeInPct": 0.6700582831176529,
  "firstServeWon": 5282,
  "firstServeWinPct": 0.7787114845938375,
  "secondServeTotal": 3340,
  "secondServeWon": 1774,
  "secondServeWinPct": 0.5311377245508982,
  "aces": 1826,
  "acePct": 0.180381309888373,
  "doubleFaults": 0,
  "doubleFaultPct": 0
}