{
  "totalServePoints": 151,
  "firstServeIn": 80,
  "firstServeInPct": 0.5298013245033113,
  "firstServeWon": 53,
  "firstServeWinPct": 0.6625,
  "secondServeTotal": 71,
  "secondServeWon": 30,
  "secondServeWinPct": 0.4225352112676056,
  "aces": 4,
  "acePct": 0.026490066225165563,
  "doubleFaults": 0,
  "doubleFaultPct": 0
}