{
  "totalServePoints": 89,
  "firstServeIn": 58,
  "firstServeInPct": 0.651685393258427,
  "firstServeWon": 41,
  "firstServeWinPct": 0.7068965517241379,
  "secondServeTotal": 31,
  "secondServeWon": 15,
  "secondServeWinPct": 0.4838709677419355,
  "aces": 11,
  "acePct": 0.12359550561797752,
  "doubleFaults": 0,
  "doubleFaultPct": 0
}