{
  "wins": [],
  "losses": [
    {
      "shotType": "BACKHAND",
      "total": 39,
      "winnerRate": 0.5128205128205128,
      "adjustedEffectiveness": 0.08707793856308704
    },
    {
      "shotType": "FOREHAND",
      "total": 75,
      "winnerRate": 0.4266666666666667,
      "adjustedEffectiveness": 0.0009240924092409619
    },
    {
      "shotType": "SERVE",
      "total": 50,
      "winnerRate": 0.52,
      "adjustedEffectiveness": 0.09425742574257429
    }
  ]
}