{
  "wins": [],
  "losses": [
    {
      "shotType": "BACKHAND",
      "total": 50,
      "winnerRate": 0.14,
      "adjustedEffectiveness": -0.1830088495575221
    },
    {
      "shotType": "BACKHAND_SLICE",
      "total": 32,
      "winnerRate": 0.28125,
      "adjustedEffectiveness": -0.041758849557522126
    },
    {
      "shotType": "FOREHAND",
      "total": 85,
      "winnerRate": 0.3058823529411765,
      "adjustedEffectiveness": -0.017126496616345632
    },
    {
      "shotType": "SERVE",
      "total": 113,
      "winnerRate": 0.36283185840707965,
      "adjustedEffectiveness": 0.03982300884955753
    }
  ]
}