{
  "totalServePoints": 111,
  "firstServeIn": 73,
  "firstServeInPct": 0.6576576576576577,
  "firstServeWon": 51,
  "firstServeWinPct": 0.6986301369863014,
  "secondServeTotal": 38,
  "secondServeWon": 26,
  "secondServeWinPct": 0.6842105263157895,
  "aces": 8,
  "acePct": 0.07207207207207207,
  "doubleFaults": 0,
  "doubleFaultPct": 0
}