{
  "totalServePoints": 1273,
  "firstServeIn": 799,
  "firstServeInPct": 0.6276512175962293,
  "firstServeWon": 533,
  "firstServeWinPct": 0.6670838548185232,
  "secondServeTotal": 474,
  "secondServeWon": 242,
  "secondServeWinPct": 0.510548523206751,
  "aces": 30,
  "acePct": 0.02356637863315004,
  "doubleFaults": 0,
  "doubleFaultPct": 0
}