{
  "totalServePoints": 1584,
  "firstServeIn": 1027,
  "firstServeInPct": 0.6483585858585859,
  "firstServeWon": 761,
  "firstServeWinPct": 0.7409931840311588,
  "secondServeTotal": 557,
  "secondServeWon": 265,
  "secondServeWinPct": 0.4757630161579892,
  "aces": 193,
  "acePct": 0.12184343434343434,
  "doubleFaults": 0,
  "doubleFaultPct": 0
}