{
  "totalServePoints": 588,
  "firstServeIn": 373,
  "firstServeInPct": 0.6343537414965986,
  "firstServeWon": 234,
  "firstServeWinPct": 0.6273458445040214,
  "secondServeTotal": 215,
  "secondServeWon": 96,
  "secondServeWinPct": 0.44651162790697674,
  "aces": 22,
  "acePct": 0.03741496598639456,
  "doubleFaults": 0,
  "doubleFaultPct": 0
}