{
  "totalServePoints": 418,
  "firstServeIn": 288,
  "firstServeInPct": 0.6889952153110048,
  "firstServeWon": 217,
  "firstServeWinPct": 0.7534722222222222,
  "secondServeTotal": 130,
  "secondServeWon": 74,
  "secondServeWinPct": 0.5692307692307692,
  "aces": 58,
  "acePct": 0.13875598086124402,
  "doubleFaults": 0,
  "doubleFaultPct": 0
}