{
  "totalServePoints": 1286,
  "firstServeIn": 905,
  "firstServeInPct": 0.7037325038880249,
  "firstServeWon": 587,
  "firstServeWinPct": 0.6486187845303868,
  "secondServeTotal": 381,
  "secondServeWon": 170,
  "secondServeWinPct": 0.4461942257217848,
  "aces": 45,
  "acePct": 0.034992223950233284,
  "doubleFaults": 0,
  "doubleFaultPct": 0
}