{
  "winning": [
    {
      "sequence": [
        "BACKHAND_LEFT",
        "BACKHAND_LEFT"
      ],
      "total": 16,
      "winnerRate": 0.5,
      "uplift": 0.14092664092664092,
      "rankScore": 0.3907316152963398
    },
    {
      "sequence": [
        "FOREHAND_RIGHT",
        "FOREHAND_RIGHT"
      ],
      "total": 25,
      "winnerRate": 0.4,
      "uplift": 0.040926640926640945,
      "rankScore": 0.13173777507182602
    },
    {
      "sequence": [
        "FOREHAND_LEFT",
        "BACKHAND_LEFT"
      ],
      "total": 16,
      "winnerRate": 0.375,
      "uplift": 0.015926640926640923,
      "rankScore": 0.04415802501636716
    }
  ],
  "losing": []
}