{
  "totalServePoints": 130,
  "firstServeIn": 67,
  "firstServeInPct": 0.5153846153846153,
  "firstServeWon": 43,
  "firstServeWinPct": 0.6417910447761194,
  "secondServeTotal": 63,
  "secondServeWon": 33,
  "secondServeWinPct": 0.5238095238095238,
  "aces": 7,
  "acePct": 0.05384615384615385,
  "doubleFaults": 0,
  "doubleFaultPct": 0
}