{
  "wins": [
    {
      "shotType": "BACKHAND",
      "total": 31,
      "winnerRate": 0.16129032258064516,
      "adjustedEffectiveness": -0.22884420656733692
    },
    {
      "shotType": "FOREHAND",
      "total": 29,
      "winnerRate": 0.2413793103448276,
      "adjustedEffectiveness": -0.14875521880315448
    },
    {
      "shotType": "SERVE",
      "total": 61,
      "winnerRate": 0.45901639344262296,
      "adjustedEffectiveness": 0.06888186429464088
    }
  ],
  "losses": [
    {
      "shotType": "SERVE",
      "total": 51,
      "winnerRate": 0.45098039215686275,
      "adjustedEffectiveness": 0.060845863008880674
    }
  ]
}