{
  "totalServePoints": 108,
  "firstServeIn": 61,
  "firstServeInPct": 0.5648148148148148,
  "firstServeWon": 42,
  "firstServeWinPct": 0.6885245901639344,
  "secondServeTotal": 47,
  "secondServeWon": 17,
  "secondServeWinPct": 0.3617021276595745,
  "aces": 12,
  "acePct": 0.1111111111111111,
  "doubleFaults": 0,
  "doubleFaultPct": 0
}