{
  "totalServePoints": 812,
  "firstServeIn": 520,
  "firstServeInPct": 0.6403940886699507,
  "firstServeWon": 405,
  "firstServeWinPct": 0.7788461538461539,
  "secondServeTotal": 292,
  "secondServeWon": 160,
  "secondServeWinPct": 0.547945205479452,
  "aces": 92,
  "acePct": 0.11330049261083744,
  "doubleFaults": 0,
  "doubleFaultPct": 0
}