{
  "totalServePoints": 2559,
  "firstServeIn": 1578,
  "firstServeInPct": 0.6166471277842908,
  "firstServeWon": 1149,
  "firstServeWinPct": 0.7281368821292775,
  "secondServeTotal": 981,
  "secondServeWon": 497,
  "secondServeWinPct": 0.5066258919469928,
  "aces": 183,
  "acePct": 0.07151230949589683,
  "doubleFaults": 0,
  "doubleFaultPct": 0
}