{
  "totalServePoints": 157,
  "firstServeIn": 84,
  "firstServeInPct": 0.535031847133758,
  "firstServeWon": 54,
  "firstServeWinPct": 0.6428571428571429,
  "secondServeTotal": 73,
  "secondServeWon": 41,
  "secondServeWinPct": 0.5616438356164384,
  "aces": 8,
  "acePct": 0.050955414012738856,
  "doubleFaults": 0,
  "doubleFaultPct": 0
}