{
  "totalServePoints": 272,
  "firstServeIn": 150,
  "firstServeInPct": 0.5514705882352942,
  "firstServeWon": 111,
  "firstServeWinPct": 0.74,
  "secondServeTotal": 122,
  "secondServeWon": 55,
  "secondServeWinPct": 0.45081967213114754,
  "aces": 21,
  "acePct": 0.07720588235294118,
  "doubleFaults": 0,
  "doubleFaultPct": 0
}