{
  "totalServePoints": 5260,
  "firstServeIn": 3214,
  "firstServeInPct": 0.6110266159695817,
  "firstServeWon": 2409,
  "firstServeWinPct": 0.7495332918481643,
  "secondServeTotal": 2046,
  "secondServeWon": 1078,
  "secondServeWinPct": 0.5268817204301075,
  "aces": 632,
  "acePct": 0.12015209125475285,
  "doubleFaults": 0,
  "doubleFaultPct": 0
}