{
  "totalServePoints": 159,
  "firstServeIn": 99,
  "firstServeInPct": 0.6226415094339622,
  "firstServeWon": 56,
  "firstServeWinPct": 0.5656565656565656,
  "secondServeTotal": 60,
  "secondServeWon": 33,
  "secondServeWinPct": 0.55,
  "aces": 4,
  "acePct": 0.025157232704402517,
  "doubleFaults": 0,
  "doubleFaultPct": 0
}