{
  "winning": [
    {
      "sequence": [
        "FOREHAND_RIGHT",
        "FOREHAND_CENTER"
      ],
      "total": 18,
      "winnerRate": 0.5555555555555556,
      "uplift": 0.18518518518518523,
      "rankScore": 0.5352540292400306
    },
    {
      "sequence": [
        "FOREHAND_RIGHT",
        "FOREHAND_RIGHT"
      ],
      "total": 20,
      "winnerRate": 0.45,
      "uplift": 0.07962962962962966,
      "rankScore": 0.2385490514126327
    },
    {
      "sequence": [
        "FOREHAND_LEFT",
        "BACKHAND_CENTER"
      ],
      "total": 22,
      "winnerRate": 0.4090909090909091,
      "uplift": 0.038720538720538766,
      "rankScore": 0.11968682900208982
    }
  ],
  "losing": [
    {
      "sequence": [
        "FOREHAND_LEFT",
        "BACKHAND_SLICE_LEFT"
      ],
      "total": 19,
      "winnerRate": 0.21052631578947367,
      "uplift": -0.15984405458089668,
      "rankScore": -0.47065106489600017
    },
    {
      "sequence": [
        "FOREHAND_RIGHT",
        "FOREHAND_LEFT"
      ],
      "total": 19,
      "winnerRate": 0.3157894736842105,
      "uplift": -0.05458089668615984,
      "rankScore": -0.16071011972058544
    }
  ]
}