{
  "totalServePoints": 268,
  "firstServeIn": 157,
  "firstServeInPct": 0.585820895522388,
  "firstServeWon": 110,
  "firstServeWinPct": 0.7006369426751592,
  "secondServeTotal": 111,
  "secondServeWon": 60,
  "secondServeWinPct": 0.5405405405405406,
  "aces": 22,
  "acePct": 0.08208955223880597,
  "doubleFaults": 0,
  "doubleFaultPct": 0
}