{
  "wins": [
    {
      "shotType": "BACKHAND",
      "total": 117,
      "winnerRate": 0.46153846153846156,
      "adjustedEffectiveness": 0.04189560439560441
    },
    {
      "shotType": "FOREHAND",
      "total": 101,
      "winnerRate": 0.45544554455445546,
      "adjustedEffectiveness": 0.03580268741159831
    },
    {
      "shotType": "SERVE",
      "total": 56,
      "winnerRate": 0.42857142857142855,
      "adjustedEffectiveness": 0.008928571428571397
    }
  ],
  "losses": []
}