{
  "wins": [
    {
      "shotType": "BACKHAND",
      "total": 41,
      "winnerRate": 0.24390243902439024,
      "adjustedEffectiveness": -0.20987907358065178
    },
    {
      "shotType": "FOREHAND",
      "total": 54,
      "winnerRate": 0.35185185185185186,
      "adjustedEffectiveness": -0.10192966075319015
    },
    {
      "shotType": "SERVE",
      "total": 60,
      "winnerRate": 0.4666666666666667,
      "adjustedEffectiveness": 0.01288515406162466
    }
  ],
  "losses": []
}