{
  "winning": [],
  "losing": [
    {
      "sequence": [
        "BACKHAND_CENTER",
        "FOREHAND_RIGHT"
      ],
      "total": 19,
      "winnerRate": 0.2631578947368421,
      "uplift": -0.19062361786819992,
      "rankScore": -0.5612796108008562
    }
  ]
}