{
  "totalServePoints": 362,
  "firstServeIn": 250,
  "firstServeInPct": 0.6906077348066298,
  "firstServeWon": 174,
  "firstServeWinPct": 0.696,
  "secondServeTotal": 112,
  "secondServeWon": 58,
  "secondServeWinPct": 0.5178571428571429,
  "aces": 36,
  "acePct": 0.09944751381215469,
  "doubleFaults": 0,
  "doubleFaultPct": 0
}