{
  "totalServePoints": 327,
  "firstServeIn": 182,
  "firstServeInPct": 0.5565749235474006,
  "firstServeWon": 141,
  "firstServeWinPct": 0.7747252747252747,
  "secondServeTotal": 145,
  "secondServeWon": 69,
  "secondServeWinPct": 0.47586206896551725,
  "aces": 43,
  "acePct": 0.13149847094801223,
  "doubleFaults": 0,
  "doubleFaultPct": 0
}