{
  "totalServePoints": 240,
  "firstServeIn": 152,
  "firstServeInPct": 0.6333333333333333,
  "firstServeWon": 115,
  "firstServeWinPct": 0.756578947368421,
  "secondServeTotal": 88,
  "secondServeWon": 45,
  "secondServeWinPct": 0.5113636363636364,
  "aces": 19,
  "acePct": 0.07916666666666666,
  "doubleFaults": 0,
  "doubleFaultPct": 0
}