{
  "totalServePoints": 68,
  "firstServeIn": 44,
  "firstServeInPct": 0.6470588235294118,
  "firstServeWon": 31,
  "firstServeWinPct": 0.7045454545454546,
  "secondServeTotal": 24,
  "secondServeWon": 16,
  "secondServeWinPct": 0.6666666666666666,
  "aces": 1,
  "acePct": 0.014705882352941176,
  "doubleFaults": 0,
  "doubleFaultPct": 0
}