{
  "totalServePoints": 735,
  "firstServeIn": 454,
  "firstServeInPct": 0.617687074829932,
  "firstServeWon": 327,
  "firstServeWinPct": 0.7202643171806168,
  "secondServeTotal": 281,
  "secondServeWon": 125,
  "secondServeWinPct": 0.44483985765124556,
  "aces": 51,
  "acePct": 0.06938775510204082,
  "doubleFaults": 0,
  "doubleFaultPct": 0
}