{
  "totalServePoints": 67,
  "firstServeIn": 30,
  "firstServeInPct": 0.44776119402985076,
  "firstServeWon": 16,
  "firstServeWinPct": 0.5333333333333333,
  "secondServeTotal": 37,
  "secondServeWon": 13,
  "secondServeWinPct": 0.35135135135135137,
  "aces": 1,
  "acePct": 0.014925373134328358,
  "doubleFaults": 0,
  "doubleFaultPct": 0
}