{
  "totalServePoints": 9399,
  "firstServeIn": 6083,
  "firstServeInPct": 0.6471965102670497,
  "firstServeWon": 4207,
  "firstServeWinPct": 0.6915995397008056,
  "secondServeTotal": 3316,
  "secondServeWon": 1702,
  "secondServeWinPct": 0.5132689987937273,
  "aces": 418,
  "acePct": 0.044472816257048624,
  "doubleFaults": 0,
  "doubleFaultPct": 0
}