{
  "wins": [],
  "losses": [
    {
      "shotType": "BACKHAND",
      "total": 34,
      "winnerRate": 0.47058823529411764,
      "adjustedEffectiveness": -0.021719457013574694
    },
    {
      "shotType": "FOREHAND",
      "total": 36,
      "winnerRate": 0.4722222222222222,
      "adjustedEffectiveness": -0.020085470085470125
    },
    {
      "shotType": "SERVE",
      "total": 65,
      "winnerRate": 0.6,
      "adjustedEffectiveness": 0.10769230769230764
    }
  ]
}