{
  "wins": [
    {
      "shotType": "BACKHAND",
      "total": 96,
      "winnerRate": 0.3229166666666667,
      "adjustedEffectiveness": -0.047336497890295315
    },
    {
      "shotType": "BACKHAND_SLICE",
      "total": 33,
      "winnerRate": 0.21212121212121213,
      "adjustedEffectiveness": -0.15813195243574987
    },
    {
      "shotType": "FOREHAND",
      "total": 179,
      "winnerRate": 0.35195530726256985,
      "adjustedEffectiveness": -0.01829785729439215
    },
    {
      "shotType": "SERVE",
      "total": 159,
      "winnerRate": 0.4276729559748428,
      "adjustedEffectiveness": 0.05741979141788078
    }
  ],
  "losses": []
}