{
  "totalServePoints": 158,
  "firstServeIn": 93,
  "firstServeInPct": 0.5886075949367089,
  "firstServeWon": 63,
  "firstServeWinPct": 0.6774193548387096,
  "secondServeTotal": 65,
  "secondServeWon": 30,
  "secondServeWinPct": 0.46153846153846156,
  "aces": 10,
  "acePct": 0.06329113924050633,
  "doubleFaults": 0,
  "doubleFaultPct": 0
}