{
  "totalServePoints": 184,
  "firstServeIn": 102,
  "firstServeInPct": 0.5543478260869565,
  "firstServeWon": 78,
  "firstServeWinPct": 0.7647058823529411,
  "secondServeTotal": 82,
  "secondServeWon": 43,
  "secondServeWinPct": 0.524390243902439,
  "aces": 18,
  "acePct": 0.09782608695652174,
  "doubleFaults": 0,
  "doubleFaultPct": 0
}