{
  "totalServePoints": 251,
  "firstServeIn": 137,
  "firstServeInPct": 0.545816733067729,
  "firstServeWon": 98,
  "firstServeWinPct": 0.7153284671532847,
  "secondServeTotal": 114,
  "secondServeWon": 53,
  "secondServeWinPct": 0.4649122807017544,
  "aces": 21,
  "acePct": 0.08366533864541832,
  "doubleFaults": 0,
  "doubleFaultPct": 0
}