{
  "totalServePoints": 220,
  "firstServeIn": 120,
  "firstServeInPct": 0.5454545454545454,
  "firstServeWon": 97,
  "firstServeWinPct": 0.8083333333333333,
  "secondServeTotal": 100,
  "secondServeWon": 43,
  "secondServeWinPct": 0.43,
  "aces": 28,
  "acePct": 0.12727272727272726,
  "doubleFaults": 0,
  "doubleFaultPct": 0
}