{
  "wins": [],
  "losses": [
    {
      "shotType": "BACKHAND",
      "total": 60,
      "winnerRate": 0.23333333333333334,
      "adjustedEffectiveness": -0.21006289308176102
    },
    {
      "shotType": "FOREHAND",
      "total": 54,
      "winnerRate": 0.35185185185185186,
      "adjustedEffectiveness": -0.09154437456324249
    },
    {
      "shotType": "SERVE",
      "total": 53,
      "winnerRate": 0.5849056603773585,
      "adjustedEffectiveness": 0.14150943396226412
    }
  ]
}