{
  "totalServePoints": 63,
  "firstServeIn": 35,
  "firstServeInPct": 0.5555555555555556,
  "firstServeWon": 20,
  "firstServeWinPct": 0.5714285714285714,
  "secondServeTotal": 28,
  "secondServeWon": 11,
  "secondServeWinPct": 0.39285714285714285,
  "aces": 1,
  "acePct": 0.015873015873015872,
  "doubleFaults": 0,
  "doubleFaultPct": 0
}