{
  "wins": [],
  "losses": [
    {
      "shotType": "BACKHAND",
      "total": 69,
      "winnerRate": 0.37681159420289856,
      "adjustedEffectiveness": -0.007294366062002122
    },
    {
      "shotType": "FOREHAND",
      "total": 96,
      "winnerRate": 0.4375,
      "adjustedEffectiveness": 0.05339403973509932
    },
    {
      "shotType": "SERVE",
      "total": 75,
      "winnerRate": 0.41333333333333333,
      "adjustedEffectiveness": 0.02922737306843265
    }
  ]
}