{
  "totalServePoints": 445,
  "firstServeIn": 290,
  "firstServeInPct": 0.651685393258427,
  "firstServeWon": 190,
  "firstServeWinPct": 0.6551724137931034,
  "secondServeTotal": 155,
  "secondServeWon": 74,
  "secondServeWinPct": 0.4774193548387097,
  "aces": 33,
  "acePct": 0.07415730337078652,
  "doubleFaults": 0,
  "doubleFaultPct": 0
}