{
  "winning": [
    {
      "sequence": [
        "FOREHAND_RIGHT",
        "FOREHAND_RIGHT"
      ],
      "total": 15,
      "winnerRate": 0.7333333333333333,
      "uplift": 0.3260013577732518,
      "rankScore": 0.8828280424774481
    }
  ],
  "losing": [
    {
      "sequence": [
        "BACKHAND_LEFT",
        "BACKHAND_LEFT"
      ],
      "total": 26,
      "winnerRate": 0.3076923076923077,
      "uplift": -0.09963966786777378,
      "rankScore": -0.32463565692960406
    },
    {
      "sequence": [
        "FOREHAND_LEFT",
        "BACKHAND_LEFT"
      ],
      "total": 19,
      "winnerRate": 0.3684210526315789,
      "uplift": -0.03891092292850257,
      "rankScore": -0.11457083818602413
    }
  ]
}