{
  "totalServePoints": 251,
  "firstServeIn": 150,
  "firstServeInPct": 0.5976095617529881,
  "firstServeWon": 111,
  "firstServeWinPct": 0.74,
  "secondServeTotal": 101,
  "secondServeWon": 49,
  "secondServeWinPct": 0.48514851485148514,
  "aces": 26,
  "acePct": 0.10358565737051793,
  "doubleFaults": 0,
  "doubleFaultPct": 0
}