{
  "totalServePoints": 8809,
  "firstServeIn": 5728,
  "firstServeInPct": 0.6502440685662391,
  "firstServeWon": 4184,
  "firstServeWinPct": 0.7304469273743017,
  "secondServeTotal": 3081,
  "secondServeWon": 1745,
  "secondServeWinPct": 0.5663745537163258,
  "aces": 539,
  "acePct": 0.06118742195481894,
  "doubleFaults": 0,
  "doubleFaultPct": 0
}