{
  "winning": [],
  "losing": [
    {
      "sequence": [
        "FOREHAND_LEFT",
        "BACKHAND_CENTER"
      ],
      "total": 15,
      "winnerRate": 0.13333333333333333,
      "uplift": -0.21936376210235134,
      "rankScore": -0.5940480800758099
    }
  ]
}