{
  "totalServePoints": 130,
  "firstServeIn": 64,
  "firstServeInPct": 0.49230769230769234,
  "firstServeWon": 40,
  "firstServeWinPct": 0.625,
  "secondServeTotal": 66,
  "secondServeWon": 34,
  "secondServeWinPct": 0.5151515151515151,
  "aces": 3,
  "acePct": 0.023076923076923078,
  "doubleFaults": 0,
  "doubleFaultPct": 0
}