{
  "winning": [],
  "losing": [
    {
      "sequence": [
        "FOREHAND_RIGHT",
        "FOREHAND_LEFT"
      ],
      "total": 16,
      "winnerRate": 0.25,
      "uplift": -0.18352601156069365,
      "rankScore": -0.5088421498908269
    },
    {
      "sequence": [
        "FOREHAND_RIGHT",
        "FOREHAND_RIGHT"
      ],
      "total": 26,
      "winnerRate": 0.38461538461538464,
      "uplift": -0.04891062694530901,
      "rankScore": -0.1593555443229715
    }
  ]
}