{
  "totalServePoints": 2971,
  "firstServeIn": 1861,
  "firstServeInPct": 0.6263884214069337,
  "firstServeWon": 1349,
  "firstServeWinPct": 0.7248790972595379,
  "secondServeTotal": 1110,
  "secondServeWon": 546,
  "secondServeWinPct": 0.4918918918918919,
  "aces": 279,
  "acePct": 0.09390777515987883,
  "doubleFaults": 0,
  "doubleFaultPct": 0
}