{
  "winning": [
    {
      "sequence": [
        "FOREHAND_RIGHT",
        "BACKHAND_CENTER"
      ],
      "total": 23,
      "winnerRate": 0.5652173913043478,
      "uplift": 0.13299735201161694,
      "rankScore": 0.417012427966318
    },
    {
      "sequence": [
        "FOREHAND_CENTER",
        "FOREHAND_RIGHT"
      ],
      "total": 16,
      "winnerRate": 0.5,
      "uplift": 0.06777996070726916,
      "rankScore": 0.18792595465082998
    },
    {
      "sequence": [
        "BACKHAND_RIGHT",
        "FOREHAND_RIGHT"
      ],
      "total": 16,
      "winnerRate": 0.4375,
      "uplift": 0.00527996070726916,
      "rankScore": 0.014639159510843651
    }
  ],
  "losing": [
    {
      "sequence": [
        "FOREHAND_LEFT",
        "BACKHAND_LEFT"
      ],
      "total": 16,
      "winnerRate": 0.25,
      "uplift": -0.18222003929273084,
      "rankScore": -0.5052212259091153
    },
    {
      "sequence": [
        "FOREHAND_RIGHT",
        "BACKHAND_LEFT"
      ],
      "total": 15,
      "winnerRate": 0.3333333333333333,
      "uplift": -0.09888670595939753,
      "rankScore": -0.2677901639596816
    }
  ]
}