{
  "totalServePoints": 262,
  "firstServeIn": 182,
  "firstServeInPct": 0.6946564885496184,
  "firstServeWon": 111,
  "firstServeWinPct": 0.6098901098901099,
  "secondServeTotal": 80,
  "secondServeWon": 39,
  "secondServeWinPct": 0.4875,
  "aces": 14,
  "acePct": 0.05343511450381679,
  "doubleFaults": 0,
  "doubleFaultPct": 0
}