{
  "winning": [
    {
      "sequence": [
        "FOREHAND_CENTER",
        "BACKHAND_CENTER"
      ],
      "total": 16,
      "winnerRate": 0.5,
      "uplift": 0.14233576642335766,
      "rankScore": 0.39463854075675714
    }
  ],
  "losing": [
    {
      "sequence": [
        "FOREHAND_LEFT",
        "BACKHAND_CENTER"
      ],
      "total": 21,
      "winnerRate": 0.2857142857142857,
      "uplift": -0.07194994786235664,
      "rankScore": -0.21905323065997523
    },
    {
      "sequence": [
        "BACKHAND_CENTER",
        "FOREHAND_CENTER"
      ],
      "total": 15,
      "winnerRate": 0.3333333333333333,
      "uplift": -0.024330900243309028,
      "rankScore": -0.06588929929689083
    },
    {
      "sequence": [
        "FOREHAND_CENTER",
        "FOREHAND_CENTER"
      ],
      "total": 15,
      "winnerRate": 0.3333333333333333,
      "uplift": -0.024330900243309028,
      "rankScore": -0.06588929929689083
    }
  ]
}