{
  "totalServePoints": 12369,
  "firstServeIn": 8075,
  "firstServeInPct": 0.65284178187404,
  "firstServeWon": 5872,
  "firstServeWinPct": 0.7271826625386997,
  "secondServeTotal": 4294,
  "secondServeWon": 2313,
  "secondServeWinPct": 0.5386585933861202,
  "aces": 849,
  "acePct": 0.06863934028619936,
  "doubleFaults": 0,
  "doubleFaultPct": 0
}