{
  "wins": [
    {
      "shotType": "BACKHAND",
      "total": 26,
      "winnerRate": 0.3076923076923077,
      "adjustedEffectiveness": -0.07692307692307693
    },
    {
      "shotType": "BACKHAND_SLICE",
      "total": 25,
      "winnerRate": 0.2,
      "adjustedEffectiveness": -0.18461538461538463
    },
    {
      "shotType": "FOREHAND",
      "total": 55,
      "winnerRate": 0.36363636363636365,
      "adjustedEffectiveness": -0.02097902097902099
    },
    {
      "shotType": "SERVE",
      "total": 78,
      "winnerRate": 0.5,
      "adjustedEffectiveness": 0.11538461538461536
    }
  ],
  "losses": []
}