{
  "totalServePoints": 79,
  "firstServeIn": 53,
  "firstServeInPct": 0.6708860759493671,
  "firstServeWon": 32,
  "firstServeWinPct": 0.6037735849056604,
  "secondServeTotal": 26,
  "secondServeWon": 14,
  "secondServeWinPct": 0.5384615384615384,
  "aces": 1,
  "acePct": 0.012658227848101266,
  "doubleFaults": 0,
  "doubleFaultPct": 0
}