{
  "totalServePoints": 1399,
  "firstServeIn": 839,
  "firstServeInPct": 0.5997140814867763,
  "firstServeWon": 579,
  "firstServeWinPct": 0.6901072705601907,
  "secondServeTotal": 560,
  "secondServeWon": 255,
  "secondServeWinPct": 0.45535714285714285,
  "aces": 90,
  "acePct": 0.06433166547533953,
  "doubleFaults": 0,
  "doubleFaultPct": 0
}