{
  "wins": [],
  "losses": [
    {
      "shotType": "BACKHAND",
      "total": 25,
      "winnerRate": 0.48,
      "adjustedEffectiveness": -0.020000000000000018
    },
    {
      "shotType": "FOREHAND",
      "total": 36,
      "winnerRate": 0.4444444444444444,
      "adjustedEffectiveness": -0.05555555555555558
    },
    {
      "shotType": "SERVE",
      "total": 48,
      "winnerRate": 0.6041666666666666,
      "adjustedEffectiveness": 0.10416666666666663
    }
  ]
}