{
  "totalServePoints": 44,
  "firstServeIn": 27,
  "firstServeInPct": 0.6136363636363636,
  "firstServeWon": 19,
  "firstServeWinPct": 0.7037037037037037,
  "secondServeTotal": 17,
  "secondServeWon": 6,
  "secondServeWinPct": 0.35294117647058826,
  "aces": 1,
  "acePct": 0.022727272727272728,
  "doubleFaults": 0,
  "doubleFaultPct": 0
}