{
  "totalServePoints": 854,
  "firstServeIn": 534,
  "firstServeInPct": 0.6252927400468384,
  "firstServeWon": 428,
  "firstServeWinPct": 0.8014981273408239,
  "secondServeTotal": 320,
  "secondServeWon": 179,
  "secondServeWinPct": 0.559375,
  "aces": 145,
  "acePct": 0.16978922716627634,
  "doubleFaults": 0,
  "doubleFaultPct": 0
}