{
  "totalServePoints": 1295,
  "firstServeIn": 825,
  "firstServeInPct": 0.637065637065637,
  "firstServeWon": 545,
  "firstServeWinPct": 0.6606060606060606,
  "secondServeTotal": 470,
  "secondServeWon": 236,
  "secondServeWinPct": 0.502127659574468,
  "aces": 55,
  "acePct": 0.04247104247104247,
  "doubleFaults": 0,
  "doubleFaultPct": 0
}