{
  "wins": [
    {
      "shotType": "BACKHAND",
      "total": 36,
      "winnerRate": 0.3611111111111111,
      "adjustedEffectiveness": -0.049603174603174593
    },
    {
      "shotType": "FOREHAND",
      "total": 33,
      "winnerRate": 0.3939393939393939,
      "adjustedEffectiveness": -0.016774891774891776
    },
    {
      "shotType": "SERVE",
      "total": 28,
      "winnerRate": 0.4642857142857143,
      "adjustedEffectiveness": 0.0535714285714286
    }
  ],
  "losses": []
}