{
  "winning": [],
  "losing": [
    {
      "sequence": [
        "BACKHAND_LEFT",
        "BACKHAND_LEFT"
      ],
      "total": 20,
      "winnerRate": 0.35,
      "uplift": -0.06071428571428572,
      "rankScore": -0.18188374518006376
    }
  ]
}