{
  "totalServePoints": 145,
  "firstServeIn": 88,
  "firstServeInPct": 0.6068965517241379,
  "firstServeWon": 54,
  "firstServeWinPct": 0.6136363636363636,
  "secondServeTotal": 57,
  "secondServeWon": 31,
  "secondServeWinPct": 0.543859649122807,
  "aces": 3,
  "acePct": 0.020689655172413793,
  "doubleFaults": 0,
  "doubleFaultPct": 0
}