{
  "winning": [
    {
      "sequence": [
        "BACKHAND_LEFT_DEEP",
        "BACKHAND_LEFT_DEEP"
      ],
      "total": 15,
      "winnerRate": 0.6,
      "uplift": 0.18490566037735845,
      "rankScore": 0.5007338107698425
    },
    {
      "sequence": [
        "BACKHAND_LEFT_BASELINE",
        "BACKHAND_LEFT_DEEP"
      ],
      "total": 15,
      "winnerRate": 0.4666666666666667,
      "uplift": 0.051572327044025146,
      "rankScore": 0.13966045062288124
    }
  ],
  "losing": []
}