{
  "totalServePoints": 674,
  "firstServeIn": 400,
  "firstServeInPct": 0.5934718100890207,
  "firstServeWon": 292,
  "firstServeWinPct": 0.73,
  "secondServeTotal": 274,
  "secondServeWon": 128,
  "secondServeWinPct": 0.46715328467153283,
  "aces": 82,
  "acePct": 0.12166172106824925,
  "doubleFaults": 0,
  "doubleFaultPct": 0
}