{
  "totalServePoints": 62,
  "firstServeIn": 35,
  "firstServeInPct": 0.5645161290322581,
  "firstServeWon": 24,
  "firstServeWinPct": 0.6857142857142857,
  "secondServeTotal": 27,
  "secondServeWon": 10,
  "secondServeWinPct": 0.37037037037037035,
  "aces": 1,
  "acePct": 0.016129032258064516,
  "doubleFaults": 0,
  "doubleFaultPct": 0
}