{
  "totalServePoints": 567,
  "firstServeIn": 344,
  "firstServeInPct": 0.6067019400352733,
  "firstServeWon": 221,
  "firstServeWinPct": 0.6424418604651163,
  "secondServeTotal": 223,
  "secondServeWon": 106,
  "secondServeWinPct": 0.47533632286995514,
  "aces": 20,
  "acePct": 0.03527336860670194,
  "doubleFaults": 0,
  "doubleFaultPct": 0
}