{
  "totalServePoints": 2473,
  "firstServeIn": 1699,
  "firstServeInPct": 0.6870198139911039,
  "firstServeWon": 1269,
  "firstServeWinPct": 0.7469099470276633,
  "secondServeTotal": 774,
  "secondServeWon": 466,
  "secondServeWinPct": 0.6020671834625323,
  "aces": 195,
  "acePct": 0.07885159725030327,
  "doubleFaults": 0,
  "doubleFaultPct": 0
}