{
  "wins": [],
  "losses": [
    {
      "shotType": "BACKHAND",
      "total": 36,
      "winnerRate": 0.2222222222222222,
      "adjustedEffectiveness": -0.11441144114411445
    },
    {
      "shotType": "FOREHAND",
      "total": 38,
      "winnerRate": 0.2894736842105263,
      "adjustedEffectiveness": -0.04715997915581033
    },
    {
      "shotType": "SERVE",
      "total": 50,
      "winnerRate": 0.34,
      "adjustedEffectiveness": 0.0033663366336633693
    }
  ]
}