{
  "totalServePoints": 52,
  "firstServeIn": 28,
  "firstServeInPct": 0.5384615384615384,
  "firstServeWon": 15,
  "firstServeWinPct": 0.5357142857142857,
  "secondServeTotal": 24,
  "secondServeWon": 8,
  "secondServeWinPct": 0.3333333333333333,
  "aces": 2,
  "acePct": 0.038461538461538464,
  "doubleFaults": 0,
  "doubleFaultPct": 0
}