{
  "totalServePoints": 232,
  "firstServeIn": 153,
  "firstServeInPct": 0.6594827586206896,
  "firstServeWon": 97,
  "firstServeWinPct": 0.6339869281045751,
  "secondServeTotal": 79,
  "secondServeWon": 34,
  "secondServeWinPct": 0.43037974683544306,
  "aces": 14,
  "acePct": 0.0603448275862069,
  "doubleFaults": 0,
  "doubleFaultPct": 0
}