{
  "winning": [
    {
      "sequence": [
        "BACKHAND_LEFT",
        "BACKHAND_LEFT"
      ],
      "total": 22,
      "winnerRate": 0.5454545454545454,
      "uplift": 0.15482954545454541,
      "rankScore": 0.478584698034171
    }
  ],
  "losing": []
}