{
  "totalServePoints": 178,
  "firstServeIn": 107,
  "firstServeInPct": 0.601123595505618,
  "firstServeWon": 77,
  "firstServeWinPct": 0.719626168224299,
  "secondServeTotal": 71,
  "secondServeWon": 37,
  "secondServeWinPct": 0.5211267605633803,
  "aces": 4,
  "acePct": 0.02247191011235955,
  "doubleFaults": 0,
  "doubleFaultPct": 0
}