{
  "totalServePoints": 156,
  "firstServeIn": 106,
  "firstServeInPct": 0.6794871794871795,
  "firstServeWon": 78,
  "firstServeWinPct": 0.7358490566037735,
  "secondServeTotal": 50,
  "secondServeWon": 20,
  "secondServeWinPct": 0.4,
  "aces": 16,
  "acePct": 0.10256410256410256,
  "doubleFaults": 0,
  "doubleFaultPct": 0
}