{
  "winning": [],
  "losing": [
    {
      "sequence": [
        "BACKHAND_LEFT",
        "BACKHAND_LEFT"
      ],
      "total": 18,
      "winnerRate": 0.16666666666666666,
      "uplift": -0.19467787114845939,
      "rankScore": -0.5626914206548556
    },
    {
      "sequence": [
        "FOREHAND_LEFT",
        "BACKHAND_LEFT"
      ],
      "total": 19,
      "winnerRate": 0.2631578947368421,
      "uplift": -0.09818664307828395,
      "rankScore": -0.28910457911320203
    }
  ]
}