{
  "totalServePoints": 853,
  "firstServeIn": 524,
  "firstServeInPct": 0.6143024618991794,
  "firstServeWon": 349,
  "firstServeWinPct": 0.666030534351145,
  "secondServeTotal": 329,
  "secondServeWon": 152,
  "secondServeWinPct": 0.46200607902735563,
  "aces": 44,
  "acePct": 0.05158264947245018,
  "doubleFaults": 0,
  "doubleFaultPct": 0
}