{
  "totalServePoints": 413,
  "firstServeIn": 282,
  "firstServeInPct": 0.6828087167070218,
  "firstServeWon": 195,
  "firstServeWinPct": 0.6914893617021277,
  "secondServeTotal": 131,
  "secondServeWon": 71,
  "secondServeWinPct": 0.5419847328244275,
  "aces": 19,
  "acePct": 0.04600484261501211,
  "doubleFaults": 0,
  "doubleFaultPct": 0
}