{
  "totalServePoints": 675,
  "firstServeIn": 422,
  "firstServeInPct": 0.6251851851851852,
  "firstServeWon": 308,
  "firstServeWinPct": 0.7298578199052133,
  "secondServeTotal": 253,
  "secondServeWon": 128,
  "secondServeWinPct": 0.5059288537549407,
  "aces": 79,
  "acePct": 0.11703703703703704,
  "doubleFaults": 0,
  "doubleFaultPct": 0
}