{
  "totalServePoints": 892,
  "firstServeIn": 517,
  "firstServeInPct": 0.5795964125560538,
  "firstServeWon": 360,
  "firstServeWinPct": 0.6963249516441006,
  "secondServeTotal": 375,
  "secondServeWon": 186,
  "secondServeWinPct": 0.496,
  "aces": 53,
  "acePct": 0.05941704035874439,
  "doubleFaults": 0,
  "doubleFaultPct": 0
}