{
  "winning": [],
  "losing": [
    {
      "sequence": [
        "BACKHAND_LEFT",
        "BACKHAND_LEFT",
        "BACKHAND_LEFT"
      ],
      "total": 15,
      "winnerRate": 0.26666666666666666,
      "uplift": -0.14404761904761904,
      "rankScore": -0.39008818373019927
    },
    {
      "sequence": [
        "BACKHAND_LEFT",
        "BACKHAND_LEFT"
      ],
      "total": 24,
      "winnerRate": 0.2916666666666667,
      "uplift": -0.11904761904761901,
      "rankScore": -0.37833974170808865
    }
  ]
}