{
  "totalServePoints": 808,
  "firstServeIn": 473,
  "firstServeInPct": 0.5853960396039604,
  "firstServeWon": 341,
  "firstServeWinPct": 0.7209302325581395,
  "secondServeTotal": 335,
  "secondServeWon": 163,
  "secondServeWinPct": 0.48656716417910445,
  "aces": 64,
  "acePct": 0.07920792079207921,
  "doubleFaults": 0,
  "doubleFaultPct": 0
}