{
  "winning": [],
  "losing": [
    {
      "sequence": [
        "FOREHAND_RIGHT",
        "FOREHAND_RIGHT"
      ],
      "total": 18,
      "winnerRate": 0.1111111111111111,
      "uplift": -0.24490983129726585,
      "rankScore": -0.7078804596127314
    },
    {
      "sequence": [
        "FOREHAND_LEFT",
        "BACKHAND_LEFT"
      ],
      "total": 26,
      "winnerRate": 0.23076923076923078,
      "uplift": -0.12525171163914617,
      "rankScore": -0.4080821680727671
    },
    {
      "sequence": [
        "BACKHAND_LEFT",
        "BACKHAND_CENTER"
      ],
      "total": 15,
      "winnerRate": 0.26666666666666666,
      "uplift": -0.08935427574171029,
      "rankScore": -0.24197586439168087
    }
  ]
}