{
  "totalServePoints": 103,
  "firstServeIn": 70,
  "firstServeInPct": 0.6796116504854369,
  "firstServeWon": 45,
  "firstServeWinPct": 0.6428571428571429,
  "secondServeTotal": 33,
  "secondServeWon": 17,
  "secondServeWinPct": 0.5151515151515151,
  "aces": 8,
  "acePct": 0.07766990291262135,
  "doubleFaults": 0,
  "doubleFaultPct": 0
}