{
  "totalServePoints": 37,
  "firstServeIn": 23,
  "firstServeInPct": 0.6216216216216216,
  "firstServeWon": 21,
  "firstServeWinPct": 0.9130434782608695,
  "secondServeTotal": 14,
  "secondServeWon": 8,
  "secondServeWinPct": 0.5714285714285714,
  "aces": 2,
  "acePct": 0.05405405405405406,
  "doubleFaults": 0,
  "doubleFaultPct": 0
}