{
  "totalServePoints": 613,
  "firstServeIn": 390,
  "firstServeInPct": 0.636215334420881,
  "firstServeWon": 273,
  "firstServeWinPct": 0.7,
  "secondServeTotal": 223,
  "secondServeWon": 108,
  "secondServeWinPct": 0.484304932735426,
  "aces": 34,
  "acePct": 0.05546492659053834,
  "doubleFaults": 0,
  "doubleFaultPct": 0
}