{
  "totalServePoints": 1083,
  "firstServeIn": 694,
  "firstServeInPct": 0.6408125577100646,
  "firstServeWon": 457,
  "firstServeWinPct": 0.6585014409221902,
  "secondServeTotal": 389,
  "secondServeWon": 172,
  "secondServeWinPct": 0.442159383033419,
  "aces": 43,
  "acePct": 0.03970452446906741,
  "doubleFaults": 0,
  "doubleFaultPct": 0
}