{
  "totalServePoints": 383,
  "firstServeIn": 237,
  "firstServeInPct": 0.618798955613577,
  "firstServeWon": 171,
  "firstServeWinPct": 0.7215189873417721,
  "secondServeTotal": 146,
  "secondServeWon": 79,
  "secondServeWinPct": 0.541095890410959,
  "aces": 22,
  "acePct": 0.057441253263707574,
  "doubleFaults": 0,
  "doubleFaultPct": 0
}