{
  "totalServePoints": 273,
  "firstServeIn": 158,
  "firstServeInPct": 0.5787545787545788,
  "firstServeWon": 109,
  "firstServeWinPct": 0.689873417721519,
  "secondServeTotal": 115,
  "secondServeWon": 59,
  "secondServeWinPct": 0.5130434782608696,
  "aces": 21,
  "acePct": 0.07692307692307693,
  "doubleFaults": 0,
  "doubleFaultPct": 0
}