{
  "totalServePoints": 5897,
  "firstServeIn": 3624,
  "firstServeInPct": 0.6145497710700356,
  "firstServeWon": 2491,
  "firstServeWinPct": 0.6873620309050773,
  "secondServeTotal": 2273,
  "secondServeWon": 1159,
  "secondServeWinPct": 0.5098988121425428,
  "aces": 213,
  "acePct": 0.0361200610479905,
  "doubleFaults": 0,
  "doubleFaultPct": 0
}