{
  "wins": [
    {
      "shotType": "BACKHAND",
      "total": 82,
      "winnerRate": 0.45121951219512196,
      "adjustedEffectiveness": 0.06844439257789708
    },
    {
      "shotType": "BACKHAND_SLICE",
      "total": 31,
      "winnerRate": 0.41935483870967744,
      "adjustedEffectiveness": 0.036579719092452556
    },
    {
      "shotType": "FOREHAND",
      "total": 108,
      "winnerRate": 0.3888888888888889,
      "adjustedEffectiveness": 0.006113769271664016
    },
    {
      "shotType": "SERVE",
      "total": 105,
      "winnerRate": 0.44761904761904764,
      "adjustedEffectiveness": 0.06484392800182276
    }
  ],
  "losses": []
}