{
  "totalServePoints": 121,
  "firstServeIn": 74,
  "firstServeInPct": 0.6115702479338843,
  "firstServeWon": 51,
  "firstServeWinPct": 0.6891891891891891,
  "secondServeTotal": 47,
  "secondServeWon": 16,
  "secondServeWinPct": 0.3404255319148936,
  "aces": 6,
  "acePct": 0.049586776859504134,
  "doubleFaults": 0,
  "doubleFaultPct": 0
}