{
  "totalServePoints": 838,
  "firstServeIn": 544,
  "firstServeInPct": 0.649164677804296,
  "firstServeWon": 403,
  "firstServeWinPct": 0.7408088235294118,
  "secondServeTotal": 294,
  "secondServeWon": 144,
  "secondServeWinPct": 0.4897959183673469,
  "aces": 109,
  "acePct": 0.13007159904534607,
  "doubleFaults": 0,
  "doubleFaultPct": 0
}