{
  "totalServePoints": 87,
  "firstServeIn": 54,
  "firstServeInPct": 0.6206896551724138,
  "firstServeWon": 30,
  "firstServeWinPct": 0.5555555555555556,
  "secondServeTotal": 33,
  "secondServeWon": 14,
  "secondServeWinPct": 0.42424242424242425,
  "aces": 6,
  "acePct": 0.06896551724137931,
  "doubleFaults": 0,
  "doubleFaultPct": 0
}