{
  "wins": [
    {
      "shotType": "BACKHAND",
      "total": 15,
      "winnerRate": 0.4,
      "adjustedEffectiveness": -0.0444444444444444
    },
    {
      "shotType": "FOREHAND",
      "total": 17,
      "winnerRate": 0.29411764705882354,
      "adjustedEffectiveness": -0.15032679738562088
    },
    {
      "shotType": "SERVE",
      "total": 50,
      "winnerRate": 0.66,
      "adjustedEffectiveness": 0.2155555555555556
    }
  ],
  "losses": []
}