{
  "totalServePoints": 57,
  "firstServeIn": 33,
  "firstServeInPct": 0.5789473684210527,
  "firstServeWon": 24,
  "firstServeWinPct": 0.7272727272727273,
  "secondServeTotal": 24,
  "secondServeWon": 11,
  "secondServeWinPct": 0.4583333333333333,
  "aces": 3,
  "acePct": 0.05263157894736842,
  "doubleFaults": 0,
  "doubleFaultPct": 0
}