{
  "totalServePoints": 7516,
  "firstServeIn": 4400,
  "firstServeInPct": 0.5854177754124534,
  "firstServeWon": 3118,
  "firstServeWinPct": 0.7086363636363636,
  "secondServeTotal": 3116,
  "secondServeWon": 1646,
  "secondServeWinPct": 0.5282413350449294,
  "aces": 361,
  "acePct": 0.04803086748270356,
  "doubleFaults": 0,
  "doubleFaultPct": 0
}