{
  "totalServePoints": 168,
  "firstServeIn": 100,
  "firstServeInPct": 0.5952380952380952,
  "firstServeWon": 58,
  "firstServeWinPct": 0.58,
  "secondServeTotal": 68,
  "secondServeWon": 29,
  "secondServeWinPct": 0.4264705882352941,
  "aces": 6,
  "acePct": 0.03571428571428571,
  "doubleFaults": 0,
  "doubleFaultPct": 0
}