{
  "winning": [],
  "losing": [
    {
      "sequence": [
        "BACKHAND_LEFT",
        "BACKHAND_LEFT"
      ],
      "total": 17,
      "winnerRate": 0.4117647058823529,
      "uplift": -0.0029818378964489023,
      "rankScore": -0.008448182918031547
    }
  ]
}