{
  "totalServePoints": 202,
  "firstServeIn": 132,
  "firstServeInPct": 0.6534653465346535,
  "firstServeWon": 96,
  "firstServeWinPct": 0.7272727272727273,
  "secondServeTotal": 70,
  "secondServeWon": 33,
  "secondServeWinPct": 0.4714285714285714,
  "aces": 13,
  "acePct": 0.06435643564356436,
  "doubleFaults": 0,
  "doubleFaultPct": 0
}