{
  "wins": [
    {
      "shotType": "BACKHAND",
      "total": 26,
      "winnerRate": 0.2692307692307692,
      "adjustedEffectiveness": -0.2265675500969619
    },
    {
      "shotType": "FOREHAND",
      "total": 45,
      "winnerRate": 0.4222222222222222,
      "adjustedEffectiveness": -0.07357609710550889
    },
    {
      "shotType": "SERVE",
      "total": 60,
      "winnerRate": 0.5833333333333334,
      "adjustedEffectiveness": 0.08753501400560226
    }
  ],
  "losses": []
}