{
  "totalServePoints": 20116,
  "firstServeIn": 12143,
  "firstServeInPct": 0.6036488367468682,
  "firstServeWon": 9211,
  "firstServeWinPct": 0.7585440171292103,
  "secondServeTotal": 7973,
  "secondServeWon": 4420,
  "secondServeWinPct": 0.5543710021321961,
  "aces": 1625,
  "acePct": 0.08078146748856632,
  "doubleFaults": 0,
  "doubleFaultPct": 0
}