{
  "wins": [
    {
      "shotType": "BACKHAND",
      "total": 72,
      "winnerRate": 0.3194444444444444,
      "adjustedEffectiveness": -0.09677177177177182
    },
    {
      "shotType": "BACKHAND_SLICE",
      "total": 25,
      "winnerRate": 0.32,
      "adjustedEffectiveness": -0.09621621621621623
    },
    {
      "shotType": "FOREHAND",
      "total": 104,
      "winnerRate": 0.4423076923076923,
      "adjustedEffectiveness": 0.02609147609147605
    },
    {
      "shotType": "SERVE",
      "total": 93,
      "winnerRate": 0.3763440860215054,
      "adjustedEffectiveness": -0.039872130194710864
    }
  ],
  "losses": []
}