{
  "totalServePoints": 86,
  "firstServeIn": 49,
  "firstServeInPct": 0.5697674418604651,
  "firstServeWon": 29,
  "firstServeWinPct": 0.5918367346938775,
  "secondServeTotal": 37,
  "secondServeWon": 16,
  "secondServeWinPct": 0.43243243243243246,
  "aces": 3,
  "acePct": 0.03488372093023256,
  "doubleFaults": 0,
  "doubleFaultPct": 0
}