{
  "totalServePoints": 2843,
  "firstServeIn": 1766,
  "firstServeInPct": 0.6211748153359128,
  "firstServeWon": 1250,
  "firstServeWinPct": 0.7078142695356738,
  "secondServeTotal": 1077,
  "secondServeWon": 515,
  "secondServeWinPct": 0.47818012999071496,
  "aces": 182,
  "acePct": 0.06401688357368976,
  "doubleFaults": 0,
  "doubleFaultPct": 0
}