{
  "totalServePoints": 1658,
  "firstServeIn": 1010,
  "firstServeInPct": 0.609167671893848,
  "firstServeWon": 755,
  "firstServeWinPct": 0.7475247524752475,
  "secondServeTotal": 648,
  "secondServeWon": 279,
  "secondServeWinPct": 0.4305555555555556,
  "aces": 197,
  "acePct": 0.11881785283474065,
  "doubleFaults": 0,
  "doubleFaultPct": 0
}