{
  "winning": [
    {
      "sequence": [
        "BACKHAND_LEFT",
        "BACKHAND_LEFT"
      ],
      "total": 22,
      "winnerRate": 0.5909090909090909,
      "uplift": 0.21911421911421913,
      "rankScore": 0.6772913534165076
    }
  ],
  "losing": []
}