{
  "totalServePoints": 717,
  "firstServeIn": 446,
  "firstServeInPct": 0.6220362622036262,
  "firstServeWon": 332,
  "firstServeWinPct": 0.7443946188340808,
  "secondServeTotal": 271,
  "secondServeWon": 107,
  "secondServeWinPct": 0.3948339483394834,
  "aces": 66,
  "acePct": 0.09205020920502092,
  "doubleFaults": 0,
  "doubleFaultPct": 0
}