{
  "wins": [
    {
      "shotType": "BACKHAND",
      "total": 31,
      "winnerRate": 0.45161290322580644,
      "adjustedEffectiveness": 0.04567230916640047
    },
    {
      "shotType": "FOREHAND",
      "total": 30,
      "winnerRate": 0.3333333333333333,
      "adjustedEffectiveness": -0.07260726072607265
    },
    {
      "shotType": "SERVE",
      "total": 51,
      "winnerRate": 0.5686274509803921,
      "adjustedEffectiveness": 0.16268685692098617
    }
  ],
  "losses": []
}