{
  "wins": [
    {
      "shotType": "BACKHAND",
      "total": 24,
      "winnerRate": 0.375,
      "adjustedEffectiveness": 0.0013736263736263687
    },
    {
      "shotType": "FOREHAND",
      "total": 47,
      "winnerRate": 0.3404255319148936,
      "adjustedEffectiveness": -0.03320084171148002
    },
    {
      "shotType": "SERVE",
      "total": 46,
      "winnerRate": 0.41304347826086957,
      "adjustedEffectiveness": 0.039417104634495936
    }
  ],
  "losses": []
}