{
  "totalServePoints": 285,
  "firstServeIn": 183,
  "firstServeInPct": 0.6421052631578947,
  "firstServeWon": 116,
  "firstServeWinPct": 0.6338797814207651,
  "secondServeTotal": 102,
  "secondServeWon": 51,
  "secondServeWinPct": 0.5,
  "aces": 11,
  "acePct": 0.03859649122807018,
  "doubleFaults": 0,
  "doubleFaultPct": 0
}