{
  "totalServePoints": 271,
  "firstServeIn": 167,
  "firstServeInPct": 0.6162361623616236,
  "firstServeWon": 117,
  "firstServeWinPct": 0.7005988023952096,
  "secondServeTotal": 104,
  "secondServeWon": 50,
  "secondServeWinPct": 0.4807692307692308,
  "aces": 6,
  "acePct": 0.02214022140221402,
  "doubleFaults": 0,
  "doubleFaultPct": 0
}