{
  "totalServePoints": 78,
  "firstServeIn": 45,
  "firstServeInPct": 0.5769230769230769,
  "firstServeWon": 31,
  "firstServeWinPct": 0.6888888888888889,
  "secondServeTotal": 33,
  "secondServeWon": 19,
  "secondServeWinPct": 0.5757575757575758,
  "aces": 1,
  "acePct": 0.01282051282051282,
  "doubleFaults": 0,
  "doubleFaultPct": 0
}