{
  "totalServePoints": 953,
  "firstServeIn": 560,
  "firstServeInPct": 0.5876180482686254,
  "firstServeWon": 383,
  "firstServeWinPct": 0.6839285714285714,
  "secondServeTotal": 393,
  "secondServeWon": 177,
  "secondServeWinPct": 0.45038167938931295,
  "aces": 74,
  "acePct": 0.0776495278069255,
  "doubleFaults": 0,
  "doubleFaultPct": 0
}