{
  "winning": [
    {
      "sequence": [
        "FOREHAND_RIGHT",
        "FOREHAND_RIGHT"
      ],
      "total": 17,
      "winnerRate": 0.6470588235294118,
      "uplift": 0.26610644257703087,
      "rankScore": 0.7539363240485731
    },
    {
      "sequence": [
        "FOREHAND_RIGHT",
        "FOREHAND_LEFT"
      ],
      "total": 17,
      "winnerRate": 0.5882352941176471,
      "uplift": 0.20728291316526615,
      "rankScore": 0.587276715574678
    }
  ],
  "losing": []
}