{
  "totalServePoints": 85,
  "firstServeIn": 52,
  "firstServeInPct": 0.611764705882353,
  "firstServeWon": 27,
  "firstServeWinPct": 0.5192307692307693,
  "secondServeTotal": 33,
  "secondServeWon": 12,
  "secondServeWinPct": 0.36363636363636365,
  "aces": 4,
  "acePct": 0.047058823529411764,
  "doubleFaults": 0,
  "doubleFaultPct": 0
}