{
  "winning": [
    {
      "sequence": [
        "BACKHAND_LEFT",
        "FOREHAND_LEFT"
      ],
      "total": 17,
      "winnerRate": 0.5294117647058824,
      "uplift": 0.10426206410707994,
      "rankScore": 0.2953966713070236
    }
  ],
  "losing": [
    {
      "sequence": [
        "BACKHAND_RIGHT",
        "FOREHAND_RIGHT"
      ],
      "total": 18,
      "winnerRate": 0.3888888888888889,
      "uplift": -0.03626081170991352,
      "rankScore": -0.10480722608472456
    }
  ]
}