{
  "totalServePoints": 153,
  "firstServeIn": 77,
  "firstServeInPct": 0.5032679738562091,
  "firstServeWon": 58,
  "firstServeWinPct": 0.7532467532467533,
  "secondServeTotal": 76,
  "secondServeWon": 42,
  "secondServeWinPct": 0.5526315789473685,
  "aces": 9,
  "acePct": 0.058823529411764705,
  "doubleFaults": 0,
  "doubleFaultPct": 0
}