{
  "wins": [
    {
      "shotType": "BACKHAND",
      "total": 88,
      "winnerRate": 0.38636363636363635,
      "adjustedEffectiveness": -0.0007331378299120228
    },
    {
      "shotType": "FOREHAND",
      "total": 117,
      "winnerRate": 0.39316239316239315,
      "adjustedEffectiveness": 0.006065618968844777
    },
    {
      "shotType": "SERVE",
      "total": 93,
      "winnerRate": 0.4731182795698925,
      "adjustedEffectiveness": 0.08602150537634412
    }
  ],
  "losses": []
}