{
  "totalServePoints": 97,
  "firstServeIn": 66,
  "firstServeInPct": 0.6804123711340206,
  "firstServeWon": 43,
  "firstServeWinPct": 0.6515151515151515,
  "secondServeTotal": 31,
  "secondServeWon": 17,
  "secondServeWinPct": 0.5483870967741935,
  "aces": 1,
  "acePct": 0.010309278350515464,
  "doubleFaults": 0,
  "doubleFaultPct": 0
}