{
  "totalServePoints": 62,
  "firstServeIn": 29,
  "firstServeInPct": 0.46774193548387094,
  "firstServeWon": 22,
  "firstServeWinPct": 0.7586206896551724,
  "secondServeTotal": 33,
  "secondServeWon": 17,
  "secondServeWinPct": 0.5151515151515151,
  "aces": 4,
  "acePct": 0.06451612903225806,
  "doubleFaults": 0,
  "doubleFaultPct": 0
}