{
  "totalServePoints": 870,
  "firstServeIn": 520,
  "firstServeInPct": 0.5977011494252874,
  "firstServeWon": 347,
  "firstServeWinPct": 0.6673076923076923,
  "secondServeTotal": 350,
  "secondServeWon": 158,
  "secondServeWinPct": 0.4514285714285714,
  "aces": 47,
  "acePct": 0.054022988505747126,
  "doubleFaults": 0,
  "doubleFaultPct": 0
}