{
  "totalServePoints": 120,
  "firstServeIn": 69,
  "firstServeInPct": 0.575,
  "firstServeWon": 42,
  "firstServeWinPct": 0.6086956521739131,
  "secondServeTotal": 51,
  "secondServeWon": 26,
  "secondServeWinPct": 0.5098039215686274,
  "aces": 8,
  "acePct": 0.06666666666666667,
  "doubleFaults": 0,
  "doubleFaultPct": 0
}