{
  "totalServePoints": 52,
  "firstServeIn": 36,
  "firstServeInPct": 0.6923076923076923,
  "firstServeWon": 25,
  "firstServeWinPct": 0.6944444444444444,
  "secondServeTotal": 16,
  "secondServeWon": 11,
  "secondServeWinPct": 0.6875,
  "aces": 5,
  "acePct": 0.09615384615384616,
  "doubleFaults": 0,
  "doubleFaultPct": 0
}