{
  "wins": [],
  "losses": [
    {
      "shotType": "BACKHAND",
      "total": 23,
      "winnerRate": 0.4782608695652174,
      "adjustedEffectiveness": 0.12640901771336555
    },
    {
      "shotType": "BACKHAND_SLICE",
      "total": 16,
      "winnerRate": 0.25,
      "adjustedEffectiveness": -0.10185185185185186
    },
    {
      "shotType": "FOREHAND",
      "total": 44,
      "winnerRate": 0.25,
      "adjustedEffectiveness": -0.10185185185185186
    },
    {
      "shotType": "SERVE",
      "total": 54,
      "winnerRate": 0.46296296296296297,
      "adjustedEffectiveness": 0.1111111111111111
    }
  ]
}