{
  "wins": [
    {
      "shotType": "BACKHAND",
      "total": 189,
      "winnerRate": 0.38095238095238093,
      "adjustedEffectiveness": 0.014798534798534768
    },
    {
      "shotType": "BACKHAND_SLICE",
      "total": 26,
      "winnerRate": 0.038461538461538464,
      "adjustedEffectiveness": -0.3276923076923077
    },
    {
      "shotType": "FOREHAND",
      "total": 241,
      "winnerRate": 0.38589211618257263,
      "adjustedEffectiveness": 0.019738270028726468
    },
    {
      "shotType": "SERVE",
      "total": 163,
      "winnerRate": 0.4171779141104294,
      "adjustedEffectiveness": 0.05102406795658326
    }
  ],
  "losses": []
}