{
  "totalServePoints": 168,
  "firstServeIn": 93,
  "firstServeInPct": 0.5535714285714286,
  "firstServeWon": 61,
  "firstServeWinPct": 0.6559139784946236,
  "secondServeTotal": 75,
  "secondServeWon": 37,
  "secondServeWinPct": 0.49333333333333335,
  "aces": 5,
  "acePct": 0.02976190476190476,
  "doubleFaults": 0,
  "doubleFaultPct": 0
}