{
  "totalServePoints": 86,
  "firstServeIn": 56,
  "firstServeInPct": 0.6511627906976745,
  "firstServeWon": 41,
  "firstServeWinPct": 0.7321428571428571,
  "secondServeTotal": 30,
  "secondServeWon": 19,
  "secondServeWinPct": 0.6333333333333333,
  "aces": 8,
  "acePct": 0.09302325581395349,
  "doubleFaults": 0,
  "doubleFaultPct": 0
}