{
  "wins": [
    {
      "shotType": "BACKHAND",
      "total": 72,
      "winnerRate": 0.3333333333333333,
      "adjustedEffectiveness": -0.09770114942528735
    },
    {
      "shotType": "BACKHAND_SLICE",
      "total": 23,
      "winnerRate": 0.2608695652173913,
      "adjustedEffectiveness": -0.17016491754122937
    },
    {
      "shotType": "FOREHAND",
      "total": 119,
      "winnerRate": 0.42016806722689076,
      "adjustedEffectiveness": -0.0108664155317299
    },
    {
      "shotType": "SERVE",
      "total": 58,
      "winnerRate": 0.4827586206896552,
      "adjustedEffectiveness": 0.05172413793103453
    }
  ],
  "losses": []
}