{
  "totalServePoints": 371,
  "firstServeIn": 250,
  "firstServeInPct": 0.6738544474393531,
  "firstServeWon": 168,
  "firstServeWinPct": 0.672,
  "secondServeTotal": 121,
  "secondServeWon": 63,
  "secondServeWinPct": 0.5206611570247934,
  "aces": 6,
  "acePct": 0.016172506738544475,
  "doubleFaults": 0,
  "doubleFaultPct": 0
}