{
  "totalServePoints": 168,
  "firstServeIn": 103,
  "firstServeInPct": 0.6130952380952381,
  "firstServeWon": 74,
  "firstServeWinPct": 0.7184466019417476,
  "secondServeTotal": 65,
  "secondServeWon": 36,
  "secondServeWinPct": 0.5538461538461539,
  "aces": 3,
  "acePct": 0.017857142857142856,
  "doubleFaults": 0,
  "doubleFaultPct": 0
}