{
  "totalServePoints": 904,
  "firstServeIn": 522,
  "firstServeInPct": 0.577433628318584,
  "firstServeWon": 346,
  "firstServeWinPct": 0.6628352490421456,
  "secondServeTotal": 382,
  "secondServeWon": 184,
  "secondServeWinPct": 0.4816753926701571,
  "aces": 28,
  "acePct": 0.030973451327433628,
  "doubleFaults": 0,
  "doubleFaultPct": 0
}