{
  "winning": [
    {
      "sequence": [
        "FOREHAND_LEFT",
        "BACKHAND_LEFT"
      ],
      "total": 16,
      "winnerRate": 0.75,
      "uplift": 0.30319148936170215,
      "rankScore": 0.8406253040833379
    },
    {
      "sequence": [
        "FOREHAND_RIGHT",
        "FOREHAND_LEFT"
      ],
      "total": 17,
      "winnerRate": 0.6470588235294118,
      "uplift": 0.20025031289111395,
      "rankScore": 0.5673518586345365
    },
    {
      "sequence": [
        "FOREHAND_LEFT",
        "BACKHAND_CENTER"
      ],
      "total": 18,
      "winnerRate": 0.5555555555555556,
      "uplift": 0.10874704491725773,
      "rankScore": 0.3143193873835074
    },
    {
      "sequence": [
        "FOREHAND_RIGHT",
        "FOREHAND_RIGHT"
      ],
      "total": 21,
      "winnerRate": 0.5238095238095238,
      "uplift": 0.07700101317122598,
      "rankScore": 0.23443131232723433
    }
  ],
  "losing": [
    {
      "sequence": [
        "FOREHAND_LEFT",
        "BACKHAND_SLICE_LEFT"
      ],
      "total": 16,
      "winnerRate": 0.3125,
      "uplift": -0.13430851063829785,
      "rankScore": -0.3723822618965663
    }
  ]
}