{
  "totalServePoints": 47,
  "firstServeIn": 26,
  "firstServeInPct": 0.5531914893617021,
  "firstServeWon": 14,
  "firstServeWinPct": 0.5384615384615384,
  "secondServeTotal": 21,
  "secondServeWon": 6,
  "secondServeWinPct": 0.2857142857142857,
  "aces": 1,
  "acePct": 0.02127659574468085,
  "doubleFaults": 0,
  "doubleFaultPct": 0
}