{
  "totalServePoints": 4509,
  "firstServeIn": 3101,
  "firstServeInPct": 0.6877356398314483,
  "firstServeWon": 2218,
  "firstServeWinPct": 0.7152531441470493,
  "secondServeTotal": 1408,
  "secondServeWon": 673,
  "secondServeWinPct": 0.47798295454545453,
  "aces": 360,
  "acePct": 0.07984031936127745,
  "doubleFaults": 0,
  "doubleFaultPct": 0
}