{
  "totalServePoints": 184,
  "firstServeIn": 115,
  "firstServeInPct": 0.625,
  "firstServeWon": 62,
  "firstServeWinPct": 0.5391304347826087,
  "secondServeTotal": 69,
  "secondServeWon": 29,
  "secondServeWinPct": 0.42028985507246375,
  "aces": 6,
  "acePct": 0.03260869565217391,
  "doubleFaults": 0,
  "doubleFaultPct": 0
}