{
  "winning": [],
  "losing": [
    {
      "sequence": [
        "FOREHAND_RIGHT",
        "FOREHAND_RIGHT"
      ],
      "total": 23,
      "winnerRate": 0.2608695652173913,
      "uplift": -0.07533733133433285,
      "rankScore": -0.23621976664233854
    }
  ]
}