{
  "wins": [],
  "losses": [
    {
      "shotType": "BACKHAND",
      "total": 50,
      "winnerRate": 0.36,
      "adjustedEffectiveness": -0.013271889400921666
    },
    {
      "shotType": "BACKHAND_SLICE",
      "total": 19,
      "winnerRate": 0.3684210526315789,
      "adjustedEffectiveness": -0.004850836769342726
    },
    {
      "shotType": "FOREHAND",
      "total": 67,
      "winnerRate": 0.373134328358209,
      "adjustedEffectiveness": -0.000137561042712675
    },
    {
      "shotType": "SERVE",
      "total": 108,
      "winnerRate": 0.42592592592592593,
      "adjustedEffectiveness": 0.05265403652500428
    }
  ]
}