{
  "totalServePoints": 105,
  "firstServeIn": 55,
  "firstServeInPct": 0.5238095238095238,
  "firstServeWon": 42,
  "firstServeWinPct": 0.7636363636363637,
  "secondServeTotal": 50,
  "secondServeWon": 22,
  "secondServeWinPct": 0.44,
  "aces": 14,
  "acePct": 0.13333333333333333,
  "doubleFaults": 0,
  "doubleFaultPct": 0
}