{
  "totalServePoints": 2019,
  "firstServeIn": 1095,
  "firstServeInPct": 0.5423476968796433,
  "firstServeWon": 800,
  "firstServeWinPct": 0.730593607305936,
  "secondServeTotal": 924,
  "secondServeWon": 452,
  "secondServeWinPct": 0.48917748917748916,
  "aces": 162,
  "acePct": 0.08023774145616643,
  "doubleFaults": 0,
  "doubleFaultPct": 0
}