{
  "totalServePoints": 188,
  "firstServeIn": 102,
  "firstServeInPct": 0.5425531914893617,
  "firstServeWon": 75,
  "firstServeWinPct": 0.7352941176470589,
  "secondServeTotal": 86,
  "secondServeWon": 42,
  "secondServeWinPct": 0.4883720930232558,
  "aces": 22,
  "acePct": 0.11702127659574468,
  "doubleFaults": 0,
  "doubleFaultPct": 0
}