{
  "totalServePoints": 1568,
  "firstServeIn": 987,
  "firstServeInPct": 0.6294642857142857,
  "firstServeWon": 777,
  "firstServeWinPct": 0.7872340425531915,
  "secondServeTotal": 581,
  "secondServeWon": 351,
  "secondServeWinPct": 0.6041308089500861,
  "aces": 224,
  "acePct": 0.14285714285714285,
  "doubleFaults": 0,
  "doubleFaultPct": 0
}