{
  "totalServePoints": 430,
  "firstServeIn": 264,
  "firstServeInPct": 0.6139534883720931,
  "firstServeWon": 213,
  "firstServeWinPct": 0.8068181818181818,
  "secondServeTotal": 166,
  "secondServeWon": 77,
  "secondServeWinPct": 0.463855421686747,
  "aces": 53,
  "acePct": 0.12325581395348838,
  "doubleFaults": 0,
  "doubleFaultPct": 0
}