{
  "totalServePoints": 108,
  "firstServeIn": 68,
  "firstServeInPct": 0.6296296296296297,
  "firstServeWon": 43,
  "firstServeWinPct": 0.6323529411764706,
  "secondServeTotal": 40,
  "secondServeWon": 17,
  "secondServeWinPct": 0.425,
  "aces": 1,
  "acePct": 0.009259259259259259,
  "doubleFaults": 0,
  "doubleFaultPct": 0
}