{
  "totalServePoints": 351,
  "firstServeIn": 222,
  "firstServeInPct": 0.6324786324786325,
  "firstServeWon": 149,
  "firstServeWinPct": 0.6711711711711712,
  "secondServeTotal": 129,
  "secondServeWon": 71,
  "secondServeWinPct": 0.5503875968992248,
  "aces": 12,
  "acePct": 0.03418803418803419,
  "doubleFaults": 0,
  "doubleFaultPct": 0
}