{
  "totalServePoints": 2002,
  "firstServeIn": 1329,
  "firstServeInPct": 0.6638361638361638,
  "firstServeWon": 861,
  "firstServeWinPct": 0.6478555304740407,
  "secondServeTotal": 673,
  "secondServeWon": 345,
  "secondServeWinPct": 0.512630014858841,
  "aces": 56,
  "acePct": 0.027972027972027972,
  "doubleFaults": 0,
  "doubleFaultPct": 0
}