{
  "winning": [
    {
      "sequence": [
        "BACKHAND_LEFT",
        "BACKHAND_LEFT",
        "BACKHAND_LEFT"
      ],
      "total": 18,
      "winnerRate": 0.7777777777777778,
      "uplift": 0.37315350032113037,
      "rankScore": 1.0785523386882925
    },
    {
      "sequence": [
        "BACKHAND_LEFT",
        "BACKHAND_LEFT"
      ],
      "total": 32,
      "winnerRate": 0.65625,
      "uplift": 0.2516257225433526,
      "rankScore": 0.8720683006864196
    },
    {
      "sequence": [
        "FOREHAND_LEFT",
        "BACKHAND_LEFT"
      ],
      "total": 18,
      "winnerRate": 0.5,
      "uplift": 0.09537572254335258,
      "rankScore": 0.27567129482824687
    }
  ],
  "losing": []
}