{
  "totalServePoints": 169,
  "firstServeIn": 100,
  "firstServeInPct": 0.591715976331361,
  "firstServeWon": 62,
  "firstServeWinPct": 0.62,
  "secondServeTotal": 69,
  "secondServeWon": 24,
  "secondServeWinPct": 0.34782608695652173,
  "aces": 7,
  "acePct": 0.04142011834319527,
  "doubleFaults": 0,
  "doubleFaultPct": 0
}