{
  "wins": [
    {
      "shotType": "BACKHAND",
      "total": 32,
      "winnerRate": 0.3125,
      "adjustedEffectiveness": -0.11372950819672129
    },
    {
      "shotType": "FOREHAND",
      "total": 39,
      "winnerRate": 0.358974358974359,
      "adjustedEffectiveness": -0.06725514922236231
    },
    {
      "shotType": "SERVE",
      "total": 61,
      "winnerRate": 0.5901639344262295,
      "adjustedEffectiveness": 0.1639344262295082
    }
  ],
  "losses": []
}