{
  "totalServePoints": 58,
  "firstServeIn": 35,
  "firstServeInPct": 0.603448275862069,
  "firstServeWon": 27,
  "firstServeWinPct": 0.7714285714285715,
  "secondServeTotal": 23,
  "secondServeWon": 15,
  "secondServeWinPct": 0.6521739130434783,
  "aces": 1,
  "acePct": 0.017241379310344827,
  "doubleFaults": 0,
  "doubleFaultPct": 0
}