{
  "wins": [
    {
      "shotType": "BACKHAND",
      "total": 86,
      "winnerRate": 0.37209302325581395,
      "adjustedEffectiveness": 0.0005333902282910197
    },
    {
      "shotType": "BACKHAND_SLICE",
      "total": 32,
      "winnerRate": 0.40625,
      "adjustedEffectiveness": 0.03469036697247707
    },
    {
      "shotType": "FOREHAND",
      "total": 122,
      "winnerRate": 0.4426229508196721,
      "adjustedEffectiveness": 0.0710633177921492
    },
    {
      "shotType": "SERVE",
      "total": 109,
      "winnerRate": 0.43119266055045874,
      "adjustedEffectiveness": 0.05963302752293581
    }
  ],
  "losses": []
}