{
  "totalServePoints": 105,
  "firstServeIn": 55,
  "firstServeInPct": 0.5238095238095238,
  "firstServeWon": 31,
  "firstServeWinPct": 0.5636363636363636,
  "secondServeTotal": 50,
  "secondServeWon": 18,
  "secondServeWinPct": 0.36,
  "aces": 5,
  "acePct": 0.047619047619047616,
  "doubleFaults": 0,
  "doubleFaultPct": 0
}