{
  "totalServePoints": 1126,
  "firstServeIn": 736,
  "firstServeInPct": 0.6536412078152753,
  "firstServeWon": 484,
  "firstServeWinPct": 0.657608695652174,
  "secondServeTotal": 390,
  "secondServeWon": 200,
  "secondServeWinPct": 0.5128205128205128,
  "aces": 40,
  "acePct": 0.035523978685612786,
  "doubleFaults": 0,
  "doubleFaultPct": 0
}