{
  "totalServePoints": 809,
  "firstServeIn": 488,
  "firstServeInPct": 0.6032138442521632,
  "firstServeWon": 352,
  "firstServeWinPct": 0.7213114754098361,
  "secondServeTotal": 321,
  "secondServeWon": 159,
  "secondServeWinPct": 0.4953271028037383,
  "aces": 51,
  "acePct": 0.0630407911001236,
  "doubleFaults": 0,
  "doubleFaultPct": 0
}