{
  "winning": [],
  "losing": [
    {
      "sequence": [
        "BACKHAND_LEFT_DEEP",
        "BACKHAND_LEFT_DEEP"
      ],
      "total": 17,
      "winnerRate": 0.23529411764705882,
      "uplift": -0.15634086334153435,
      "rankScore": -0.4429470202405044
    }
  ]
}