{
  "totalServePoints": 257,
  "firstServeIn": 158,
  "firstServeInPct": 0.6147859922178989,
  "firstServeWon": 108,
  "firstServeWinPct": 0.6835443037974683,
  "secondServeTotal": 99,
  "secondServeWon": 51,
  "secondServeWinPct": 0.5151515151515151,
  "aces": 22,
  "acePct": 0.08560311284046693,
  "doubleFaults": 0,
  "doubleFaultPct": 0
}