{
  "wins": [
    {
      "shotType": "BACKHAND",
      "total": 35,
      "winnerRate": 0.2,
      "adjustedEffectiveness": -0.17234042553191486
    },
    {
      "shotType": "BACKHAND_SLICE",
      "total": 18,
      "winnerRate": 0.3333333333333333,
      "adjustedEffectiveness": -0.03900709219858156
    },
    {
      "shotType": "FOREHAND",
      "total": 101,
      "winnerRate": 0.2376237623762376,
      "adjustedEffectiveness": -0.13471666315567726
    },
    {
      "shotType": "SERVE",
      "total": 47,
      "winnerRate": 0.425531914893617,
      "adjustedEffectiveness": 0.05319148936170215
    }
  ],
  "losses": []
}