{
  "totalServePoints": 2196,
  "firstServeIn": 1429,
  "firstServeInPct": 0.650728597449909,
  "firstServeWon": 966,
  "firstServeWinPct": 0.6759972008397481,
  "secondServeTotal": 767,
  "secondServeWon": 346,
  "secondServeWinPct": 0.4511082138200782,
  "aces": 112,
  "acePct": 0.051001821493624776,
  "doubleFaults": 0,
  "doubleFaultPct": 0
}