{
  "totalServePoints": 976,
  "firstServeIn": 604,
  "firstServeInPct": 0.6188524590163934,
  "firstServeWon": 433,
  "firstServeWinPct": 0.7168874172185431,
  "secondServeTotal": 372,
  "secondServeWon": 205,
  "secondServeWinPct": 0.5510752688172043,
  "aces": 75,
  "acePct": 0.07684426229508197,
  "doubleFaults": 0,
  "doubleFaultPct": 0
}