{
  "totalServePoints": 91,
  "firstServeIn": 70,
  "firstServeInPct": 0.7692307692307693,
  "firstServeWon": 52,
  "firstServeWinPct": 0.7428571428571429,
  "secondServeTotal": 21,
  "secondServeWon": 8,
  "secondServeWinPct": 0.38095238095238093,
  "aces": 3,
  "acePct": 0.03296703296703297,
  "doubleFaults": 0,
  "doubleFaultPct": 0
}