{
  "totalServePoints": 610,
  "firstServeIn": 353,
  "firstServeInPct": 0.578688524590164,
  "firstServeWon": 238,
  "firstServeWinPct": 0.6742209631728046,
  "secondServeTotal": 257,
  "secondServeWon": 124,
  "secondServeWinPct": 0.48249027237354086,
  "aces": 29,
  "acePct": 0.047540983606557376,
  "doubleFaults": 0,
  "doubleFaultPct": 0
}