{
  "totalServePoints": 2350,
  "firstServeIn": 1448,
  "firstServeInPct": 0.6161702127659574,
  "firstServeWon": 1084,
  "firstServeWinPct": 0.7486187845303868,
  "secondServeTotal": 902,
  "secondServeWon": 461,
  "secondServeWinPct": 0.5110864745011087,
  "aces": 213,
  "acePct": 0.09063829787234043,
  "doubleFaults": 0,
  "doubleFaultPct": 0
}