{
  "wins": [
    {
      "shotType": "BACKHAND",
      "total": 39,
      "winnerRate": 0.358974358974359,
      "adjustedEffectiveness": 0.01638176638176636
    },
    {
      "shotType": "BACKHAND_SLICE",
      "total": 23,
      "winnerRate": 0.2608695652173913,
      "adjustedEffectiveness": -0.08172302737520132
    },
    {
      "shotType": "FOREHAND",
      "total": 54,
      "winnerRate": 0.42592592592592593,
      "adjustedEffectiveness": 0.08333333333333331
    },
    {
      "shotType": "SERVE",
      "total": 54,
      "winnerRate": 0.37037037037037035,
      "adjustedEffectiveness": 0.027777777777777735
    }
  ],
  "losses": []
}