{
  "totalServePoints": 857,
  "firstServeIn": 521,
  "firstServeInPct": 0.6079346557759626,
  "firstServeWon": 350,
  "firstServeWinPct": 0.6717850287907869,
  "secondServeTotal": 336,
  "secondServeWon": 169,
  "secondServeWinPct": 0.5029761904761905,
  "aces": 49,
  "acePct": 0.057176196032672114,
  "doubleFaults": 0,
  "doubleFaultPct": 0
}