{
  "totalServePoints": 89,
  "firstServeIn": 63,
  "firstServeInPct": 0.7078651685393258,
  "firstServeWon": 52,
  "firstServeWinPct": 0.8253968253968254,
  "secondServeTotal": 26,
  "secondServeWon": 9,
  "secondServeWinPct": 0.34615384615384615,
  "aces": 18,
  "acePct": 0.20224719101123595,
  "doubleFaults": 0,
  "doubleFaultPct": 0
}