{
  "totalServePoints": 289,
  "firstServeIn": 201,
  "firstServeInPct": 0.6955017301038062,
  "firstServeWon": 149,
  "firstServeWinPct": 0.7412935323383084,
  "secondServeTotal": 88,
  "secondServeWon": 45,
  "secondServeWinPct": 0.5113636363636364,
  "aces": 43,
  "acePct": 0.14878892733564014,
  "doubleFaults": 0,
  "doubleFaultPct": 0
}