{
  "totalServePoints": 2148,
  "firstServeIn": 1271,
  "firstServeInPct": 0.5917132216014898,
  "firstServeWon": 895,
  "firstServeWinPct": 0.7041699449252558,
  "secondServeTotal": 877,
  "secondServeWon": 410,
  "secondServeWinPct": 0.467502850627138,
  "aces": 121,
  "acePct": 0.05633147113594041,
  "doubleFaults": 0,
  "doubleFaultPct": 0
}