{
  "winning": [
    {
      "sequence": [
        "FOREHAND_LEFT",
        "BACKHAND_LEFT"
      ],
      "total": 18,
      "winnerRate": 0.5,
      "uplift": 0.12790697674418605,
      "rankScore": 0.3696987132192769
    }
  ],
  "losing": [
    {
      "sequence": [
        "BACKHAND_LEFT",
        "BACKHAND_LEFT"
      ],
      "total": 18,
      "winnerRate": 0.2777777777777778,
      "uplift": -0.09431524547803616,
      "rankScore": -0.27260612186875965
    }
  ]
}