{
  "totalServePoints": 265,
  "firstServeIn": 175,
  "firstServeInPct": 0.660377358490566,
  "firstServeWon": 121,
  "firstServeWinPct": 0.6914285714285714,
  "secondServeTotal": 90,
  "secondServeWon": 44,
  "secondServeWinPct": 0.4888888888888889,
  "aces": 12,
  "acePct": 0.045283018867924525,
  "doubleFaults": 0,
  "doubleFaultPct": 0
}