{
  "totalServePoints": 470,
  "firstServeIn": 295,
  "firstServeInPct": 0.6276595744680851,
  "firstServeWon": 213,
  "firstServeWinPct": 0.7220338983050848,
  "secondServeTotal": 175,
  "secondServeWon": 94,
  "secondServeWinPct": 0.5371428571428571,
  "aces": 27,
  "acePct": 0.0574468085106383,
  "doubleFaults": 0,
  "doubleFaultPct": 0
}