{
  "wins": [],
  "losses": [
    {
      "shotType": "BACKHAND",
      "total": 86,
      "winnerRate": 0.27906976744186046,
      "adjustedEffectiveness": -0.05761364964356669
    },
    {
      "shotType": "BACKHAND_SLICE",
      "total": 17,
      "winnerRate": 0.29411764705882354,
      "adjustedEffectiveness": -0.04256577002660361
    },
    {
      "shotType": "FOREHAND",
      "total": 102,
      "winnerRate": 0.3235294117647059,
      "adjustedEffectiveness": -0.013154005320721252
    },
    {
      "shotType": "SERVE",
      "total": 99,
      "winnerRate": 0.3939393939393939,
      "adjustedEffectiveness": 0.05725597685396677
    }
  ]
}