{
  "totalServePoints": 104,
  "firstServeIn": 76,
  "firstServeInPct": 0.7307692307692307,
  "firstServeWon": 53,
  "firstServeWinPct": 0.6973684210526315,
  "secondServeTotal": 28,
  "secondServeWon": 12,
  "secondServeWinPct": 0.42857142857142855,
  "aces": 6,
  "acePct": 0.057692307692307696,
  "doubleFaults": 0,
  "doubleFaultPct": 0
}