{
  "totalServePoints": 10465,
  "firstServeIn": 6514,
  "firstServeInPct": 0.6224558050645007,
  "firstServeWon": 4728,
  "firstServeWinPct": 0.7258213079521032,
  "secondServeTotal": 3951,
  "secondServeWon": 1900,
  "secondServeWinPct": 0.480890913692736,
  "aces": 980,
  "acePct": 0.09364548494983277,
  "doubleFaults": 0,
  "doubleFaultPct": 0
}