{
  "totalServePoints": 1153,
  "firstServeIn": 800,
  "firstServeInPct": 0.6938421509106678,
  "firstServeWon": 555,
  "firstServeWinPct": 0.69375,
  "secondServeTotal": 353,
  "secondServeWon": 177,
  "secondServeWinPct": 0.5014164305949008,
  "aces": 69,
  "acePct": 0.0598438855160451,
  "doubleFaults": 0,
  "doubleFaultPct": 0
}