{
  "totalServePoints": 727,
  "firstServeIn": 439,
  "firstServeInPct": 0.6038514442916093,
  "firstServeWon": 300,
  "firstServeWinPct": 0.683371298405467,
  "secondServeTotal": 288,
  "secondServeWon": 149,
  "secondServeWinPct": 0.5173611111111112,
  "aces": 47,
  "acePct": 0.06464924346629987,
  "doubleFaults": 0,
  "doubleFaultPct": 0
}