{
  "totalServePoints": 159,
  "firstServeIn": 86,
  "firstServeInPct": 0.5408805031446541,
  "firstServeWon": 54,
  "firstServeWinPct": 0.627906976744186,
  "secondServeTotal": 73,
  "secondServeWon": 32,
  "secondServeWinPct": 0.4383561643835616,
  "aces": 4,
  "acePct": 0.025157232704402517,
  "doubleFaults": 0,
  "doubleFaultPct": 0
}