{
  "totalServePoints": 2970,
  "firstServeIn": 1821,
  "firstServeInPct": 0.6131313131313131,
  "firstServeWon": 1278,
  "firstServeWinPct": 0.7018121911037891,
  "secondServeTotal": 1149,
  "secondServeWon": 614,
  "secondServeWinPct": 0.5343777197563099,
  "aces": 181,
  "acePct": 0.060942760942760944,
  "doubleFaults": 0,
  "doubleFaultPct": 0
}