{
  "wins": [],
  "losses": [
    {
      "shotType": "BACKHAND",
      "total": 71,
      "winnerRate": 0.22535211267605634,
      "adjustedEffectiveness": -0.15746038732394366
    },
    {
      "shotType": "FOREHAND",
      "total": 121,
      "winnerRate": 0.4049586776859504,
      "adjustedEffectiveness": 0.022146177685950397
    },
    {
      "shotType": "SERVE",
      "total": 64,
      "winnerRate": 0.453125,
      "adjustedEffectiveness": 0.0703125
    }
  ]
}