{
  "winning": [
    {
      "sequence": [
        "FOREHAND_LEFT",
        "BACKHAND_CENTER"
      ],
      "total": 22,
      "winnerRate": 0.45454545454545453,
      "uplift": 0.07173295454545453,
      "rankScore": 0.22172960780482234
    },
    {
      "sequence": [
        "BACKHAND_CENTER",
        "FOREHAND_LEFT"
      ],
      "total": 21,
      "winnerRate": 0.42857142857142855,
      "uplift": 0.04575892857142855,
      "rankScore": 0.13931408476189763
    }
  ],
  "losing": [
    {
      "sequence": [
        "FOREHAND_LEFT",
        "BACKHAND_LEFT"
      ],
      "total": 25,
      "winnerRate": 0.32,
      "uplift": -0.0628125,
      "rankScore": -0.20218563774953383
    },
    {
      "sequence": [
        "FOREHAND_LEFT",
        "BACKHAND_LEFT",
        "FOREHAND_LEFT"
      ],
      "total": 15,
      "winnerRate": 0.3333333333333333,
      "uplift": -0.049479166666666685,
      "rankScore": -0.1339920672420365
    },
    {
      "sequence": [
        "BACKHAND_LEFT",
        "FOREHAND_LEFT"
      ],
      "total": 17,
      "winnerRate": 0.35294117647058826,
      "uplift": -0.029871323529411742,
      "rankScore": -0.08463183242814977
    }
  ]
}