{
  "totalServePoints": 68,
  "firstServeIn": 40,
  "firstServeInPct": 0.5882352941176471,
  "firstServeWon": 26,
  "firstServeWinPct": 0.65,
  "secondServeTotal": 28,
  "secondServeWon": 12,
  "secondServeWinPct": 0.42857142857142855,
  "aces": 1,
  "acePct": 0.014705882352941176,
  "doubleFaults": 0,
  "doubleFaultPct": 0
}