{
  "wins": [],
  "losses": [
    {
      "shotType": "BACKHAND",
      "total": 30,
      "winnerRate": 0.3,
      "adjustedEffectiveness": -0.1369747899159664
    },
    {
      "shotType": "BACKHAND_SLICE",
      "total": 17,
      "winnerRate": 0.11764705882352941,
      "adjustedEffectiveness": -0.31932773109243695
    },
    {
      "shotType": "FOREHAND",
      "total": 39,
      "winnerRate": 0.20512820512820512,
      "adjustedEffectiveness": -0.23184658478776127
    },
    {
      "shotType": "SERVE",
      "total": 59,
      "winnerRate": 0.6101694915254238,
      "adjustedEffectiveness": 0.17319470160945738
    }
  ]
}