{
  "totalServePoints": 70,
  "firstServeIn": 47,
  "firstServeInPct": 0.6714285714285714,
  "firstServeWon": 29,
  "firstServeWinPct": 0.6170212765957447,
  "secondServeTotal": 23,
  "secondServeWon": 12,
  "secondServeWinPct": 0.5217391304347826,
  "aces": 6,
  "acePct": 0.08571428571428572,
  "doubleFaults": 0,
  "doubleFaultPct": 0
}