{
  "totalServePoints": 17785,
  "firstServeIn": 10729,
  "firstServeInPct": 0.6032611751475963,
  "firstServeWon": 7820,
  "firstServeWinPct": 0.728865691117532,
  "secondServeTotal": 7056,
  "secondServeWon": 3530,
  "secondServeWinPct": 0.5002834467120182,
  "aces": 1432,
  "acePct": 0.08051728985099803,
  "doubleFaults": 0,
  "doubleFaultPct": 0
}