{
  "totalServePoints": 88,
  "firstServeIn": 37,
  "firstServeInPct": 0.42045454545454547,
  "firstServeWon": 25,
  "firstServeWinPct": 0.6756756756756757,
  "secondServeTotal": 51,
  "secondServeWon": 23,
  "secondServeWinPct": 0.45098039215686275,
  "aces": 1,
  "acePct": 0.011363636363636364,
  "doubleFaults": 0,
  "doubleFaultPct": 0
}