{
  "totalServePoints": 104,
  "firstServeIn": 66,
  "firstServeInPct": 0.6346153846153846,
  "firstServeWon": 44,
  "firstServeWinPct": 0.6666666666666666,
  "secondServeTotal": 38,
  "secondServeWon": 18,
  "secondServeWinPct": 0.47368421052631576,
  "aces": 3,
  "acePct": 0.028846153846153848,
  "doubleFaults": 0,
  "doubleFaultPct": 0
}