{
  "totalServePoints": 842,
  "firstServeIn": 546,
  "firstServeInPct": 0.6484560570071259,
  "firstServeWon": 373,
  "firstServeWinPct": 0.6831501831501832,
  "secondServeTotal": 296,
  "secondServeWon": 158,
  "secondServeWinPct": 0.5337837837837838,
  "aces": 35,
  "acePct": 0.04156769596199525,
  "doubleFaults": 0,
  "doubleFaultPct": 0
}