{
  "totalServePoints": 1179,
  "firstServeIn": 807,
  "firstServeInPct": 0.6844783715012722,
  "firstServeWon": 532,
  "firstServeWinPct": 0.6592317224287485,
  "secondServeTotal": 372,
  "secondServeWon": 192,
  "secondServeWinPct": 0.5161290322580645,
  "aces": 31,
  "acePct": 0.026293469041560644,
  "doubleFaults": 0,
  "doubleFaultPct": 0
}