{
  "wins": [
    {
      "shotType": "BACKHAND",
      "total": 44,
      "winnerRate": 0.36363636363636365,
      "adjustedEffectiveness": -0.013556618819776711
    },
    {
      "shotType": "BACKHAND_SLICE",
      "total": 16,
      "winnerRate": 0.375,
      "adjustedEffectiveness": -0.0021929824561403577
    },
    {
      "shotType": "FOREHAND",
      "total": 67,
      "winnerRate": 0.19402985074626866,
      "adjustedEffectiveness": -0.1831631317098717
    },
    {
      "shotType": "SERVE",
      "total": 57,
      "winnerRate": 0.47368421052631576,
      "adjustedEffectiveness": 0.0964912280701754
    }
  ],
  "losses": []
}