{
  "totalServePoints": 67,
  "firstServeIn": 45,
  "firstServeInPct": 0.6716417910447762,
  "firstServeWon": 25,
  "firstServeWinPct": 0.5555555555555556,
  "secondServeTotal": 22,
  "secondServeWon": 14,
  "secondServeWinPct": 0.6363636363636364,
  "aces": 4,
  "acePct": 0.05970149253731343,
  "doubleFaults": 0,
  "doubleFaultPct": 0
}