{
  "totalServePoints": 164,
  "firstServeIn": 110,
  "firstServeInPct": 0.6707317073170732,
  "firstServeWon": 76,
  "firstServeWinPct": 0.6909090909090909,
  "secondServeTotal": 54,
  "secondServeWon": 23,
  "secondServeWinPct": 0.42592592592592593,
  "aces": 2,
  "acePct": 0.012195121951219513,
  "doubleFaults": 0,
  "doubleFaultPct": 0
}