{
  "totalServePoints": 3874,
  "firstServeIn": 2556,
  "firstServeInPct": 0.659783169850284,
  "firstServeWon": 1865,
  "firstServeWinPct": 0.7296557120500783,
  "secondServeTotal": 1318,
  "secondServeWon": 662,
  "secondServeWinPct": 0.5022761760242792,
  "aces": 427,
  "acePct": 0.11022199277232834,
  "doubleFaults": 0,
  "doubleFaultPct": 0
}