{
  "winning": [
    {
      "sequence": [
        "T",
        "BACKHAND_CENTER_DEEP"
      ],
      "total": 16,
      "winnerRate": 0.4375,
      "uplift": 0.054136528028933095,
      "rankScore": 0.1500983270742377
    }
  ],
  "losing": []
}