{
  "totalServePoints": 302,
  "firstServeIn": 210,
  "firstServeInPct": 0.695364238410596,
  "firstServeWon": 145,
  "firstServeWinPct": 0.6904761904761905,
  "secondServeTotal": 92,
  "secondServeWon": 41,
  "secondServeWinPct": 0.44565217391304346,
  "aces": 18,
  "acePct": 0.059602649006622516,
  "doubleFaults": 0,
  "doubleFaultPct": 0
}