{
  "totalServePoints": 734,
  "firstServeIn": 415,
  "firstServeInPct": 0.5653950953678474,
  "firstServeWon": 315,
  "firstServeWinPct": 0.7590361445783133,
  "secondServeTotal": 319,
  "secondServeWon": 160,
  "secondServeWinPct": 0.5015673981191222,
  "aces": 65,
  "acePct": 0.0885558583106267,
  "doubleFaults": 0,
  "doubleFaultPct": 0
}