{
  "totalServePoints": 1414,
  "firstServeIn": 906,
  "firstServeInPct": 0.6407355021216408,
  "firstServeWon": 606,
  "firstServeWinPct": 0.6688741721854304,
  "secondServeTotal": 508,
  "secondServeWon": 254,
  "secondServeWinPct": 0.5,
  "aces": 57,
  "acePct": 0.04031117397454031,
  "doubleFaults": 0,
  "doubleFaultPct": 0
}