{
  "totalServePoints": 1340,
  "firstServeIn": 836,
  "firstServeInPct": 0.6238805970149254,
  "firstServeWon": 565,
  "firstServeWinPct": 0.6758373205741627,
  "secondServeTotal": 504,
  "secondServeWon": 267,
  "secondServeWinPct": 0.5297619047619048,
  "aces": 69,
  "acePct": 0.05149253731343283,
  "doubleFaults": 0,
  "doubleFaultPct": 0
}