{
  "totalServePoints": 280,
  "firstServeIn": 181,
  "firstServeInPct": 0.6464285714285715,
  "firstServeWon": 106,
  "firstServeWinPct": 0.585635359116022,
  "secondServeTotal": 99,
  "secondServeWon": 38,
  "secondServeWinPct": 0.3838383838383838,
  "aces": 8,
  "acePct": 0.02857142857142857,
  "doubleFaults": 0,
  "doubleFaultPct": 0
}