{
  "wins": [
    {
      "shotType": "BACKHAND",
      "total": 51,
      "winnerRate": 0.3333333333333333,
      "adjustedEffectiveness": -0.04597701149425287
    },
    {
      "shotType": "FOREHAND",
      "total": 78,
      "winnerRate": 0.358974358974359,
      "adjustedEffectiveness": -0.020335985853227212
    },
    {
      "shotType": "SERVE",
      "total": 73,
      "winnerRate": 0.4794520547945205,
      "adjustedEffectiveness": 0.10014170996693433
    }
  ],
  "losses": []
}