{
  "wins": [
    {
      "shotType": "BACKHAND",
      "total": 68,
      "winnerRate": 0.2647058823529412,
      "adjustedEffectiveness": -0.10672268907563026
    },
    {
      "shotType": "FOREHAND",
      "total": 107,
      "winnerRate": 0.2897196261682243,
      "adjustedEffectiveness": -0.08170894526034717
    },
    {
      "shotType": "FOREHAND_SLICE",
      "total": 16,
      "winnerRate": 0.0625,
      "adjustedEffectiveness": -0.30892857142857144
    },
    {
      "shotType": "SERVE",
      "total": 88,
      "winnerRate": 0.4318181818181818,
      "adjustedEffectiveness": 0.06038961038961038
    }
  ],
  "losses": []
}