{
  "totalServePoints": 605,
  "firstServeIn": 342,
  "firstServeInPct": 0.5652892561983471,
  "firstServeWon": 248,
  "firstServeWinPct": 0.7251461988304093,
  "secondServeTotal": 263,
  "secondServeWon": 133,
  "secondServeWinPct": 0.5057034220532319,
  "aces": 51,
  "acePct": 0.08429752066115702,
  "doubleFaults": 0,
  "doubleFaultPct": 0
}