{
  "totalServePoints": 1943,
  "firstServeIn": 1123,
  "firstServeInPct": 0.5779722079258878,
  "firstServeWon": 792,
  "firstServeWinPct": 0.705253784505788,
  "secondServeTotal": 820,
  "secondServeWon": 411,
  "secondServeWinPct": 0.501219512195122,
  "aces": 133,
  "acePct": 0.06845084920226453,
  "doubleFaults": 0,
  "doubleFaultPct": 0
}