{
  "wins": [
    {
      "shotType": "BACKHAND",
      "total": 33,
      "winnerRate": 0.36363636363636365,
      "adjustedEffectiveness": -0.025974025974025983
    },
    {
      "shotType": "FOREHAND",
      "total": 38,
      "winnerRate": 0.42105263157894735,
      "adjustedEffectiveness": 0.031442241968557716
    },
    {
      "shotType": "SERVE",
      "total": 39,
      "winnerRate": 0.4358974358974359,
      "adjustedEffectiveness": 0.046287046287046274
    }
  ],
  "losses": []
}