{
  "wins": [
    {
      "shotType": "BACKHAND",
      "total": 15,
      "winnerRate": 0.4666666666666667,
      "adjustedEffectiveness": 0.1009950248756219
    },
    {
      "shotType": "FOREHAND",
      "total": 43,
      "winnerRate": 0.46511627906976744,
      "adjustedEffectiveness": 0.09944463727872266
    },
    {
      "shotType": "SERVE",
      "total": 67,
      "winnerRate": 0.40298507462686567,
      "adjustedEffectiveness": 0.03731343283582089
    }
  ],
  "losses": []
}