{
  "totalServePoints": 536,
  "firstServeIn": 345,
  "firstServeInPct": 0.6436567164179104,
  "firstServeWon": 241,
  "firstServeWinPct": 0.6985507246376812,
  "secondServeTotal": 191,
  "secondServeWon": 85,
  "secondServeWinPct": 0.44502617801047123,
  "aces": 30,
  "acePct": 0.055970149253731345,
  "doubleFaults": 0,
  "doubleFaultPct": 0
}