{
  "totalServePoints": 270,
  "firstServeIn": 153,
  "firstServeInPct": 0.5666666666666667,
  "firstServeWon": 104,
  "firstServeWinPct": 0.6797385620915033,
  "secondServeTotal": 117,
  "secondServeWon": 53,
  "secondServeWinPct": 0.452991452991453,
  "aces": 22,
  "acePct": 0.08148148148148149,
  "doubleFaults": 0,
  "doubleFaultPct": 0
}