{
  "wins": [
    {
      "shotType": "BACKHAND",
      "total": 130,
      "winnerRate": 0.3230769230769231,
      "adjustedEffectiveness": -0.06434029546612324
    },
    {
      "shotType": "BACKHAND_SLICE",
      "total": 16,
      "winnerRate": 0.1875,
      "adjustedEffectiveness": -0.19991721854304634
    },
    {
      "shotType": "FOREHAND",
      "total": 171,
      "winnerRate": 0.3391812865497076,
      "adjustedEffectiveness": -0.048235931993338754
    },
    {
      "shotType": "SERVE",
      "total": 151,
      "winnerRate": 0.4304635761589404,
      "adjustedEffectiveness": 0.04304635761589404
    }
  ],
  "losses": []
}