{
  "winning": [
    {
      "sequence": [
        "FOREHAND_LEFT",
        "BACKHAND_CENTER"
      ],
      "total": 18,
      "winnerRate": 0.4444444444444444,
      "uplift": 0.05702722590139808,
      "rankScore": 0.16482988317656566
    },
    {
      "sequence": [
        "FOREHAND_LEFT",
        "BACKHAND_RIGHT"
      ],
      "total": 18,
      "winnerRate": 0.3888888888888889,
      "uplift": 0.0014716703458425573,
      "rankScore": 0.0042536744045566085
    }
  ],
  "losing": [
    {
      "sequence": [
        "FOREHAND_RIGHT",
        "FOREHAND_LEFT"
      ],
      "total": 21,
      "winnerRate": 0.2857142857142857,
      "uplift": -0.10170293282876064,
      "rankScore": -0.3096368609794399
    }
  ]
}