{
  "wins": [
    {
      "shotType": "BACKHAND",
      "total": 141,
      "winnerRate": 0.2624113475177305,
      "adjustedEffectiveness": -0.09074850378338478
    },
    {
      "shotType": "BACKHAND_SLICE",
      "total": 26,
      "winnerRate": 0.15384615384615385,
      "adjustedEffectiveness": -0.1993136974549614
    },
    {
      "shotType": "FOREHAND",
      "total": 171,
      "winnerRate": 0.29239766081871343,
      "adjustedEffectiveness": -0.060762190482401834
    },
    {
      "shotType": "SERVE",
      "total": 135,
      "winnerRate": 0.35555555555555557,
      "adjustedEffectiveness": 0.0023957042544403007
    }
  ],
  "losses": []
}