{
  "totalServePoints": 153,
  "firstServeIn": 92,
  "firstServeInPct": 0.6013071895424836,
  "firstServeWon": 52,
  "firstServeWinPct": 0.5652173913043478,
  "secondServeTotal": 61,
  "secondServeWon": 29,
  "secondServeWinPct": 0.47540983606557374,
  "aces": 8,
  "acePct": 0.05228758169934641,
  "doubleFaults": 0,
  "doubleFaultPct": 0
}