{
  "totalServePoints": 842,
  "firstServeIn": 514,
  "firstServeInPct": 0.6104513064133017,
  "firstServeWon": 371,
  "firstServeWinPct": 0.7217898832684825,
  "secondServeTotal": 328,
  "secondServeWon": 164,
  "secondServeWinPct": 0.5,
  "aces": 91,
  "acePct": 0.10807600950118765,
  "doubleFaults": 0,
  "doubleFaultPct": 0
}