{
  "wins": [],
  "losses": [
    {
      "shotType": "BACKHAND",
      "total": 161,
      "winnerRate": 0.32919254658385094,
      "adjustedEffectiveness": -0.0369744769707529
    },
    {
      "shotType": "BACKHAND_SLICE",
      "total": 55,
      "winnerRate": 0.34545454545454546,
      "adjustedEffectiveness": -0.020712478100058385
    },
    {
      "shotType": "FOREHAND",
      "total": 246,
      "winnerRate": 0.42276422764227645,
      "adjustedEffectiveness": 0.0565972040876726
    },
    {
      "shotType": "SERVE",
      "total": 232,
      "winnerRate": 0.40086206896551724,
      "adjustedEffectiveness": 0.034695045410913394
    }
  ]
}