{
  "totalServePoints": 238,
  "firstServeIn": 135,
  "firstServeInPct": 0.5672268907563025,
  "firstServeWon": 81,
  "firstServeWinPct": 0.6,
  "secondServeTotal": 103,
  "secondServeWon": 43,
  "secondServeWinPct": 0.4174757281553398,
  "aces": 13,
  "acePct": 0.0546218487394958,
  "doubleFaults": 0,
  "doubleFaultPct": 0
}