{
  "wins": [
    {
      "shotType": "BACKHAND",
      "total": 50,
      "winnerRate": 0.28,
      "adjustedEffectiveness": -0.1151612903225806
    },
    {
      "shotType": "FOREHAND",
      "total": 92,
      "winnerRate": 0.3804347826086957,
      "adjustedEffectiveness": -0.014726507713884951
    },
    {
      "shotType": "SERVE",
      "total": 62,
      "winnerRate": 0.5,
      "adjustedEffectiveness": 0.10483870967741937
    }
  ],
  "losses": []
}