{
  "totalServePoints": 140,
  "firstServeIn": 97,
  "firstServeInPct": 0.6928571428571428,
  "firstServeWon": 57,
  "firstServeWinPct": 0.5876288659793815,
  "secondServeTotal": 43,
  "secondServeWon": 24,
  "secondServeWinPct": 0.5581395348837209,
  "aces": 4,
  "acePct": 0.02857142857142857,
  "doubleFaults": 0,
  "doubleFaultPct": 0
}