{
  "totalServePoints": 2799,
  "firstServeIn": 1755,
  "firstServeInPct": 0.6270096463022508,
  "firstServeWon": 1254,
  "firstServeWinPct": 0.7145299145299145,
  "secondServeTotal": 1044,
  "secondServeWon": 529,
  "secondServeWinPct": 0.5067049808429118,
  "aces": 268,
  "acePct": 0.09574848160057163,
  "doubleFaults": 0,
  "doubleFaultPct": 0
}