{
  "winning": [
    {
      "sequence": [
        "FOREHAND_LEFT",
        "BACKHAND_CENTER"
      ],
      "total": 17,
      "winnerRate": 0.8235294117647058,
      "uplift": 0.4226673427991886,
      "rankScore": 1.1975067557154442
    },
    {
      "sequence": [
        "BACKHAND_LEFT",
        "BACKHAND_LEFT"
      ],
      "total": 23,
      "winnerRate": 0.6521739130434783,
      "uplift": 0.25131184407796103,
      "rankScore": 0.7879868335009351
    },
    {
      "sequence": [
        "FOREHAND_RIGHT",
        "FOREHAND_RIGHT"
      ],
      "total": 15,
      "winnerRate": 0.6,
      "uplift": 0.19913793103448274,
      "rankScore": 0.5392755141850091
    }
  ],
  "losing": []
}