{
  "totalServePoints": 1741,
  "firstServeIn": 1165,
  "firstServeInPct": 0.6691556576680069,
  "firstServeWon": 863,
  "firstServeWinPct": 0.7407725321888412,
  "secondServeTotal": 576,
  "secondServeWon": 292,
  "secondServeWinPct": 0.5069444444444444,
  "aces": 178,
  "acePct": 0.1022400919012062,
  "doubleFaults": 0,
  "doubleFaultPct": 0
}