{
  "totalServePoints": 4174,
  "firstServeIn": 2592,
  "firstServeInPct": 0.6209870627695256,
  "firstServeWon": 1853,
  "firstServeWinPct": 0.714891975308642,
  "secondServeTotal": 1582,
  "secondServeWon": 806,
  "secondServeWinPct": 0.5094816687737042,
  "aces": 370,
  "acePct": 0.08864398658361285,
  "doubleFaults": 0,
  "doubleFaultPct": 0
}