{
  "totalServePoints": 476,
  "firstServeIn": 290,
  "firstServeInPct": 0.6092436974789915,
  "firstServeWon": 200,
  "firstServeWinPct": 0.6896551724137931,
  "secondServeTotal": 186,
  "secondServeWon": 90,
  "secondServeWinPct": 0.4838709677419355,
  "aces": 24,
  "acePct": 0.05042016806722689,
  "doubleFaults": 0,
  "doubleFaultPct": 0
}