{
  "totalServePoints": 1126,
  "firstServeIn": 724,
  "firstServeInPct": 0.6429840142095915,
  "firstServeWon": 508,
  "firstServeWinPct": 0.7016574585635359,
  "secondServeTotal": 402,
  "secondServeWon": 193,
  "secondServeWinPct": 0.48009950248756217,
  "aces": 64,
  "acePct": 0.056838365896980464,
  "doubleFaults": 0,
  "doubleFaultPct": 0
}