{
  "wins": [
    {
      "shotType": "BACKHAND",
      "total": 40,
      "winnerRate": 0.125,
      "adjustedEffectiveness": -0.2721631205673759
    },
    {
      "shotType": "BACKHAND_SLICE",
      "total": 16,
      "winnerRate": 0.25,
      "adjustedEffectiveness": -0.1471631205673759
    },
    {
      "shotType": "FOREHAND",
      "total": 59,
      "winnerRate": 0.4915254237288136,
      "adjustedEffectiveness": 0.09436230316143768
    },
    {
      "shotType": "SERVE",
      "total": 71,
      "winnerRate": 0.5492957746478874,
      "adjustedEffectiveness": 0.15213265408051146
    }
  ],
  "losses": []
}