{
  "totalServePoints": 74,
  "firstServeIn": 42,
  "firstServeInPct": 0.5675675675675675,
  "firstServeWon": 24,
  "firstServeWinPct": 0.5714285714285714,
  "secondServeTotal": 32,
  "secondServeWon": 14,
  "secondServeWinPct": 0.4375,
  "aces": 4,
  "acePct": 0.05405405405405406,
  "doubleFaults": 0,
  "doubleFaultPct": 0
}