{
  "totalServePoints": 493,
  "firstServeIn": 307,
  "firstServeInPct": 0.6227180527383367,
  "firstServeWon": 201,
  "firstServeWinPct": 0.6547231270358306,
  "secondServeTotal": 186,
  "secondServeWon": 82,
  "secondServeWinPct": 0.44086021505376344,
  "aces": 21,
  "acePct": 0.04259634888438134,
  "doubleFaults": 0,
  "doubleFaultPct": 0
}