{
  "winning": [
    {
      "sequence": [
        "T",
        "BACKHAND_CENTER"
      ],
      "total": 15,
      "winnerRate": 0.5333333333333333,
      "uplift": 0.1863013698630137,
      "rankScore": 0.5045134621231515
    }
  ],
  "losing": []
}