{
  "totalServePoints": 1341,
  "firstServeIn": 773,
  "firstServeInPct": 0.5764354958985831,
  "firstServeWon": 601,
  "firstServeWinPct": 0.777490297542044,
  "secondServeTotal": 568,
  "secondServeWon": 297,
  "secondServeWinPct": 0.522887323943662,
  "aces": 138,
  "acePct": 0.1029082774049217,
  "doubleFaults": 0,
  "doubleFaultPct": 0
}