{
  "totalServePoints": 276,
  "firstServeIn": 175,
  "firstServeInPct": 0.6340579710144928,
  "firstServeWon": 102,
  "firstServeWinPct": 0.5828571428571429,
  "secondServeTotal": 101,
  "secondServeWon": 42,
  "secondServeWinPct": 0.4158415841584158,
  "aces": 9,
  "acePct": 0.03260869565217391,
  "doubleFaults": 0,
  "doubleFaultPct": 0
}