{
  "totalServePoints": 602,
  "firstServeIn": 364,
  "firstServeInPct": 0.6046511627906976,
  "firstServeWon": 240,
  "firstServeWinPct": 0.6593406593406593,
  "secondServeTotal": 238,
  "secondServeWon": 122,
  "secondServeWinPct": 0.5126050420168067,
  "aces": 29,
  "acePct": 0.04817275747508306,
  "doubleFaults": 0,
  "doubleFaultPct": 0
}