{
  "totalServePoints": 186,
  "firstServeIn": 120,
  "firstServeInPct": 0.6451612903225806,
  "firstServeWon": 86,
  "firstServeWinPct": 0.7166666666666667,
  "secondServeTotal": 66,
  "secondServeWon": 41,
  "secondServeWinPct": 0.6212121212121212,
  "aces": 17,
  "acePct": 0.0913978494623656,
  "doubleFaults": 0,
  "doubleFaultPct": 0
}