{
  "totalServePoints": 157,
  "firstServeIn": 97,
  "firstServeInPct": 0.6178343949044586,
  "firstServeWon": 71,
  "firstServeWinPct": 0.7319587628865979,
  "secondServeTotal": 60,
  "secondServeWon": 27,
  "secondServeWinPct": 0.45,
  "aces": 11,
  "acePct": 0.07006369426751592,
  "doubleFaults": 0,
  "doubleFaultPct": 0
}