{
  "wins": [],
  "losses": [
    {
      "shotType": "BACKHAND",
      "total": 30,
      "winnerRate": 0.5666666666666667,
      "adjustedEffectiveness": 0.12222222222222223
    },
    {
      "shotType": "FOREHAND",
      "total": 45,
      "winnerRate": 0.5555555555555556,
      "adjustedEffectiveness": 0.11111111111111116
    },
    {
      "shotType": "SERVE",
      "total": 40,
      "winnerRate": 0.525,
      "adjustedEffectiveness": 0.0805555555555556
    }
  ]
}