{
  "totalServePoints": 36,
  "firstServeIn": 23,
  "firstServeInPct": 0.6388888888888888,
  "firstServeWon": 10,
  "firstServeWinPct": 0.43478260869565216,
  "secondServeTotal": 13,
  "secondServeWon": 4,
  "secondServeWinPct": 0.3076923076923077,
  "aces": 1,
  "acePct": 0.027777777777777776,
  "doubleFaults": 0,
  "doubleFaultPct": 0
}