{
  "wins": [],
  "losses": [
    {
      "shotType": "BACKHAND",
      "total": 90,
      "winnerRate": 0.5,
      "adjustedEffectiveness": 0.09447004608294929
    },
    {
      "shotType": "BACKHAND_SLICE",
      "total": 17,
      "winnerRate": 0.17647058823529413,
      "adjustedEffectiveness": -0.22905936568175658
    },
    {
      "shotType": "FOREHAND",
      "total": 90,
      "winnerRate": 0.37777777777777777,
      "adjustedEffectiveness": -0.027752176139272944
    },
    {
      "shotType": "SERVE",
      "total": 108,
      "winnerRate": 0.48148148148148145,
      "adjustedEffectiveness": 0.07595152756443074
    }
  ]
}