{
  "totalServePoints": 94,
  "firstServeIn": 62,
  "firstServeInPct": 0.6595744680851063,
  "firstServeWon": 38,
  "firstServeWinPct": 0.6129032258064516,
  "secondServeTotal": 32,
  "secondServeWon": 15,
  "secondServeWinPct": 0.46875,
  "aces": 4,
  "acePct": 0.0425531914893617,
  "doubleFaults": 0,
  "doubleFaultPct": 0
}