{
  "winning": [],
  "losing": [
    {
      "sequence": [
        "BACKHAND_LEFT",
        "BACKHAND_LEFT"
      ],
      "total": 21,
      "winnerRate": 0.3333333333333333,
      "uplift": -0.08908045977011497,
      "rankScore": -0.27120745853283373
    }
  ]
}