{
  "totalServePoints": 170,
  "firstServeIn": 103,
  "firstServeInPct": 0.6058823529411764,
  "firstServeWon": 79,
  "firstServeWinPct": 0.7669902912621359,
  "secondServeTotal": 67,
  "secondServeWon": 33,
  "secondServeWinPct": 0.4925373134328358,
  "aces": 20,
  "acePct": 0.11764705882352941,
  "doubleFaults": 0,
  "doubleFaultPct": 0
}