{
  "wins": [
    {
      "shotType": "BACKHAND",
      "total": 47,
      "winnerRate": 0.3191489361702128,
      "adjustedEffectiveness": -0.012689628852208756
    },
    {
      "shotType": "FOREHAND",
      "total": 84,
      "winnerRate": 0.39285714285714285,
      "adjustedEffectiveness": 0.06101857783472131
    },
    {
      "shotType": "FOREHAND_SLICE",
      "total": 19,
      "winnerRate": 0.15789473684210525,
      "adjustedEffectiveness": -0.17394382818031628
    },
    {
      "shotType": "SERVE",
      "total": 112,
      "winnerRate": 0.44642857142857145,
      "adjustedEffectiveness": 0.11459000640614991
    }
  ],
  "losses": []
}