{
  "totalServePoints": 3101,
  "firstServeIn": 1914,
  "firstServeInPct": 0.617220251531764,
  "firstServeWon": 1375,
  "firstServeWinPct": 0.7183908045977011,
  "secondServeTotal": 1187,
  "secondServeWon": 600,
  "secondServeWinPct": 0.5054759898904801,
  "aces": 220,
  "acePct": 0.0709448564979039,
  "doubleFaults": 0,
  "doubleFaultPct": 0
}