{
  "totalServePoints": 1997,
  "firstServeIn": 1313,
  "firstServeInPct": 0.657486229344016,
  "firstServeWon": 933,
  "firstServeWinPct": 0.7105864432597105,
  "secondServeTotal": 684,
  "secondServeWon": 328,
  "secondServeWinPct": 0.47953216374269003,
  "aces": 204,
  "acePct": 0.10215322984476716,
  "doubleFaults": 0,
  "doubleFaultPct": 0
}