{
  "totalServePoints": 469,
  "firstServeIn": 267,
  "firstServeInPct": 0.5692963752665245,
  "firstServeWon": 181,
  "firstServeWinPct": 0.6779026217228464,
  "secondServeTotal": 202,
  "secondServeWon": 108,
  "secondServeWinPct": 0.5346534653465347,
  "aces": 24,
  "acePct": 0.0511727078891258,
  "doubleFaults": 0,
  "doubleFaultPct": 0
}