{
  "totalServePoints": 159,
  "firstServeIn": 99,
  "firstServeInPct": 0.6226415094339622,
  "firstServeWon": 77,
  "firstServeWinPct": 0.7777777777777778,
  "secondServeTotal": 60,
  "secondServeWon": 31,
  "secondServeWinPct": 0.5166666666666667,
  "aces": 11,
  "acePct": 0.06918238993710692,
  "doubleFaults": 0,
  "doubleFaultPct": 0
}