{
  "totalServePoints": 402,
  "firstServeIn": 233,
  "firstServeInPct": 0.5796019900497512,
  "firstServeWon": 152,
  "firstServeWinPct": 0.6523605150214592,
  "secondServeTotal": 169,
  "secondServeWon": 94,
  "secondServeWinPct": 0.5562130177514792,
  "aces": 27,
  "acePct": 0.06716417910447761,
  "doubleFaults": 0,
  "doubleFaultPct": 0
}