{
  "totalServePoints": 122,
  "firstServeIn": 57,
  "firstServeInPct": 0.4672131147540984,
  "firstServeWon": 37,
  "firstServeWinPct": 0.6491228070175439,
  "secondServeTotal": 65,
  "secondServeWon": 29,
  "secondServeWinPct": 0.4461538461538462,
  "aces": 4,
  "acePct": 0.03278688524590164,
  "doubleFaults": 0,
  "doubleFaultPct": 0
}