{
  "wins": [
    {
      "shotType": "BACKHAND",
      "total": 68,
      "winnerRate": 0.3382352941176471,
      "adjustedEffectiveness": -0.006333994271866039
    },
    {
      "shotType": "FOREHAND",
      "total": 90,
      "winnerRate": 0.3111111111111111,
      "adjustedEffectiveness": -0.033458177278402
    },
    {
      "shotType": "SERVE",
      "total": 134,
      "winnerRate": 0.43283582089552236,
      "adjustedEffectiveness": 0.08826653250600924
    }
  ],
  "losses": []
}