{
  "winning": [
    {
      "sequence": [
        "FOREHAND_LEFT",
        "BACKHAND_LEFT"
      ],
      "total": 22,
      "winnerRate": 0.7272727272727273,
      "uplift": 0.3270852858481725,
      "rankScore": 1.011034504425541
    },
    {
      "sequence": [
        "FOREHAND_LEFT",
        "BACKHAND_CENTER"
      ],
      "total": 15,
      "winnerRate": 0.6666666666666666,
      "uplift": 0.2664792252421118,
      "rankScore": 0.7216391195064621
    },
    {
      "sequence": [
        "FOREHAND_RIGHT",
        "FOREHAND_RIGHT"
      ],
      "total": 18,
      "winnerRate": 0.6111111111111112,
      "uplift": 0.21092366968655635,
      "rankScore": 0.6096478179338418
    },
    {
      "sequence": [
        "FOREHAND_RIGHT",
        "FOREHAND_LEFT"
      ],
      "total": 19,
      "winnerRate": 0.42105263157894735,
      "uplift": 0.020865190154392532,
      "rankScore": 0.06143627919831321
    }
  ],
  "losing": [
    {
      "sequence": [
        "T",
        "FOREHAND_SLICE_CENTER"
      ],
      "total": 15,
      "winnerRate": 0.4,
      "uplift": -0.00018744142455479063,
      "rankScore": -0.0005076007874604855
    }
  ]
}