{
  "totalServePoints": 563,
  "firstServeIn": 378,
  "firstServeInPct": 0.6714031971580817,
  "firstServeWon": 261,
  "firstServeWinPct": 0.6904761904761905,
  "secondServeTotal": 185,
  "secondServeWon": 102,
  "secondServeWinPct": 0.5513513513513514,
  "aces": 72,
  "acePct": 0.12788632326820604,
  "doubleFaults": 0,
  "doubleFaultPct": 0
}