{
  "winning": [
    {
      "sequence": [
        "BACKHAND_LEFT",
        "FOREHAND_LEFT"
      ],
      "total": 16,
      "winnerRate": 0.625,
      "uplift": 0.23412052117263843,
      "rankScore": 0.6491199166481572
    }
  ],
  "losing": [
    {
      "sequence": [
        "FOREHAND_LEFT",
        "BACKHAND_LEFT"
      ],
      "total": 21,
      "winnerRate": 0.2857142857142857,
      "uplift": -0.10516519311307587,
      "rankScore": -0.3201777901002763
    }
  ]
}