{
  "totalServePoints": 157,
  "firstServeIn": 90,
  "firstServeInPct": 0.5732484076433121,
  "firstServeWon": 55,
  "firstServeWinPct": 0.6111111111111112,
  "secondServeTotal": 67,
  "secondServeWon": 26,
  "secondServeWinPct": 0.3880597014925373,
  "aces": 6,
  "acePct": 0.03821656050955414,
  "doubleFaults": 0,
  "doubleFaultPct": 0
}