{
  "totalServePoints": 2294,
  "firstServeIn": 1546,
  "firstServeInPct": 0.6739319965126417,
  "firstServeWon": 972,
  "firstServeWinPct": 0.628719275549806,
  "secondServeTotal": 748,
  "secondServeWon": 363,
  "secondServeWinPct": 0.4852941176470588,
  "aces": 44,
  "acePct": 0.01918047079337402,
  "doubleFaults": 0,
  "doubleFaultPct": 0
}