{
  "wins": [
    {
      "shotType": "BACKHAND",
      "total": 19,
      "winnerRate": 0.3684210526315789,
      "adjustedEffectiveness": 0.046581972171808816
    },
    {
      "shotType": "FOREHAND",
      "total": 47,
      "winnerRate": 0.3404255319148936,
      "adjustedEffectiveness": 0.0185864514551235
    },
    {
      "shotType": "SERVE",
      "total": 44,
      "winnerRate": 0.4090909090909091,
      "adjustedEffectiveness": 0.087251828631139
    }
  ],
  "losses": []
}