{
  "totalServePoints": 2603,
  "firstServeIn": 1550,
  "firstServeInPct": 0.5954667691125625,
  "firstServeWon": 1069,
  "firstServeWinPct": 0.6896774193548387,
  "secondServeTotal": 1053,
  "secondServeWon": 518,
  "secondServeWinPct": 0.4919278252611586,
  "aces": 160,
  "acePct": 0.06146753745678064,
  "doubleFaults": 0,
  "doubleFaultPct": 0
}