{
  "winning": [],
  "losing": [
    {
      "sequence": [
        "FOREHAND_RIGHT",
        "FOREHAND_RIGHT"
      ],
      "total": 19,
      "winnerRate": 0.21052631578947367,
      "uplift": -0.1406641604010025,
      "rankScore": -0.4141770368564322
    },
    {
      "sequence": [
        "BACKHAND_CENTER",
        "FOREHAND_RIGHT"
      ],
      "total": 15,
      "winnerRate": 0.3333333333333333,
      "uplift": -0.01785714285714285,
      "rankScore": -0.04835803930539659
    }
  ]
}