{
  "totalServePoints": 54,
  "firstServeIn": 21,
  "firstServeInPct": 0.3888888888888889,
  "firstServeWon": 12,
  "firstServeWinPct": 0.5714285714285714,
  "secondServeTotal": 33,
  "secondServeWon": 23,
  "secondServeWinPct": 0.696969696969697,
  "aces": 1,
  "acePct": 0.018518518518518517,
  "doubleFaults": 0,
  "doubleFaultPct": 0
}