{
  "wins": [],
  "losses": [
    {
      "shotType": "BACKHAND",
      "total": 45,
      "winnerRate": 0.24444444444444444,
      "adjustedEffectiveness": -0.11345029239766083
    },
    {
      "shotType": "FOREHAND",
      "total": 34,
      "winnerRate": 0.3235294117647059,
      "adjustedEffectiveness": -0.03436532507739937
    },
    {
      "shotType": "SERVE",
      "total": 47,
      "winnerRate": 0.5106382978723404,
      "adjustedEffectiveness": 0.15274356103023512
    }
  ]
}