{
  "totalServePoints": 2488,
  "firstServeIn": 1543,
  "firstServeInPct": 0.6201768488745981,
  "firstServeWon": 1111,
  "firstServeWinPct": 0.7200259235255995,
  "secondServeTotal": 945,
  "secondServeWon": 465,
  "secondServeWinPct": 0.49206349206349204,
  "aces": 165,
  "acePct": 0.06631832797427653,
  "doubleFaults": 0,
  "doubleFaultPct": 0
}