{
  "wins": [],
  "losses": [
    {
      "shotType": "BACKHAND",
      "total": 48,
      "winnerRate": 0.2708333333333333,
      "adjustedEffectiveness": -0.09123563218390807
    },
    {
      "shotType": "FOREHAND",
      "total": 48,
      "winnerRate": 0.1875,
      "adjustedEffectiveness": -0.17456896551724138
    },
    {
      "shotType": "SERVE",
      "total": 87,
      "winnerRate": 0.4482758620689655,
      "adjustedEffectiveness": 0.08620689655172414
    }
  ]
}