{
  "totalServePoints": 67,
  "firstServeIn": 34,
  "firstServeInPct": 0.5074626865671642,
  "firstServeWon": 27,
  "firstServeWinPct": 0.7941176470588235,
  "secondServeTotal": 33,
  "secondServeWon": 11,
  "secondServeWinPct": 0.3333333333333333,
  "aces": 2,
  "acePct": 0.029850746268656716,
  "doubleFaults": 0,
  "doubleFaultPct": 0
}