{
  "wins": [],
  "losses": [
    {
      "shotType": "BACKHAND",
      "total": 88,
      "winnerRate": 0.26136363636363635,
      "adjustedEffectiveness": -0.06873345101500444
    },
    {
      "shotType": "FOREHAND",
      "total": 103,
      "winnerRate": 0.3592233009708738,
      "adjustedEffectiveness": 0.029126213592232997
    },
    {
      "shotType": "SERVE",
      "total": 103,
      "winnerRate": 0.36893203883495146,
      "adjustedEffectiveness": 0.03883495145631066
    }
  ]
}