{
  "winning": [
    {
      "sequence": [
        "BACKHAND_LEFT",
        "BACKHAND_LEFT",
        "BACKHAND_LEFT"
      ],
      "total": 18,
      "winnerRate": 0.3888888888888889,
      "uplift": 0.0587918015102481,
      "rankScore": 0.16993016268105818
    },
    {
      "sequence": [
        "BACKHAND_LEFT",
        "BACKHAND_LEFT"
      ],
      "total": 30,
      "winnerRate": 0.36666666666666664,
      "uplift": 0.036569579288025844,
      "rankScore": 0.12438035732292009
    },
    {
      "sequence": [
        "FOREHAND_LEFT",
        "BACKHAND_LEFT"
      ],
      "total": 15,
      "winnerRate": 0.3333333333333333,
      "uplift": 0.003236245954692518,
      "rankScore": 0.008763916508421288
    }
  ],
  "losing": []
}