{
  "totalServePoints": 92,
  "firstServeIn": 58,
  "firstServeInPct": 0.6304347826086957,
  "firstServeWon": 39,
  "firstServeWinPct": 0.6724137931034483,
  "secondServeTotal": 34,
  "secondServeWon": 16,
  "secondServeWinPct": 0.47058823529411764,
  "aces": 1,
  "acePct": 0.010869565217391304,
  "doubleFaults": 0,
  "doubleFaultPct": 0
}