{
  "totalServePoints": 2383,
  "firstServeIn": 1340,
  "firstServeInPct": 0.5623164078892152,
  "firstServeWon": 1044,
  "firstServeWinPct": 0.7791044776119403,
  "secondServeTotal": 1043,
  "secondServeWon": 494,
  "secondServeWinPct": 0.473633748801534,
  "aces": 325,
  "acePct": 0.13638271086865295,
  "doubleFaults": 0,
  "doubleFaultPct": 0
}