{
  "wins": [],
  "losses": [
    {
      "shotType": "BACKHAND",
      "total": 91,
      "winnerRate": 0.2967032967032967,
      "adjustedEffectiveness": -0.04777830864787386
    },
    {
      "shotType": "BACKHAND_SLICE",
      "total": 28,
      "winnerRate": 0.42857142857142855,
      "adjustedEffectiveness": 0.08408982322025799
    },
    {
      "shotType": "FOREHAND",
      "total": 134,
      "winnerRate": 0.34328358208955223,
      "adjustedEffectiveness": -0.0011980232616183306
    },
    {
      "shotType": "SERVE",
      "total": 149,
      "winnerRate": 0.4161073825503356,
      "adjustedEffectiveness": 0.07162577719916502
    }
  ]
}