{
  "wins": [
    {
      "shotType": "BACKHAND",
      "total": 33,
      "winnerRate": 0.42424242424242425,
      "adjustedEffectiveness": 0.02840909090909094
    },
    {
      "shotType": "FOREHAND",
      "total": 49,
      "winnerRate": 0.40816326530612246,
      "adjustedEffectiveness": 0.012329931972789143
    },
    {
      "shotType": "SERVE",
      "total": 72,
      "winnerRate": 0.5138888888888888,
      "adjustedEffectiveness": 0.11805555555555552
    }
  ],
  "losses": []
}