{
  "winning": [],
  "losing": [
    {
      "sequence": [
        "FOREHAND_RIGHT",
        "FOREHAND_CENTER"
      ],
      "total": 18,
      "winnerRate": 0.2222222222222222,
      "uplift": -0.15357395612172686,
      "rankScore": -0.4438858255226241
    },
    {
      "sequence": [
        "FOREHAND_RIGHT",
        "FOREHAND_RIGHT"
      ],
      "total": 19,
      "winnerRate": 0.2631578947368421,
      "uplift": -0.11263828360710698,
      "rankScore": -0.33165655279917006
    }
  ]
}