{
  "wins": [],
  "losses": [
    {
      "shotType": "BACKHAND",
      "total": 45,
      "winnerRate": 0.4888888888888889,
      "adjustedEffectiveness": 0.061111111111111116
    },
    {
      "shotType": "FOREHAND",
      "total": 69,
      "winnerRate": 0.463768115942029,
      "adjustedEffectiveness": 0.035990338164251234
    },
    {
      "shotType": "SERVE",
      "total": 90,
      "winnerRate": 0.4888888888888889,
      "adjustedEffectiveness": 0.061111111111111116
    }
  ]
}