{
  "winning": [],
  "losing": [
    {
      "sequence": [
        "BACKHAND_CENTER",
        "FOREHAND_RIGHT"
      ],
      "total": 16,
      "winnerRate": 0.3125,
      "uplift": -0.11527777777777776,
      "rankScore": -0.31961786659153024
    }
  ]
}