{
  "winning": [
    {
      "sequence": [
        "FOREHAND_RIGHT",
        "FOREHAND_RIGHT"
      ],
      "total": 28,
      "winnerRate": 0.42857142857142855,
      "uplift": 0.034698343232260065,
      "rankScore": 0.11562197581414425
    }
  ],
  "losing": []
}