{
  "totalServePoints": 241,
  "firstServeIn": 159,
  "firstServeInPct": 0.6597510373443983,
  "firstServeWon": 118,
  "firstServeWinPct": 0.7421383647798742,
  "secondServeTotal": 82,
  "secondServeWon": 36,
  "secondServeWinPct": 0.43902439024390244,
  "aces": 15,
  "acePct": 0.06224066390041494,
  "doubleFaults": 0,
  "doubleFaultPct": 0
}