{
  "wins": [],
  "losses": [
    {
      "shotType": "BACKHAND",
      "total": 48,
      "winnerRate": 0.25,
      "adjustedEffectiveness": -0.0864485981308411
    },
    {
      "shotType": "BACKHAND_SLICE",
      "total": 28,
      "winnerRate": 0.17857142857142858,
      "adjustedEffectiveness": -0.15787716955941253
    },
    {
      "shotType": "FOREHAND",
      "total": 90,
      "winnerRate": 0.2777777777777778,
      "adjustedEffectiveness": -0.05867082035306331
    },
    {
      "shotType": "SERVE",
      "total": 107,
      "winnerRate": 0.4672897196261682,
      "adjustedEffectiveness": 0.13084112149532712
    }
  ]
}