{
  "totalServePoints": 101,
  "firstServeIn": 58,
  "firstServeInPct": 0.5742574257425742,
  "firstServeWon": 45,
  "firstServeWinPct": 0.7758620689655172,
  "secondServeTotal": 43,
  "secondServeWon": 26,
  "secondServeWinPct": 0.6046511627906976,
  "aces": 6,
  "acePct": 0.0594059405940594,
  "doubleFaults": 0,
  "doubleFaultPct": 0
}