{
  "totalServePoints": 75,
  "firstServeIn": 38,
  "firstServeInPct": 0.5066666666666667,
  "firstServeWon": 17,
  "firstServeWinPct": 0.4473684210526316,
  "secondServeTotal": 37,
  "secondServeWon": 17,
  "secondServeWinPct": 0.4594594594594595,
  "aces": 4,
  "acePct": 0.05333333333333334,
  "doubleFaults": 0,
  "doubleFaultPct": 0
}