{
  "totalServePoints": 348,
  "firstServeIn": 225,
  "firstServeInPct": 0.646551724137931,
  "firstServeWon": 162,
  "firstServeWinPct": 0.72,
  "secondServeTotal": 123,
  "secondServeWon": 56,
  "secondServeWinPct": 0.45528455284552843,
  "aces": 38,
  "acePct": 0.10919540229885058,
  "doubleFaults": 0,
  "doubleFaultPct": 0
}