{
  "winning": [
    {
      "sequence": [
        "FOREHAND_RIGHT",
        "FOREHAND_RIGHT"
      ],
      "total": 18,
      "winnerRate": 0.4444444444444444,
      "uplift": 0.03550973654066436,
      "rankScore": 0.10263633962746972
    }
  ],
  "losing": [
    {
      "sequence": [
        "FOREHAND_LEFT",
        "BACKHAND_LEFT"
      ],
      "total": 15,
      "winnerRate": 0.2,
      "uplift": -0.20893470790378005,
      "rankScore": -0.565805677756063
    },
    {
      "sequence": [
        "FOREHAND_LEFT",
        "BACKHAND_CENTER"
      ],
      "total": 16,
      "winnerRate": 0.375,
      "uplift": -0.03393470790378006,
      "rankScore": -0.09408698842652176
    }
  ]
}