{
  "totalServePoints": 154,
  "firstServeIn": 94,
  "firstServeInPct": 0.6103896103896104,
  "firstServeWon": 63,
  "firstServeWinPct": 0.6702127659574468,
  "secondServeTotal": 60,
  "secondServeWon": 28,
  "secondServeWinPct": 0.4666666666666667,
  "aces": 10,
  "acePct": 0.06493506493506493,
  "doubleFaults": 0,
  "doubleFaultPct": 0
}