{
  "winning": [
    {
      "sequence": [
        "FOREHAND_CENTER",
        "BACKHAND_CENTER"
      ],
      "total": 16,
      "winnerRate": 0.5625,
      "uplift": 0.18044019933554817,
      "rankScore": 0.5002864617164389
    },
    {
      "sequence": [
        "BACKHAND_LEFT",
        "BACKHAND_LEFT"
      ],
      "total": 17,
      "winnerRate": 0.4117647058823529,
      "uplift": 0.02970490521790109,
      "rankScore": 0.08416033384728248
    },
    {
      "sequence": [
        "FOREHAND_CENTER",
        "FOREHAND_CENTER"
      ],
      "total": 25,
      "winnerRate": 0.4,
      "uplift": 0.01794019933554819,
      "rankScore": 0.05774727393451262
    }
  ],
  "losing": [
    {
      "sequence": [
        "BACKHAND_CENTER",
        "FOREHAND_LEFT"
      ],
      "total": 15,
      "winnerRate": 0.3333333333333333,
      "uplift": -0.04872646733111852,
      "rankScore": -0.13195371965503577
    }
  ]
}