{
  "totalServePoints": 170,
  "firstServeIn": 96,
  "firstServeInPct": 0.5647058823529412,
  "firstServeWon": 61,
  "firstServeWinPct": 0.6354166666666666,
  "secondServeTotal": 74,
  "secondServeWon": 40,
  "secondServeWinPct": 0.5405405405405406,
  "aces": 4,
  "acePct": 0.023529411764705882,
  "doubleFaults": 0,
  "doubleFaultPct": 0
}