{
  "wins": [
    {
      "shotType": "BACKHAND",
      "total": 27,
      "winnerRate": 0.3333333333333333,
      "adjustedEffectiveness": -0.14227642276422764
    },
    {
      "shotType": "FOREHAND",
      "total": 29,
      "winnerRate": 0.3448275862068966,
      "adjustedEffectiveness": -0.13078216989066438
    },
    {
      "shotType": "SERVE",
      "total": 41,
      "winnerRate": 0.5853658536585366,
      "adjustedEffectiveness": 0.1097560975609756
    }
  ],
  "losses": []
}