{
  "winning": [
    {
      "sequence": [
        "FOREHAND_LEFT_DEEP",
        "BACKHAND_LEFT_DEEP"
      ],
      "total": 15,
      "winnerRate": 0.5333333333333333,
      "uplift": 0.1571150097465887,
      "rankScore": 0.42547533374042523
    },
    {
      "sequence": [
        "BACKHAND_LEFT_DEEP",
        "BACKHAND_LEFT_DEEP"
      ],
      "total": 15,
      "winnerRate": 0.4,
      "uplift": 0.023781676413255404,
      "rankScore": 0.06440197359346399
    }
  ],
  "losing": []
}