{
  "totalServePoints": 267,
  "firstServeIn": 173,
  "firstServeInPct": 0.6479400749063671,
  "firstServeWon": 130,
  "firstServeWinPct": 0.7514450867052023,
  "secondServeTotal": 94,
  "secondServeWon": 50,
  "secondServeWinPct": 0.5319148936170213,
  "aces": 24,
  "acePct": 0.0898876404494382,
  "doubleFaults": 0,
  "doubleFaultPct": 0
}