{
  "totalServePoints": 2067,
  "firstServeIn": 1180,
  "firstServeInPct": 0.5708756652152879,
  "firstServeWon": 878,
  "firstServeWinPct": 0.7440677966101695,
  "secondServeTotal": 887,
  "secondServeWon": 430,
  "secondServeWinPct": 0.48478015783540024,
  "aces": 232,
  "acePct": 0.11223996129656506,
  "doubleFaults": 0,
  "doubleFaultPct": 0
}