{
  "wins": [],
  "losses": [
    {
      "shotType": "BACKHAND",
      "total": 29,
      "winnerRate": 0.4827586206896552,
      "adjustedEffectiveness": 0.019343986543313707
    },
    {
      "shotType": "FOREHAND",
      "total": 40,
      "winnerRate": 0.45,
      "adjustedEffectiveness": -0.013414634146341475
    },
    {
      "shotType": "SERVE",
      "total": 41,
      "winnerRate": 0.43902439024390244,
      "adjustedEffectiveness": -0.024390243902439046
    }
  ]
}