{
  "totalServePoints": 3798,
  "firstServeIn": 2373,
  "firstServeInPct": 0.6248025276461295,
  "firstServeWon": 1692,
  "firstServeWinPct": 0.7130214917825537,
  "secondServeTotal": 1425,
  "secondServeWon": 740,
  "secondServeWinPct": 0.519298245614035,
  "aces": 258,
  "acePct": 0.0679304897314376,
  "doubleFaults": 0,
  "doubleFaultPct": 0
}