{
  "totalServePoints": 640,
  "firstServeIn": 395,
  "firstServeInPct": 0.6171875,
  "firstServeWon": 310,
  "firstServeWinPct": 0.7848101265822784,
  "secondServeTotal": 245,
  "secondServeWon": 135,
  "secondServeWinPct": 0.5510204081632653,
  "aces": 107,
  "acePct": 0.1671875,
  "doubleFaults": 0,
  "doubleFaultPct": 0
}