{
  "totalServePoints": 1325,
  "firstServeIn": 792,
  "firstServeInPct": 0.5977358490566038,
  "firstServeWon": 609,
  "firstServeWinPct": 0.7689393939393939,
  "secondServeTotal": 533,
  "secondServeWon": 254,
  "secondServeWinPct": 0.47654784240150094,
  "aces": 161,
  "acePct": 0.12150943396226416,
  "doubleFaults": 0,
  "doubleFaultPct": 0
}