{
  "totalServePoints": 1017,
  "firstServeIn": 653,
  "firstServeInPct": 0.6420845624385447,
  "firstServeWon": 455,
  "firstServeWinPct": 0.6967840735068913,
  "secondServeTotal": 364,
  "secondServeWon": 191,
  "secondServeWinPct": 0.5247252747252747,
  "aces": 57,
  "acePct": 0.05604719764011799,
  "doubleFaults": 0,
  "doubleFaultPct": 0
}