{
  "wins": [],
  "losses": [
    {
      "shotType": "BACKHAND",
      "total": 40,
      "winnerRate": 0.3,
      "adjustedEffectiveness": -0.12592592592592594
    },
    {
      "shotType": "FOREHAND",
      "total": 43,
      "winnerRate": 0.5813953488372093,
      "adjustedEffectiveness": 0.1554694229112834
    },
    {
      "shotType": "SERVE",
      "total": 54,
      "winnerRate": 0.5555555555555556,
      "adjustedEffectiveness": 0.12962962962962965
    }
  ]
}