{
  "totalServePoints": 54,
  "firstServeIn": 26,
  "firstServeInPct": 0.48148148148148145,
  "firstServeWon": 17,
  "firstServeWinPct": 0.6538461538461539,
  "secondServeTotal": 28,
  "secondServeWon": 15,
  "secondServeWinPct": 0.5357142857142857,
  "aces": 3,
  "acePct": 0.05555555555555555,
  "doubleFaults": 0,
  "doubleFaultPct": 0
}