{
  "wins": [
    {
      "shotType": "BACKHAND",
      "total": 22,
      "winnerRate": 0.045454545454545456,
      "adjustedEffectiveness": -0.34914004914004915
    },
    {
      "shotType": "FOREHAND",
      "total": 20,
      "winnerRate": 0.5,
      "adjustedEffectiveness": 0.10540540540540538
    },
    {
      "shotType": "FOREHAND_SLICE",
      "total": 21,
      "winnerRate": 0.2857142857142857,
      "adjustedEffectiveness": -0.10888030888030892
    },
    {
      "shotType": "SERVE",
      "total": 93,
      "winnerRate": 0.4946236559139785,
      "adjustedEffectiveness": 0.10002906131938388
    }
  ],
  "losses": []
}