{
  "totalServePoints": 4115,
  "firstServeIn": 2582,
  "firstServeInPct": 0.627460510328068,
  "firstServeWon": 1859,
  "firstServeWinPct": 0.71998450813323,
  "secondServeTotal": 1533,
  "secondServeWon": 731,
  "secondServeWinPct": 0.47684279191128504,
  "aces": 366,
  "acePct": 0.08894289185905224,
  "doubleFaults": 0,
  "doubleFaultPct": 0
}