{
  "totalServePoints": 1467,
  "firstServeIn": 825,
  "firstServeInPct": 0.5623721881390593,
  "firstServeWon": 571,
  "firstServeWinPct": 0.6921212121212121,
  "secondServeTotal": 642,
  "secondServeWon": 283,
  "secondServeWinPct": 0.440809968847352,
  "aces": 78,
  "acePct": 0.053169734151329244,
  "doubleFaults": 0,
  "doubleFaultPct": 0
}