{
  "winning": [
    {
      "sequence": [
        "WIDE",
        "BACKHAND_CENTER_DEEP"
      ],
      "total": 17,
      "winnerRate": 0.5294117647058824,
      "uplift": 0.16482843137254904,
      "rankScore": 0.4669941112445602
    }
  ],
  "losing": []
}