{
  "totalServePoints": 154,
  "firstServeIn": 108,
  "firstServeInPct": 0.7012987012987013,
  "firstServeWon": 78,
  "firstServeWinPct": 0.7222222222222222,
  "secondServeTotal": 46,
  "secondServeWon": 18,
  "secondServeWinPct": 0.391304347826087,
  "aces": 17,
  "acePct": 0.11038961038961038,
  "doubleFaults": 0,
  "doubleFaultPct": 0
}