{
  "wins": [],
  "losses": [
    {
      "shotType": "BACKHAND",
      "total": 40,
      "winnerRate": 0.275,
      "adjustedEffectiveness": -0.07405660377358486
    },
    {
      "shotType": "FOREHAND",
      "total": 26,
      "winnerRate": 0.5384615384615384,
      "adjustedEffectiveness": 0.18940493468795355
    },
    {
      "shotType": "SERVE",
      "total": 53,
      "winnerRate": 0.4528301886792453,
      "adjustedEffectiveness": 0.10377358490566041
    }
  ]
}