{
  "totalServePoints": 56,
  "firstServeIn": 23,
  "firstServeInPct": 0.4107142857142857,
  "firstServeWon": 15,
  "firstServeWinPct": 0.6521739130434783,
  "secondServeTotal": 33,
  "secondServeWon": 17,
  "secondServeWinPct": 0.5151515151515151,
  "aces": 1,
  "acePct": 0.017857142857142856,
  "doubleFaults": 0,
  "doubleFaultPct": 0
}