{
  "totalServePoints": 1333,
  "firstServeIn": 837,
  "firstServeInPct": 0.627906976744186,
  "firstServeWon": 571,
  "firstServeWinPct": 0.6821983273596177,
  "secondServeTotal": 496,
  "secondServeWon": 212,
  "secondServeWinPct": 0.4274193548387097,
  "aces": 80,
  "acePct": 0.06001500375093773,
  "doubleFaults": 0,
  "doubleFaultPct": 0
}