{
  "totalServePoints": 164,
  "firstServeIn": 119,
  "firstServeInPct": 0.725609756097561,
  "firstServeWon": 83,
  "firstServeWinPct": 0.6974789915966386,
  "secondServeTotal": 45,
  "secondServeWon": 22,
  "secondServeWinPct": 0.4888888888888889,
  "aces": 14,
  "acePct": 0.08536585365853659,
  "doubleFaults": 0,
  "doubleFaultPct": 0
}