{
  "totalServePoints": 16497,
  "firstServeIn": 10753,
  "firstServeInPct": 0.6518154816027156,
  "firstServeWon": 7739,
  "firstServeWinPct": 0.7197061285222729,
  "secondServeTotal": 5744,
  "secondServeWon": 3211,
  "secondServeWinPct": 0.5590181058495822,
  "aces": 902,
  "acePct": 0.05467660786809723,
  "doubleFaults": 0,
  "doubleFaultPct": 0
}