{
  "totalServePoints": 1212,
  "firstServeIn": 832,
  "firstServeInPct": 0.6864686468646864,
  "firstServeWon": 598,
  "firstServeWinPct": 0.71875,
  "secondServeTotal": 380,
  "secondServeWon": 194,
  "secondServeWinPct": 0.5105263157894737,
  "aces": 155,
  "acePct": 0.12788778877887788,
  "doubleFaults": 0,
  "doubleFaultPct": 0
}