{
  "wins": [
    {
      "shotType": "BACKHAND",
      "total": 35,
      "winnerRate": 0.2571428571428571,
      "adjustedEffectiveness": -0.13109243697478995
    },
    {
      "shotType": "FOREHAND",
      "total": 56,
      "winnerRate": 0.26785714285714285,
      "adjustedEffectiveness": -0.12037815126050422
    },
    {
      "shotType": "SERVE",
      "total": 43,
      "winnerRate": 0.46511627906976744,
      "adjustedEffectiveness": 0.07688098495212037
    }
  ],
  "losses": []
}