{
  "totalServePoints": 376,
  "firstServeIn": 234,
  "firstServeInPct": 0.6223404255319149,
  "firstServeWon": 174,
  "firstServeWinPct": 0.7435897435897436,
  "secondServeTotal": 142,
  "secondServeWon": 83,
  "secondServeWinPct": 0.5845070422535211,
  "aces": 26,
  "acePct": 0.06914893617021277,
  "doubleFaults": 0,
  "doubleFaultPct": 0
}