{
  "totalServePoints": 317,
  "firstServeIn": 212,
  "firstServeInPct": 0.668769716088328,
  "firstServeWon": 151,
  "firstServeWinPct": 0.7122641509433962,
  "secondServeTotal": 105,
  "secondServeWon": 52,
  "secondServeWinPct": 0.49523809523809526,
  "aces": 26,
  "acePct": 0.08201892744479496,
  "doubleFaults": 0,
  "doubleFaultPct": 0
}