{
  "totalServePoints": 6360,
  "firstServeIn": 4116,
  "firstServeInPct": 0.6471698113207547,
  "firstServeWon": 2949,
  "firstServeWinPct": 0.7164723032069971,
  "secondServeTotal": 2244,
  "secondServeWon": 1153,
  "secondServeWinPct": 0.5138146167557932,
  "aces": 590,
  "acePct": 0.09276729559748427,
  "doubleFaults": 0,
  "doubleFaultPct": 0
}