{
  "totalServePoints": 548,
  "firstServeIn": 329,
  "firstServeInPct": 0.6003649635036497,
  "firstServeWon": 270,
  "firstServeWinPct": 0.8206686930091185,
  "secondServeTotal": 219,
  "secondServeWon": 101,
  "secondServeWinPct": 0.4611872146118721,
  "aces": 99,
  "acePct": 0.18065693430656934,
  "doubleFaults": 0,
  "doubleFaultPct": 0
}