{
  "totalServePoints": 516,
  "firstServeIn": 322,
  "firstServeInPct": 0.624031007751938,
  "firstServeWon": 221,
  "firstServeWinPct": 0.6863354037267081,
  "secondServeTotal": 194,
  "secondServeWon": 108,
  "secondServeWinPct": 0.5567010309278351,
  "aces": 28,
  "acePct": 0.05426356589147287,
  "doubleFaults": 0,
  "doubleFaultPct": 0
}