{
  "totalServePoints": 1251,
  "firstServeIn": 810,
  "firstServeInPct": 0.6474820143884892,
  "firstServeWon": 544,
  "firstServeWinPct": 0.671604938271605,
  "secondServeTotal": 441,
  "secondServeWon": 221,
  "secondServeWinPct": 0.5011337868480725,
  "aces": 60,
  "acePct": 0.047961630695443645,
  "doubleFaults": 0,
  "doubleFaultPct": 0
}