{
  "totalServePoints": 684,
  "firstServeIn": 394,
  "firstServeInPct": 0.5760233918128655,
  "firstServeWon": 266,
  "firstServeWinPct": 0.6751269035532995,
  "secondServeTotal": 290,
  "secondServeWon": 134,
  "secondServeWinPct": 0.46206896551724136,
  "aces": 43,
  "acePct": 0.06286549707602339,
  "doubleFaults": 0,
  "doubleFaultPct": 0
}