{
  "winning": [
    {
      "sequence": [
        "FOREHAND_RIGHT",
        "FOREHAND_RIGHT"
      ],
      "total": 34,
      "winnerRate": 0.6176470588235294,
      "uplift": 0.2514800352689256,
      "rankScore": 0.8868092691014192
    },
    {
      "sequence": [
        "FOREHAND_CENTER",
        "FOREHAND_RIGHT"
      ],
      "total": 18,
      "winnerRate": 0.6111111111111112,
      "uplift": 0.24494408755650732,
      "rankScore": 0.707979472936974
    },
    {
      "sequence": [
        "BACKHAND_LEFT",
        "BACKHAND_LEFT"
      ],
      "total": 20,
      "winnerRate": 0.5,
      "uplift": 0.13383297644539616,
      "rankScore": 0.4009277668032643
    },
    {
      "sequence": [
        "FOREHAND_LEFT",
        "BACKHAND_LEFT"
      ],
      "total": 16,
      "winnerRate": 0.4375,
      "uplift": 0.07133297644539616,
      "rankScore": 0.19777700601630133
    }
  ],
  "losing": [
    {
      "sequence": [
        "FOREHAND_RIGHT",
        "FOREHAND_CENTER"
      ],
      "total": 25,
      "winnerRate": 0.36,
      "uplift": -0.0061670235546038565,
      "rankScore": -0.01985088303130711
    }
  ]
}