{
  "totalServePoints": 7111,
  "firstServeIn": 4040,
  "firstServeInPct": 0.5681338770918296,
  "firstServeWon": 3032,
  "firstServeWinPct": 0.7504950495049505,
  "secondServeTotal": 3071,
  "secondServeWon": 1489,
  "secondServeWinPct": 0.4848583523282318,
  "aces": 818,
  "acePct": 0.1150330473913655,
  "doubleFaults": 0,
  "doubleFaultPct": 0
}