{
  "winning": [
    {
      "sequence": [
        "BACKHAND_LEFT",
        "BACKHAND_LEFT"
      ],
      "total": 17,
      "winnerRate": 0.47058823529411764,
      "uplift": 0.07996323529411764,
      "rankScore": 0.22655290526920108
    }
  ],
  "losing": []
}