{
  "winning": [
    {
      "sequence": [
        "BACKHAND_LEFT",
        "BACKHAND_LEFT"
      ],
      "total": 16,
      "winnerRate": 0.5625,
      "uplift": 0.21467391304347827,
      "rankScore": 0.5952024702634313
    }
  ],
  "losing": []
}