{
  "totalServePoints": 2291,
  "firstServeIn": 1515,
  "firstServeInPct": 0.6612832824094282,
  "firstServeWon": 1087,
  "firstServeWinPct": 0.7174917491749175,
  "secondServeTotal": 776,
  "secondServeWon": 391,
  "secondServeWinPct": 0.5038659793814433,
  "aces": 161,
  "acePct": 0.07027498908773461,
  "doubleFaults": 0,
  "doubleFaultPct": 0
}