{
  "totalServePoints": 63,
  "firstServeIn": 42,
  "firstServeInPct": 0.6666666666666666,
  "firstServeWon": 29,
  "firstServeWinPct": 0.6904761904761905,
  "secondServeTotal": 21,
  "secondServeWon": 7,
  "secondServeWinPct": 0.3333333333333333,
  "aces": 4,
  "acePct": 0.06349206349206349,
  "doubleFaults": 0,
  "doubleFaultPct": 0
}