{
  "wins": [],
  "losses": [
    {
      "shotType": "BACKHAND",
      "total": 83,
      "winnerRate": 0.3493975903614458,
      "adjustedEffectiveness": -0.02774526678141137
    },
    {
      "shotType": "BACKHAND_SLICE",
      "total": 42,
      "winnerRate": 0.21428571428571427,
      "adjustedEffectiveness": -0.1628571428571429
    },
    {
      "shotType": "FOREHAND",
      "total": 148,
      "winnerRate": 0.28378378378378377,
      "adjustedEffectiveness": -0.0933590733590734
    },
    {
      "shotType": "SERVE",
      "total": 175,
      "winnerRate": 0.4742857142857143,
      "adjustedEffectiveness": 0.09714285714285714
    }
  ]
}