{
  "winning": [],
  "losing": [
    {
      "sequence": [
        "FOREHAND_LEFT",
        "FOREHAND_LEFT"
      ],
      "total": 27,
      "winnerRate": 0.14814814814814814,
      "uplift": -0.22899470899470903,
      "rankScore": -0.7547292040246951
    }
  ]
}