{
  "totalServePoints": 226,
  "firstServeIn": 144,
  "firstServeInPct": 0.6371681415929203,
  "firstServeWon": 98,
  "firstServeWinPct": 0.6805555555555556,
  "secondServeTotal": 82,
  "secondServeWon": 39,
  "secondServeWinPct": 0.47560975609756095,
  "aces": 10,
  "acePct": 0.04424778761061947,
  "doubleFaults": 0,
  "doubleFaultPct": 0
}