{
  "totalServePoints": 978,
  "firstServeIn": 600,
  "firstServeInPct": 0.6134969325153374,
  "firstServeWon": 369,
  "firstServeWinPct": 0.615,
  "secondServeTotal": 378,
  "secondServeWon": 175,
  "secondServeWinPct": 0.46296296296296297,
  "aces": 45,
  "acePct": 0.046012269938650305,
  "doubleFaults": 0,
  "doubleFaultPct": 0
}