{
  "totalServePoints": 106,
  "firstServeIn": 60,
  "firstServeInPct": 0.5660377358490566,
  "firstServeWon": 43,
  "firstServeWinPct": 0.7166666666666667,
  "secondServeTotal": 46,
  "secondServeWon": 26,
  "secondServeWinPct": 0.5652173913043478,
  "aces": 2,
  "acePct": 0.018867924528301886,
  "doubleFaults": 0,
  "doubleFaultPct": 0
}