{
  "totalServePoints": 186,
  "firstServeIn": 115,
  "firstServeInPct": 0.6182795698924731,
  "firstServeWon": 74,
  "firstServeWinPct": 0.6434782608695652,
  "secondServeTotal": 71,
  "secondServeWon": 31,
  "secondServeWinPct": 0.43661971830985913,
  "aces": 19,
  "acePct": 0.10215053763440861,
  "doubleFaults": 0,
  "doubleFaultPct": 0
}