{
  "wins": [],
  "losses": [
    {
      "shotType": "BACKHAND",
      "total": 72,
      "winnerRate": 0.4444444444444444,
      "adjustedEffectiveness": -0.02614379084967322
    },
    {
      "shotType": "FOREHAND",
      "total": 87,
      "winnerRate": 0.5287356321839081,
      "adjustedEffectiveness": 0.058147396889790426
    },
    {
      "shotType": "SERVE",
      "total": 76,
      "winnerRate": 0.6052631578947368,
      "adjustedEffectiveness": 0.1346749226006192
    }
  ]
}