{
  "totalServePoints": 356,
  "firstServeIn": 244,
  "firstServeInPct": 0.6853932584269663,
  "firstServeWon": 149,
  "firstServeWinPct": 0.610655737704918,
  "secondServeTotal": 112,
  "secondServeWon": 54,
  "secondServeWinPct": 0.48214285714285715,
  "aces": 18,
  "acePct": 0.05056179775280899,
  "doubleFaults": 0,
  "doubleFaultPct": 0
}