{
  "wins": [
    {
      "shotType": "BACKHAND",
      "total": 102,
      "winnerRate": 0.38235294117647056,
      "adjustedEffectiveness": -0.01832045949693012
    },
    {
      "shotType": "BACKHAND_SLICE",
      "total": 49,
      "winnerRate": 0.20408163265306123,
      "adjustedEffectiveness": -0.19659176802033945
    },
    {
      "shotType": "FOREHAND",
      "total": 138,
      "winnerRate": 0.37681159420289856,
      "adjustedEffectiveness": -0.023861806470502123
    },
    {
      "shotType": "SERVE",
      "total": 149,
      "winnerRate": 0.5302013422818792,
      "adjustedEffectiveness": 0.12952794160847853
    }
  ],
  "losses": []
}