{
  "winning": [],
  "losing": [
    {
      "sequence": [
        "FOREHAND_CENTER",
        "FOREHAND_CENTER"
      ],
      "total": 20,
      "winnerRate": 0.2,
      "uplift": -0.20067340067340067,
      "rankScore": -0.6011637828411376
    },
    {
      "sequence": [
        "BACKHAND_CENTER",
        "FOREHAND_CENTER"
      ],
      "total": 15,
      "winnerRate": 0.4,
      "uplift": -0.0006734006734006592,
      "rankScore": -0.001823602829025019
    }
  ]
}