{
  "totalServePoints": 1660,
  "firstServeIn": 1038,
  "firstServeInPct": 0.6253012048192771,
  "firstServeWon": 685,
  "firstServeWinPct": 0.6599229287090559,
  "secondServeTotal": 622,
  "secondServeWon": 317,
  "secondServeWinPct": 0.5096463022508039,
  "aces": 83,
  "acePct": 0.05,
  "doubleFaults": 0,
  "doubleFaultPct": 0
}