{
  "totalServePoints": 12758,
  "firstServeIn": 7989,
  "firstServeInPct": 0.6261953284213827,
  "firstServeWon": 6056,
  "firstServeWinPct": 0.7580423081737389,
  "secondServeTotal": 4769,
  "secondServeWon": 2418,
  "secondServeWinPct": 0.5070245334451667,
  "aces": 1264,
  "acePct": 0.0990750901395203,
  "doubleFaults": 0,
  "doubleFaultPct": 0
}