{
  "totalServePoints": 179,
  "firstServeIn": 102,
  "firstServeInPct": 0.5698324022346368,
  "firstServeWon": 63,
  "firstServeWinPct": 0.6176470588235294,
  "secondServeTotal": 77,
  "secondServeWon": 34,
  "secondServeWinPct": 0.44155844155844154,
  "aces": 6,
  "acePct": 0.0335195530726257,
  "doubleFaults": 0,
  "doubleFaultPct": 0
}